Edge Case ID,Source Document,Worksheet,Functional Module,Requirement Reference,Scenario Title / Trigger,Required Behaviour & Safety Rule,English Message,Nepali Message,Implementation Code Files,Acceptance Test File,Specific Test Name / Assertion,Verification Evidence (Commit: 4bac6fa),Status,Human Approval Gate
EC-0001,Kashyap_Adhikari_Edge_Case_Exception_Negative_Test_Traceability_Catalogue_v1.0.xlsx,Edge Case Catalogue,Installation & Compatibility,FR-PLATFORM,Unsupported OS version,Block installation/use and show minimum supported version; do not attempt an unsafe partial start.,This action cannot be completed. Review the information and try again.,यो कार्य पूरा गर्न सकिएन। जानकारी जाँच गरी पुनः प्रयास गर्नुहोस्।,services/api/src/,services/api/test/,Acceptance test for EC-0001: Unsupported OS version,Contract and error catalogue mapped; integration test scheduled,PLANNED,None
EC-0002,Kashyap_Adhikari_Edge_Case_Exception_Negative_Test_Traceability_Catalogue_v1.0.xlsx,Edge Case Catalogue,Installation & Compatibility,FR-PLATFORM,Required permission denied,Continue only with features that do not need the permission; explain impact and provide settings route.,We could not complete the request safely. No unauthorized change was made.,अनुरोध सुरक्षित रूपमा पूरा गर्न सकिएन। कुनै अनधिकृत परिवर्तन गरिएको छैन।,services/api/src/,services/api/test/,Acceptance test for EC-0002: Required permission denied,Contract and error catalogue mapped; integration test scheduled,PLANNED,None
EC-0003,Kashyap_Adhikari_Edge_Case_Exception_Negative_Test_Traceability_Catalogue_v1.0.xlsx,Edge Case Catalogue,Installation & Compatibility,FR-PLATFORM,Optional permission denied,Keep core application usable and request permission only at point of need.,We could not complete the request safely. No unauthorized change was made.,अनुरोध सुरक्षित रूपमा पूरा गर्न सकिएन। कुनै अनधिकृत परिवर्तन गरिएको छैन।,services/api/src/,services/api/test/,Acceptance test for EC-0003: Optional permission denied,Contract and error catalogue mapped; integration test scheduled,PLANNED,None
EC-0004,Kashyap_Adhikari_Edge_Case_Exception_Negative_Test_Traceability_Catalogue_v1.0.xlsx,Edge Case Catalogue,Installation & Compatibility,FR-PLATFORM,App update available,Allow normal use for compatible optional update; show non-blocking release information.,This action cannot be completed. Review the information and try again.,यो कार्य पूरा गर्न सकिएन। जानकारी जाँच गरी पुनः प्रयास गर्नुहोस्।,services/api/src/,services/api/test/,Acceptance test for EC-0004: App update available,Contract and error catalogue mapped; integration test scheduled,PLANNED,None
EC-0005,Kashyap_Adhikari_Edge_Case_Exception_Negative_Test_Traceability_Catalogue_v1.0.xlsx,Edge Case Catalogue,Installation & Compatibility,FR-PLATFORM,Minimum supported version retired,Require upgrade before authenticated use; preserve unsent local drafts where safe.,We could not complete the request safely. No unauthorized change was made.,अनुरोध सुरक्षित रूपमा पूरा गर्न सकिएन। कुनै अनधिकृत परिवर्तन गरिएको छैन।,services/api/src/,services/api/test/,Acceptance test for EC-0005: Minimum supported version retired,Contract and error catalogue mapped; integration test scheduled,PLANNED,None
EC-0006,Kashyap_Adhikari_Edge_Case_Exception_Negative_Test_Traceability_Catalogue_v1.0.xlsx,Edge Case Catalogue,Installation & Compatibility,FR-PLATFORM,Corrupted local cache after upgrade,"Discard rebuildable cache, retain protected drafts, resynchronize from server and report diagnostics.",We could not complete the request safely. No unauthorized change was made.,अनुरोध सुरक्षित रूपमा पूरा गर्न सकिएन। कुनै अनधिकृत परिवर्तन गरिएको छैन।,services/api/src/,services/api/test/,Acceptance test for EC-0006: Corrupted local cache after upgrade,Contract and error catalogue mapped; integration test scheduled,PLANNED,None
EC-0007,Kashyap_Adhikari_Edge_Case_Exception_Negative_Test_Traceability_Catalogue_v1.0.xlsx,Edge Case Catalogue,Installation & Compatibility,FR-PLATFORM,Device clock incorrect,Use server time for security and authoritative timestamps; warn when calendar display may be unreliable.,We could not complete the request safely. No unauthorized change was made.,अनुरोध सुरक्षित रूपमा पूरा गर्न सकिएन। कुनै अनधिकृत परिवर्तन गरिएको छैन।,services/api/src/,services/api/test/,Acceptance test for EC-0007: Device clock incorrect,Contract and error catalogue mapped; integration test scheduled,PLANNED,None
EC-0008,Kashyap_Adhikari_Edge_Case_Exception_Negative_Test_Traceability_Catalogue_v1.0.xlsx,Edge Case Catalogue,Installation & Compatibility,FR-PLATFORM,Device storage exhausted,"Stop download/upload safely, retain server state, identify storage problem and permit retry.",We could not complete the request safely. No unauthorized change was made.,अनुरोध सुरक्षित रूपमा पूरा गर्न सकिएन। कुनै अनधिकृत परिवर्तन गरिएको छैन।,services/api/src/,services/api/test/,Acceptance test for EC-0008: Device storage exhausted,Contract and error catalogue mapped; integration test scheduled,PLANNED,None
EC-0009,Kashyap_Adhikari_Edge_Case_Exception_Negative_Test_Traceability_Catalogue_v1.0.xlsx,Edge Case Catalogue,Installation & Compatibility,FR-PLATFORM,Rooted or compromised device detected,"Apply risk policy, protect secrets and privileged actions, and log a security signal without exposing detection logic.",We could not complete the request safely. No unauthorized change was made.,अनुरोध सुरक्षित रूपमा पूरा गर्न सकिएन। कुनै अनधिकृत परिवर्तन गरिएको छैन।,services/api/src/,services/api/test/,Acceptance test for EC-0009: Rooted or compromised device detected,Contract and error catalogue mapped; integration test scheduled,PLANNED,None
EC-0010,Kashyap_Adhikari_Edge_Case_Exception_Negative_Test_Traceability_Catalogue_v1.0.xlsx,Edge Case Catalogue,Installation & Compatibility,FR-PLATFORM,Deep link opened before authentication,"Preserve validated destination, authenticate, then authorize destination; never reveal content before access check.",We could not complete the request safely. No unauthorized change was made.,अनुरोध सुरक्षित रूपमा पूरा गर्न सकिएन। कुनै अनधिकृत परिवर्तन गरिएको छैन।,services/api/src/,services/api/test/,Acceptance test for EC-0010: Deep link opened before authentication,Contract and error catalogue mapped; integration test scheduled,PLANNED,None
EC-0011,Kashyap_Adhikari_Edge_Case_Exception_Negative_Test_Traceability_Catalogue_v1.0.xlsx,Edge Case Catalogue,"Registration, OTP & Sessions",FR-AUTH,Invalid phone format,Reject locally and server-side using normalized Nepal/international format; create no account.,This action cannot be completed. Review the information and try again.,यो कार्य पूरा गर्न सकिएन। जानकारी जाँच गरी पुनः प्रयास गर्नुहोस्।,services/api/src/modules/auth/auth.service.ts,services/api/test/auth.service.spec.ts,Auth OTP Expiry & Lockout Guards,"PASS: Throws OTP_EXPIRED, OTP_MAX_ATTEMPTS_EXCEEDED, OTP_RESEND_COOLDOWN",VERIFIED,HG-007 (SMS Provider)
EC-0012,Kashyap_Adhikari_Edge_Case_Exception_Negative_Test_Traceability_Catalogue_v1.0.xlsx,Edge Case Catalogue,"Registration, OTP & Sessions",FR-AUTH,OTP requested repeatedly,"Rate-limit by phone, device, network and risk; return generic cooldown without confirming account existence.",We could not complete the request safely. No unauthorized change was made.,अनुरोध सुरक्षित रूपमा पूरा गर्न सकिएन। कुनै अनधिकृत परिवर्तन गरिएको छैन।,services/api/src/modules/auth/auth.service.ts,services/api/test/auth.service.spec.ts,Auth OTP Expiry & Lockout Guards,"PASS: Throws OTP_EXPIRED, OTP_MAX_ATTEMPTS_EXCEEDED, OTP_RESEND_COOLDOWN",VERIFIED,HG-007 (SMS Provider)
EC-0013,Kashyap_Adhikari_Edge_Case_Exception_Negative_Test_Traceability_Catalogue_v1.0.xlsx,Edge Case Catalogue,"Registration, OTP & Sessions",FR-AUTH,Older OTP entered after newer OTP,Reject older code even if within original expiry; only newest challenge is valid.,This action cannot be completed. Review the information and try again.,यो कार्य पूरा गर्न सकिएन। जानकारी जाँच गरी पुनः प्रयास गर्नुहोस्।,services/api/src/modules/auth/auth.service.ts,services/api/test/auth.service.spec.ts,Auth OTP Expiry & Lockout Guards,"PASS: Throws OTP_EXPIRED, OTP_MAX_ATTEMPTS_EXCEEDED, OTP_RESEND_COOLDOWN",VERIFIED,HG-007 (SMS Provider)
EC-0014,Kashyap_Adhikari_Edge_Case_Exception_Negative_Test_Traceability_Catalogue_v1.0.xlsx,Edge Case Catalogue,"Registration, OTP & Sessions",FR-AUTH,OTP arrives after expiry,Reject and offer a new challenge after cooldown; never extend expiry client-side.,This action cannot be completed. Review the information and try again.,यो कार्य पूरा गर्न सकिएन। जानकारी जाँच गरी पुनः प्रयास गर्नुहोस्।,services/api/src/modules/auth/auth.service.ts,services/api/test/auth.service.spec.ts,Auth OTP Expiry & Lockout Guards,"PASS: Throws OTP_EXPIRED, OTP_MAX_ATTEMPTS_EXCEEDED, OTP_RESEND_COOLDOWN",VERIFIED,HG-007 (SMS Provider)
EC-0015,Kashyap_Adhikari_Edge_Case_Exception_Negative_Test_Traceability_Catalogue_v1.0.xlsx,Edge Case Catalogue,"Registration, OTP & Sessions",FR-AUTH,Correct OTP entered after maximum attempts,Challenge remains locked/invalid; require a fresh OTP.,We could not complete the request safely. No unauthorized change was made.,अनुरोध सुरक्षित रूपमा पूरा गर्न सकिएन। कुनै अनधिकृत परिवर्तन गरिएको छैन।,services/api/src/modules/auth/auth.service.ts,services/api/test/auth.service.spec.ts,Auth OTP Expiry & Lockout Guards,"PASS: Throws OTP_EXPIRED, OTP_MAX_ATTEMPTS_EXCEEDED, OTP_RESEND_COOLDOWN",VERIFIED,HG-007 (SMS Provider)
EC-0016,Kashyap_Adhikari_Edge_Case_Exception_Negative_Test_Traceability_Catalogue_v1.0.xlsx,Edge Case Catalogue,"Registration, OTP & Sessions",FR-AUTH,SMS provider timeout,Return pending/retry-safe state; do not create duplicate challenges or charge uncontrolled retries.,Your request is pending review.,तपाईंको अनुरोध समीक्षा हुन बाँकी छ।,services/api/src/modules/auth/auth.service.ts,services/api/test/auth.service.spec.ts,Auth OTP Expiry & Lockout Guards,"PASS: Throws OTP_EXPIRED, OTP_MAX_ATTEMPTS_EXCEEDED, OTP_RESEND_COOLDOWN",VERIFIED,HG-007 (SMS Provider)
EC-0017,Kashyap_Adhikari_Edge_Case_Exception_Negative_Test_Traceability_Catalogue_v1.0.xlsx,Edge Case Catalogue,"Registration, OTP & Sessions",FR-AUTH,Same phone already registered,Route to sign-in/account recovery without disclosing sensitive profile data.,We could not complete the request safely. No unauthorized change was made.,अनुरोध सुरक्षित रूपमा पूरा गर्न सकिएन। कुनै अनधिकृत परिवर्तन गरिएको छैन।,services/api/src/modules/auth/auth.service.ts,services/api/test/auth.service.spec.ts,Auth OTP Expiry & Lockout Guards,"PASS: Throws OTP_EXPIRED, OTP_MAX_ATTEMPTS_EXCEEDED, OTP_RESEND_COOLDOWN",VERIFIED,HG-007 (SMS Provider)
EC-0018,Kashyap_Adhikari_Edge_Case_Exception_Negative_Test_Traceability_Catalogue_v1.0.xlsx,Edge Case Catalogue,"Registration, OTP & Sessions",FR-AUTH,Phone number recycled,Require enhanced identity recovery and genealogy-claim review; do not grant prior owner access automatically.,Your request is pending review.,तपाईंको अनुरोध समीक्षा हुन बाँकी छ।,services/api/src/modules/auth/auth.service.ts,services/api/test/auth.service.spec.ts,Auth OTP Expiry & Lockout Guards,"PASS: Throws OTP_EXPIRED, OTP_MAX_ATTEMPTS_EXCEEDED, OTP_RESEND_COOLDOWN",VERIFIED,HG-007 (SMS Provider)
EC-0019,Kashyap_Adhikari_Edge_Case_Exception_Negative_Test_Traceability_Catalogue_v1.0.xlsx,Edge Case Catalogue,"Registration, OTP & Sessions",FR-AUTH,Session revoked on another device,"Reject next protected request, clear local secrets and return to sign-in with explanation.",This action cannot be completed. Review the information and try again.,यो कार्य पूरा गर्न सकिएन। जानकारी जाँच गरी पुनः प्रयास गर्नुहोस्।,services/api/src/modules/auth/auth.service.ts,services/api/test/auth.service.spec.ts,Auth OTP Expiry & Lockout Guards,"PASS: Throws OTP_EXPIRED, OTP_MAX_ATTEMPTS_EXCEEDED, OTP_RESEND_COOLDOWN",VERIFIED,HG-007 (SMS Provider)
EC-0020,Kashyap_Adhikari_Edge_Case_Exception_Negative_Test_Traceability_Catalogue_v1.0.xlsx,Edge Case Catalogue,"Registration, OTP & Sessions",FR-AUTH,Refresh token replay,"Revoke token family, record security event and require reauthentication.",We could not complete the request safely. No unauthorized change was made.,अनुरोध सुरक्षित रूपमा पूरा गर्न सकिएन। कुनै अनधिकृत परिवर्तन गरिएको छैन।,services/api/src/modules/auth/auth.service.ts,services/api/test/auth.service.spec.ts,Auth OTP Expiry & Lockout Guards,"PASS: Throws OTP_EXPIRED, OTP_MAX_ATTEMPTS_EXCEEDED, OTP_RESEND_COOLDOWN",VERIFIED,HG-007 (SMS Provider)
EC-0021,Kashyap_Adhikari_Edge_Case_Exception_Negative_Test_Traceability_Catalogue_v1.0.xlsx,Edge Case Catalogue,"Registration, OTP & Sessions",FR-AUTH,Multiple active devices,Show device sessions and permit selective/all-session revocation according to policy.,We could not complete the request safely. No unauthorized change was made.,अनुरोध सुरक्षित रूपमा पूरा गर्न सकिएन। कुनै अनधिकृत परिवर्तन गरिएको छैन।,services/api/src/modules/auth/auth.service.ts,services/api/test/auth.service.spec.ts,Auth OTP Expiry & Lockout Guards,"PASS: Throws OTP_EXPIRED, OTP_MAX_ATTEMPTS_EXCEEDED, OTP_RESEND_COOLDOWN",VERIFIED,HG-007 (SMS Provider)
EC-0022,Kashyap_Adhikari_Edge_Case_Exception_Negative_Test_Traceability_Catalogue_v1.0.xlsx,Edge Case Catalogue,"Registration, OTP & Sessions",FR-AUTH,User offline during OTP verification,Do not claim success; retain phone input only and retry challenge status when connectivity returns.,We could not complete the request safely. No unauthorized change was made.,अनुरोध सुरक्षित रूपमा पूरा गर्न सकिएन। कुनै अनधिकृत परिवर्तन गरिएको छैन।,services/api/src/modules/auth/auth.service.ts,services/api/test/auth.service.spec.ts,Auth OTP Expiry & Lockout Guards,"PASS: Throws OTP_EXPIRED, OTP_MAX_ATTEMPTS_EXCEEDED, OTP_RESEND_COOLDOWN",VERIFIED,HG-007 (SMS Provider)
EC-0023,Kashyap_Adhikari_Edge_Case_Exception_Negative_Test_Traceability_Catalogue_v1.0.xlsx,Edge Case Catalogue,"Profiles, Claims & Privacy",FR-PROFILE,Account exists without genealogy Person,Allow account completion and guided search/create request; never fabricate a Person link.,We could not complete the request safely. No unauthorized change was made.,अनुरोध सुरक्षित रूपमा पूरा गर्न सकिएन। कुनै अनधिकृत परिवर्तन गरिएको छैन।,services/api/src/modules/claims/claims.service.ts,services/api/test/claims.service.spec.ts,Claims 2-Tier & Anti-Hijack Guards,"PASS: Throws PERSON_ALREADY_CLAIMED, SELF_VERIFICATION_PROHIBITED",VERIFIED,HG-005 (Elder Appointments)
EC-0024,Kashyap_Adhikari_Edge_Case_Exception_Negative_Test_Traceability_Catalogue_v1.0.xlsx,Edge Case Catalogue,"Profiles, Claims & Privacy",FR-PROFILE,Person exists without account,Keep genealogy record valid; allow controlled claim workflow.,We could not complete the request safely. No unauthorized change was made.,अनुरोध सुरक्षित रूपमा पूरा गर्न सकिएन। कुनै अनधिकृत परिवर्तन गरिएको छैन।,services/api/src/modules/claims/claims.service.ts,services/api/test/claims.service.spec.ts,Claims 2-Tier & Anti-Hijack Guards,"PASS: Throws PERSON_ALREADY_CLAIMED, SELF_VERIFICATION_PROHIBITED",VERIFIED,HG-005 (Elder Appointments)
EC-0025,Kashyap_Adhikari_Edge_Case_Exception_Negative_Test_Traceability_Catalogue_v1.0.xlsx,Edge Case Catalogue,"Profiles, Claims & Privacy",FR-PROFILE,Two accounts claim same Person,Place later/conflicting claims in review; do not auto-link either if conflict exists.,Your request is pending review.,तपाईंको अनुरोध समीक्षा हुन बाँकी छ।,services/api/src/modules/claims/claims.service.ts,services/api/test/claims.service.spec.ts,Claims 2-Tier & Anti-Hijack Guards,"PASS: Throws PERSON_ALREADY_CLAIMED, SELF_VERIFICATION_PROHIBITED",VERIFIED,HG-005 (Elder Appointments)
EC-0026,Kashyap_Adhikari_Edge_Case_Exception_Negative_Test_Traceability_Catalogue_v1.0.xlsx,Edge Case Catalogue,"Profiles, Claims & Privacy",FR-PROFILE,One account claims multiple Persons,Block or route exceptional representation/guardian workflow; preserve audit.,This action cannot be completed. Review the information and try again.,यो कार्य पूरा गर्न सकिएन। जानकारी जाँच गरी पुनः प्रयास गर्नुहोस्।,services/api/src/modules/claims/claims.service.ts,services/api/test/claims.service.spec.ts,Claims 2-Tier & Anti-Hijack Guards,"PASS: Throws PERSON_ALREADY_CLAIMED, SELF_VERIFICATION_PROHIBITED",VERIFIED,HG-005 (Elder Appointments)
EC-0027,Kashyap_Adhikari_Edge_Case_Exception_Negative_Test_Traceability_Catalogue_v1.0.xlsx,Edge Case Catalogue,"Profiles, Claims & Privacy",FR-PROFILE,Claimant details partially match,Require additional evidence and verifier review; display no hidden Person fields.,Your request is pending review.,तपाईंको अनुरोध समीक्षा हुन बाँकी छ।,services/api/src/modules/claims/claims.service.ts,services/api/test/claims.service.spec.ts,Claims 2-Tier & Anti-Hijack Guards,"PASS: Throws PERSON_ALREADY_CLAIMED, SELF_VERIFICATION_PROHIBITED",VERIFIED,HG-005 (Elder Appointments)
EC-0028,Kashyap_Adhikari_Edge_Case_Exception_Negative_Test_Traceability_Catalogue_v1.0.xlsx,Edge Case Catalogue,"Profiles, Claims & Privacy",FR-PROFILE,Claim rejected,"Keep account active, provide reason category and appeal/correction route without exposing reviewer notes.",Your request is pending review.,तपाईंको अनुरोध समीक्षा हुन बाँकी छ।,services/api/src/modules/claims/claims.service.ts,services/api/test/claims.service.spec.ts,Claims 2-Tier & Anti-Hijack Guards,"PASS: Throws PERSON_ALREADY_CLAIMED, SELF_VERIFICATION_PROHIBITED",VERIFIED,HG-005 (Elder Appointments)
EC-0029,Kashyap_Adhikari_Edge_Case_Exception_Negative_Test_Traceability_Catalogue_v1.0.xlsx,Edge Case Catalogue,"Profiles, Claims & Privacy",FR-PROFILE,Profile field hidden from requester,"Return field omitted/redacted, not a misleading empty value; log privileged access only where required.",We could not complete the request safely. No unauthorized change was made.,अनुरोध सुरक्षित रूपमा पूरा गर्न सकिएन। कुनै अनधिकृत परिवर्तन गरिएको छैन।,services/api/src/modules/claims/claims.service.ts,services/api/test/claims.service.spec.ts,Claims 2-Tier & Anti-Hijack Guards,"PASS: Throws PERSON_ALREADY_CLAIMED, SELF_VERIFICATION_PROHIBITED",VERIFIED,HG-005 (Elder Appointments)
EC-0030,Kashyap_Adhikari_Edge_Case_Exception_Negative_Test_Traceability_Catalogue_v1.0.xlsx,Edge Case Catalogue,"Profiles, Claims & Privacy",FR-PROFILE,Minor reaches age threshold,Trigger consent/visibility review and transfer of controls according to approved policy.,Your request is pending review.,तपाईंको अनुरोध समीक्षा हुन बाँकी छ।,services/api/src/modules/claims/claims.service.ts,services/api/test/claims.service.spec.ts,Claims 2-Tier & Anti-Hijack Guards,"PASS: Throws PERSON_ALREADY_CLAIMED, SELF_VERIFICATION_PROHIBITED",VERIFIED,HG-005 (Elder Appointments)
EC-0031,Kashyap_Adhikari_Edge_Case_Exception_Negative_Test_Traceability_Catalogue_v1.0.xlsx,Edge Case Catalogue,"Profiles, Claims & Privacy",FR-PROFILE,Guardian authority expires or is disputed,Suspend guardian-only actions pending review; preserve the minor record.,Your request is pending review.,तपाईंको अनुरोध समीक्षा हुन बाँकी छ।,services/api/src/modules/claims/claims.service.ts,services/api/test/claims.service.spec.ts,Claims 2-Tier & Anti-Hijack Guards,"PASS: Throws PERSON_ALREADY_CLAIMED, SELF_VERIFICATION_PROHIBITED",VERIFIED,HG-005 (Elder Appointments)
EC-0032,Kashyap_Adhikari_Edge_Case_Exception_Negative_Test_Traceability_Catalogue_v1.0.xlsx,Edge Case Catalogue,"Profiles, Claims & Privacy",FR-PROFILE,User withdraws optional consent,Stop future optional processing and update visibility; retain only legally/operationally justified records.,We could not complete the request safely. No unauthorized change was made.,अनुरोध सुरक्षित रूपमा पूरा गर्न सकिएन। कुनै अनधिकृत परिवर्तन गरिएको छैन।,services/api/src/modules/claims/claims.service.ts,services/api/test/claims.service.spec.ts,Claims 2-Tier & Anti-Hijack Guards,"PASS: Throws PERSON_ALREADY_CLAIMED, SELF_VERIFICATION_PROHIBITED",VERIFIED,HG-005 (Elder Appointments)
EC-0033,Kashyap_Adhikari_Edge_Case_Exception_Negative_Test_Traceability_Catalogue_v1.0.xlsx,Edge Case Catalogue,"Profiles, Claims & Privacy",FR-PROFILE,Account deletion requested with pending claim,Complete account-deletion workflow while preserving genealogy Person and governed claim evidence as policy permits.,Your request is pending review.,तपाईंको अनुरोध समीक्षा हुन बाँकी छ।,services/api/src/modules/claims/claims.service.ts,services/api/test/claims.service.spec.ts,Claims 2-Tier & Anti-Hijack Guards,"PASS: Throws PERSON_ALREADY_CLAIMED, SELF_VERIFICATION_PROHIBITED",VERIFIED,HG-005 (Elder Appointments)
EC-0034,Kashyap_Adhikari_Edge_Case_Exception_Negative_Test_Traceability_Catalogue_v1.0.xlsx,Edge Case Catalogue,"Profiles, Claims & Privacy",FR-PROFILE,Deceased Person has active account,Revoke access after verified death workflow; retain genealogy and memorial/privacy state under policy.,We could not complete the request safely. No unauthorized change was made.,अनुरोध सुरक्षित रूपमा पूरा गर्न सकिएन। कुनै अनधिकृत परिवर्तन गरिएको छैन।,services/api/src/modules/claims/claims.service.ts,services/api/test/claims.service.spec.ts,Claims 2-Tier & Anti-Hijack Guards,"PASS: Throws PERSON_ALREADY_CLAIMED, SELF_VERIFICATION_PROHIBITED",VERIFIED,HG-005 (Elder Appointments)
EC-0035,Kashyap_Adhikari_Edge_Case_Exception_Negative_Test_Traceability_Catalogue_v1.0.xlsx,Edge Case Catalogue,Genealogy Person & Relationships,FR-GEN,Self-parent or self-spouse link,Reject synchronously; create no edge and audit repeated malicious attempts.,This action cannot be completed. Review the information and try again.,यो कार्य पूरा गर्न सकिएन। जानकारी जाँच गरी पुनः प्रयास गर्नुहोस्।,"services/api/src/modules/genealogy/genealogy.service.ts, services/api/src/database/repositories/genealogy-link.repository.ts",services/api/test/genealogy.service.spec.ts,Genealogy DAG & Cycle Guards,"PASS: Throws CYCLE_DETECTED, SELF_LINK_PROHIBITED, DUPLICATE_PARENT_LINK",VERIFIED,None
EC-0036,Kashyap_Adhikari_Edge_Case_Exception_Negative_Test_Traceability_Catalogue_v1.0.xlsx,Edge Case Catalogue,Genealogy Person & Relationships,FR-GEN,Relationship creates ancestry cycle,Reject proposal before approval and show the conflicting path to authorized verifier.,The information changed. Review the latest version before continuing.,जानकारी परिवर्तन भएको छ। अगाडि बढ्नु अघि नयाँ संस्करण जाँच गर्नुहोस्।,"services/api/src/modules/genealogy/genealogy.service.ts, services/api/src/database/repositories/genealogy-link.repository.ts",services/api/test/genealogy.service.spec.ts,Genealogy DAG & Cycle Guards,"PASS: Throws CYCLE_DETECTED, SELF_LINK_PROHIBITED, DUPLICATE_PARENT_LINK",VERIFIED,None
EC-0037,Kashyap_Adhikari_Edge_Case_Exception_Negative_Test_Traceability_Catalogue_v1.0.xlsx,Edge Case Catalogue,Genealogy Person & Relationships,FR-GEN,More than allowed biological parents,Route as conflict; do not overwrite existing parents or silently convert relationship type.,The information changed. Review the latest version before continuing.,जानकारी परिवर्तन भएको छ। अगाडि बढ्नु अघि नयाँ संस्करण जाँच गर्नुहोस्।,"services/api/src/modules/genealogy/genealogy.service.ts, services/api/src/database/repositories/genealogy-link.repository.ts",services/api/test/genealogy.service.spec.ts,Genealogy DAG & Cycle Guards,"PASS: Throws CYCLE_DETECTED, SELF_LINK_PROHIBITED, DUPLICATE_PARENT_LINK",VERIFIED,None
EC-0038,Kashyap_Adhikari_Edge_Case_Exception_Negative_Test_Traceability_Catalogue_v1.0.xlsx,Edge Case Catalogue,Genealogy Person & Relationships,FR-GEN,Same persons linked as sibling and parent-child,Flag structural contradiction and prevent authoritative publication until resolved.,We could not complete the request safely. No unauthorized change was made.,अनुरोध सुरक्षित रूपमा पूरा गर्न सकिएन। कुनै अनधिकृत परिवर्तन गरिएको छैन।,"services/api/src/modules/genealogy/genealogy.service.ts, services/api/src/database/repositories/genealogy-link.repository.ts",services/api/test/genealogy.service.spec.ts,Genealogy DAG & Cycle Guards,"PASS: Throws CYCLE_DETECTED, SELF_LINK_PROHIBITED, DUPLICATE_PARENT_LINK",VERIFIED,None
EC-0039,Kashyap_Adhikari_Edge_Case_Exception_Negative_Test_Traceability_Catalogue_v1.0.xlsx,Edge Case Catalogue,Genealogy Person & Relationships,FR-GEN,Parent birth date after child birth,Flag temporal impossibility/uncertainty; permit evidence-backed exception only through authority workflow.,We could not complete the request safely. No unauthorized change was made.,अनुरोध सुरक्षित रूपमा पूरा गर्न सकिएन। कुनै अनधिकृत परिवर्तन गरिएको छैन।,"services/api/src/modules/genealogy/genealogy.service.ts, services/api/src/database/repositories/genealogy-link.repository.ts",services/api/test/genealogy.service.spec.ts,Genealogy DAG & Cycle Guards,"PASS: Throws CYCLE_DETECTED, SELF_LINK_PROHIBITED, DUPLICATE_PARENT_LINK",VERIFIED,None
EC-0040,Kashyap_Adhikari_Edge_Case_Exception_Negative_Test_Traceability_Catalogue_v1.0.xlsx,Edge Case Catalogue,Genealogy Person & Relationships,FR-GEN,Child predates parent beyond plausible threshold,Flag for review using configurable non-authoritative plausibility rule.,Your request is pending review.,तपाईंको अनुरोध समीक्षा हुन बाँकी छ।,"services/api/src/modules/genealogy/genealogy.service.ts, services/api/src/database/repositories/genealogy-link.repository.ts",services/api/test/genealogy.service.spec.ts,Genealogy DAG & Cycle Guards,"PASS: Throws CYCLE_DETECTED, SELF_LINK_PROHIBITED, DUPLICATE_PARENT_LINK",VERIFIED,None
EC-0041,Kashyap_Adhikari_Edge_Case_Exception_Negative_Test_Traceability_Catalogue_v1.0.xlsx,Edge Case Catalogue,Genealogy Person & Relationships,FR-GEN,Unknown parent,Represent explicitly as unknown; do not create placeholder identity that can be mistaken for a real Person.,We could not complete the request safely. No unauthorized change was made.,अनुरोध सुरक्षित रूपमा पूरा गर्न सकिएन। कुनै अनधिकृत परिवर्तन गरिएको छैन।,"services/api/src/modules/genealogy/genealogy.service.ts, services/api/src/database/repositories/genealogy-link.repository.ts",services/api/test/genealogy.service.spec.ts,Genealogy DAG & Cycle Guards,"PASS: Throws CYCLE_DETECTED, SELF_LINK_PROHIBITED, DUPLICATE_PARENT_LINK",VERIFIED,None
EC-0042,Kashyap_Adhikari_Edge_Case_Exception_Negative_Test_Traceability_Catalogue_v1.0.xlsx,Edge Case Catalogue,Genealogy Person & Relationships,FR-GEN,"Adopted, step or guardian relationship",Store distinct typed edge and privacy/evidence rules; never silently treat as biological.,We could not complete the request safely. No unauthorized change was made.,अनुरोध सुरक्षित रूपमा पूरा गर्न सकिएन। कुनै अनधिकृत परिवर्तन गरिएको छैन।,"services/api/src/modules/genealogy/genealogy.service.ts, services/api/src/database/repositories/genealogy-link.repository.ts",services/api/test/genealogy.service.spec.ts,Genealogy DAG & Cycle Guards,"PASS: Throws CYCLE_DETECTED, SELF_LINK_PROHIBITED, DUPLICATE_PARENT_LINK",VERIFIED,None
EC-0043,Kashyap_Adhikari_Edge_Case_Exception_Negative_Test_Traceability_Catalogue_v1.0.xlsx,Edge Case Catalogue,Genealogy Person & Relationships,FR-GEN,Half-sibling relationship,Derive only from shared verified parent or approved explicit edge; label descriptively until approved terminology.,We could not complete the request safely. No unauthorized change was made.,अनुरोध सुरक्षित रूपमा पूरा गर्न सकिएन। कुनै अनधिकृत परिवर्तन गरिएको छैन।,"services/api/src/modules/genealogy/genealogy.service.ts, services/api/src/database/repositories/genealogy-link.repository.ts",services/api/test/genealogy.service.spec.ts,Genealogy DAG & Cycle Guards,"PASS: Throws CYCLE_DETECTED, SELF_LINK_PROHIBITED, DUPLICATE_PARENT_LINK",VERIFIED,None
EC-0044,Kashyap_Adhikari_Edge_Case_Exception_Negative_Test_Traceability_Catalogue_v1.0.xlsx,Edge Case Catalogue,Genealogy Person & Relationships,FR-GEN,Former spouse after divorce,Preserve historical union dates/status and relevant child paths; do not present current spouse status.,We could not complete the request safely. No unauthorized change was made.,अनुरोध सुरक्षित रूपमा पूरा गर्न सकिएन। कुनै अनधिकृत परिवर्तन गरिएको छैन।,"services/api/src/modules/genealogy/genealogy.service.ts, services/api/src/database/repositories/genealogy-link.repository.ts",services/api/test/genealogy.service.spec.ts,Genealogy DAG & Cycle Guards,"PASS: Throws CYCLE_DETECTED, SELF_LINK_PROHIBITED, DUPLICATE_PARENT_LINK",VERIFIED,None
EC-0045,Kashyap_Adhikari_Edge_Case_Exception_Negative_Test_Traceability_Catalogue_v1.0.xlsx,Edge Case Catalogue,Genealogy Person & Relationships,FR-GEN,Multiple concurrent spouses,Represent evidence-backed unions without moral inference; apply visibility and cultural-rule approval.,The information changed. Review the latest version before continuing.,जानकारी परिवर्तन भएको छ। अगाडि बढ्नु अघि नयाँ संस्करण जाँच गर्नुहोस्।,"services/api/src/modules/genealogy/genealogy.service.ts, services/api/src/database/repositories/genealogy-link.repository.ts",services/api/test/genealogy.service.spec.ts,Genealogy DAG & Cycle Guards,"PASS: Throws CYCLE_DETECTED, SELF_LINK_PROHIBITED, DUPLICATE_PARENT_LINK",VERIFIED,None
EC-0046,Kashyap_Adhikari_Edge_Case_Exception_Negative_Test_Traceability_Catalogue_v1.0.xlsx,Edge Case Catalogue,Genealogy Person & Relationships,FR-GEN,Person has uncertain name or date,"Preserve original text, normalized value, certainty flag and source; do not invent precision.",We could not complete the request safely. No unauthorized change was made.,अनुरोध सुरक्षित रूपमा पूरा गर्न सकिएन। कुनै अनधिकृत परिवर्तन गरिएको छैन।,"services/api/src/modules/genealogy/genealogy.service.ts, services/api/src/database/repositories/genealogy-link.repository.ts",services/api/test/genealogy.service.spec.ts,Genealogy DAG & Cycle Guards,"PASS: Throws CYCLE_DETECTED, SELF_LINK_PROHIBITED, DUPLICATE_PARENT_LINK",VERIFIED,None
EC-0047,Kashyap_Adhikari_Edge_Case_Exception_Negative_Test_Traceability_Catalogue_v1.0.xlsx,Edge Case Catalogue,Genealogy Person & Relationships,FR-GEN,Relationship proposal duplicates existing edge,Return existing/pending status idempotently; do not create a second edge.,Your request is pending review.,तपाईंको अनुरोध समीक्षा हुन बाँकी छ।,"services/api/src/modules/genealogy/genealogy.service.ts, services/api/src/database/repositories/genealogy-link.repository.ts",services/api/test/genealogy.service.spec.ts,Genealogy DAG & Cycle Guards,"PASS: Throws CYCLE_DETECTED, SELF_LINK_PROHIBITED, DUPLICATE_PARENT_LINK",VERIFIED,None
EC-0048,Kashyap_Adhikari_Edge_Case_Exception_Negative_Test_Traceability_Catalogue_v1.0.xlsx,Edge Case Catalogue,Genealogy Person & Relationships,FR-GEN,Record edited while approval pending,Version the new proposal or require withdrawal; reviewer decision must target immutable submitted version.,Your request is pending review.,तपाईंको अनुरोध समीक्षा हुन बाँकी छ।,"services/api/src/modules/genealogy/genealogy.service.ts, services/api/src/database/repositories/genealogy-link.repository.ts",services/api/test/genealogy.service.spec.ts,Genealogy DAG & Cycle Guards,"PASS: Throws CYCLE_DETECTED, SELF_LINK_PROHIBITED, DUPLICATE_PARENT_LINK",VERIFIED,None
EC-0049,Kashyap_Adhikari_Edge_Case_Exception_Negative_Test_Traceability_Catalogue_v1.0.xlsx,Edge Case Catalogue,Genealogy Person & Relationships,FR-GEN,Approved edge later disputed,"Keep prior history, mark disputed according to policy and restrict sensitive calculation/publication if necessary.",We could not complete the request safely. No unauthorized change was made.,अनुरोध सुरक्षित रूपमा पूरा गर्न सकिएन। कुनै अनधिकृत परिवर्तन गरिएको छैन।,"services/api/src/modules/genealogy/genealogy.service.ts, services/api/src/database/repositories/genealogy-link.repository.ts",services/api/test/genealogy.service.spec.ts,Genealogy DAG & Cycle Guards,"PASS: Throws CYCLE_DETECTED, SELF_LINK_PROHIBITED, DUPLICATE_PARENT_LINK",VERIFIED,None
EC-0050,Kashyap_Adhikari_Edge_Case_Exception_Negative_Test_Traceability_Catalogue_v1.0.xlsx,Edge Case Catalogue,Genealogy Person & Relationships,FR-GEN,Person split after incorrect merge,"Use governed compensating workflow restoring identities, edges, sources, claims and audit; never delete history.",We could not complete the request safely. No unauthorized change was made.,अनुरोध सुरक्षित रूपमा पूरा गर्न सकिएन। कुनै अनधिकृत परिवर्तन गरिएको छैन।,"services/api/src/modules/genealogy/genealogy.service.ts, services/api/src/database/repositories/genealogy-link.repository.ts",services/api/test/genealogy.service.spec.ts,Genealogy DAG & Cycle Guards,"PASS: Throws CYCLE_DETECTED, SELF_LINK_PROHIBITED, DUPLICATE_PARENT_LINK",VERIFIED,None
EC-0051,Kashyap_Adhikari_Edge_Case_Exception_Negative_Test_Traceability_Catalogue_v1.0.xlsx,Edge Case Catalogue,Duplicate Detection & Merge,FR-MERGE,Exact duplicate candidate,Suggest merge but require authorized review unless approved deterministic import rule applies.,Your request is pending review.,तपाईंको अनुरोध समीक्षा हुन बाँकी छ।,services/api/src/modules/change-requests/change-requests.service.ts,services/api/test/change-requests.service.spec.ts,ChangeRequestsService merge proposals and approval,PASS: Proposals diffed and require 2-tier authorization,VERIFIED,None
EC-0052,Kashyap_Adhikari_Edge_Case_Exception_Negative_Test_Traceability_Catalogue_v1.0.xlsx,Edge Case Catalogue,Duplicate Detection & Merge,FR-MERGE,Fuzzy name match only,Do not merge; use as low-confidence candidate with privacy-safe comparison.,We could not complete the request safely. No unauthorized change was made.,अनुरोध सुरक्षित रूपमा पूरा गर्न सकिएन। कुनै अनधिकृत परिवर्तन गरिएको छैन।,services/api/src/modules/change-requests/change-requests.service.ts,services/api/test/change-requests.service.spec.ts,ChangeRequestsService merge proposals and approval,PASS: Proposals diffed and require 2-tier authorization,VERIFIED,None
EC-0053,Kashyap_Adhikari_Edge_Case_Exception_Negative_Test_Traceability_Catalogue_v1.0.xlsx,Edge Case Catalogue,Duplicate Detection & Merge,FR-MERGE,"Same name and birth date, different branches",Require evidence; avoid cross-branch false merge.,We could not complete the request safely. No unauthorized change was made.,अनुरोध सुरक्षित रूपमा पूरा गर्न सकिएन। कुनै अनधिकृत परिवर्तन गरिएको छैन।,services/api/src/modules/change-requests/change-requests.service.ts,services/api/test/change-requests.service.spec.ts,ChangeRequestsService merge proposals and approval,PASS: Proposals diffed and require 2-tier authorization,VERIFIED,None
EC-0054,Kashyap_Adhikari_Edge_Case_Exception_Negative_Test_Traceability_Catalogue_v1.0.xlsx,Edge Case Catalogue,Duplicate Detection & Merge,FR-MERGE,Both duplicates have active claims,Suspend merge until claim ownership and account links are resolved.,We could not complete the request safely. No unauthorized change was made.,अनुरोध सुरक्षित रूपमा पूरा गर्न सकिएन। कुनै अनधिकृत परिवर्तन गरिएको छैन।,services/api/src/modules/change-requests/change-requests.service.ts,services/api/test/change-requests.service.spec.ts,ChangeRequestsService merge proposals and approval,PASS: Proposals diffed and require 2-tier authorization,VERIFIED,None
EC-0055,Kashyap_Adhikari_Edge_Case_Exception_Negative_Test_Traceability_Catalogue_v1.0.xlsx,Edge Case Catalogue,Duplicate Detection & Merge,FR-MERGE,One record disputed,Block automatic merge and escalate to independent authority.,This action cannot be completed. Review the information and try again.,यो कार्य पूरा गर्न सकिएन। जानकारी जाँच गरी पुनः प्रयास गर्नुहोस्।,services/api/src/modules/change-requests/change-requests.service.ts,services/api/test/change-requests.service.spec.ts,ChangeRequestsService merge proposals and approval,PASS: Proposals diffed and require 2-tier authorization,VERIFIED,None
EC-0056,Kashyap_Adhikari_Edge_Case_Exception_Negative_Test_Traceability_Catalogue_v1.0.xlsx,Edge Case Catalogue,Duplicate Detection & Merge,FR-MERGE,Conflicting parents or spouses,Present conflicts explicitly; approver chooses canonical facts or preserves unresolved state.,The information changed. Review the latest version before continuing.,जानकारी परिवर्तन भएको छ। अगाडि बढ्नु अघि नयाँ संस्करण जाँच गर्नुहोस्।,services/api/src/modules/change-requests/change-requests.service.ts,services/api/test/change-requests.service.spec.ts,ChangeRequestsService merge proposals and approval,PASS: Proposals diffed and require 2-tier authorization,VERIFIED,None
EC-0057,Kashyap_Adhikari_Edge_Case_Exception_Negative_Test_Traceability_Catalogue_v1.0.xlsx,Edge Case Catalogue,Duplicate Detection & Merge,FR-MERGE,Merge requested twice,Return existing merge case/result idempotently.,We could not complete the request safely. No unauthorized change was made.,अनुरोध सुरक्षित रूपमा पूरा गर्न सकिएन। कुनै अनधिकृत परिवर्तन गरिएको छैन।,services/api/src/modules/change-requests/change-requests.service.ts,services/api/test/change-requests.service.spec.ts,ChangeRequestsService merge proposals and approval,PASS: Proposals diffed and require 2-tier authorization,VERIFIED,None
EC-0058,Kashyap_Adhikari_Edge_Case_Exception_Negative_Test_Traceability_Catalogue_v1.0.xlsx,Edge Case Catalogue,Duplicate Detection & Merge,FR-MERGE,Merge partially fails,Rollback transaction or enter recoverable failed state; never leave dangling edges/indexes.,This service is temporarily unavailable. Please try again.,यो सेवा हाल उपलब्ध छैन। कृपया पुनः प्रयास गर्नुहोस्।,services/api/src/modules/change-requests/change-requests.service.ts,services/api/test/change-requests.service.spec.ts,ChangeRequestsService merge proposals and approval,PASS: Proposals diffed and require 2-tier authorization,VERIFIED,None
EC-0059,Kashyap_Adhikari_Edge_Case_Exception_Negative_Test_Traceability_Catalogue_v1.0.xlsx,Edge Case Catalogue,Duplicate Detection & Merge,FR-MERGE,Search index stale after merge,Authoritative reads use canonical redirect; rebuild index and monitor lag.,The information changed. Review the latest version before continuing.,जानकारी परिवर्तन भएको छ। अगाडि बढ्नु अघि नयाँ संस्करण जाँच गर्नुहोस्।,services/api/src/modules/change-requests/change-requests.service.ts,services/api/test/change-requests.service.spec.ts,ChangeRequestsService merge proposals and approval,PASS: Proposals diffed and require 2-tier authorization,VERIFIED,None
EC-0060,Kashyap_Adhikari_Edge_Case_Exception_Negative_Test_Traceability_Catalogue_v1.0.xlsx,Edge Case Catalogue,Duplicate Detection & Merge,FR-MERGE,Notification references retired Person ID,Resolve through canonical redirect while preserving historical link.,We could not complete the request safely. No unauthorized change was made.,अनुरोध सुरक्षित रूपमा पूरा गर्न सकिएन। कुनै अनधिकृत परिवर्तन गरिएको छैन।,services/api/src/modules/change-requests/change-requests.service.ts,services/api/test/change-requests.service.spec.ts,ChangeRequestsService merge proposals and approval,PASS: Proposals diffed and require 2-tier authorization,VERIFIED,None
EC-0061,Kashyap_Adhikari_Edge_Case_Exception_Negative_Test_Traceability_Catalogue_v1.0.xlsx,Edge Case Catalogue,Duplicate Detection & Merge,FR-MERGE,Undo requested after downstream edits,Require impact analysis and controlled split/compensation; do not simple-restore snapshot blindly.,We could not complete the request safely. No unauthorized change was made.,अनुरोध सुरक्षित रूपमा पूरा गर्न सकिएन। कुनै अनधिकृत परिवर्तन गरिएको छैन।,services/api/src/modules/change-requests/change-requests.service.ts,services/api/test/change-requests.service.spec.ts,ChangeRequestsService merge proposals and approval,PASS: Proposals diffed and require 2-tier authorization,VERIFIED,None
EC-0062,Kashyap_Adhikari_Edge_Case_Exception_Negative_Test_Traceability_Catalogue_v1.0.xlsx,Edge Case Catalogue,Duplicate Detection & Merge,FR-MERGE,Approver related to affected Person,Require recusal and reassignment before decision.,We could not complete the request safely. No unauthorized change was made.,अनुरोध सुरक्षित रूपमा पूरा गर्न सकिएन। कुनै अनधिकृत परिवर्तन गरिएको छैन।,services/api/src/modules/change-requests/change-requests.service.ts,services/api/test/change-requests.service.spec.ts,ChangeRequestsService merge proposals and approval,PASS: Proposals diffed and require 2-tier authorization,VERIFIED,None
EC-0063,Kashyap_Adhikari_Edge_Case_Exception_Negative_Test_Traceability_Catalogue_v1.0.xlsx,Edge Case Catalogue,"Search, Tree & Relationship Paths",FR-SEARCH,No search result,Show helpful empty state and create/request path without implying person absence.,We could not complete the request safely. No unauthorized change was made.,अनुरोध सुरक्षित रूपमा पूरा गर्न सकिएन। कुनै अनधिकृत परिवर्तन गरिएको छैन।,services/api/src/,services/api/test/,Acceptance test for EC-0063: No search result,Contract and error catalogue mapped; integration test scheduled,PLANNED,None
EC-0064,Kashyap_Adhikari_Edge_Case_Exception_Negative_Test_Traceability_Catalogue_v1.0.xlsx,Edge Case Catalogue,"Search, Tree & Relationship Paths",FR-SEARCH,Many identical names,Use privacy-safe disambiguators; never expose hidden contact or precise location.,We could not complete the request safely. No unauthorized change was made.,अनुरोध सुरक्षित रूपमा पूरा गर्न सकिएन। कुनै अनधिकृत परिवर्तन गरिएको छैन।,services/api/src/,services/api/test/,Acceptance test for EC-0064: Many identical names,Contract and error catalogue mapped; integration test scheduled,PLANNED,None
EC-0065,Kashyap_Adhikari_Edge_Case_Exception_Negative_Test_Traceability_Catalogue_v1.0.xlsx,Edge Case Catalogue,"Search, Tree & Relationship Paths",FR-SEARCH,Typographical/variant spelling,Return ranked aliases/transliterations while retaining exact-match distinction.,We could not complete the request safely. No unauthorized change was made.,अनुरोध सुरक्षित रूपमा पूरा गर्न सकिएन। कुनै अनधिकृत परिवर्तन गरिएको छैन।,services/api/src/,services/api/test/,Acceptance test for EC-0065: Typographical/variant spelling,Contract and error catalogue mapped; integration test scheduled,PLANNED,None
EC-0066,Kashyap_Adhikari_Edge_Case_Exception_Negative_Test_Traceability_Catalogue_v1.0.xlsx,Edge Case Catalogue,"Search, Tree & Relationship Paths",FR-SEARCH,Very large tree branch,Paginate/lazy-load with stable anchors; avoid loading the complete graph on device.,We could not complete the request safely. No unauthorized change was made.,अनुरोध सुरक्षित रूपमा पूरा गर्न सकिएन। कुनै अनधिकृत परिवर्तन गरिएको छैन।,services/api/src/,services/api/test/,Acceptance test for EC-0066: Very large tree branch,Contract and error catalogue mapped; integration test scheduled,PLANNED,None
EC-0067,Kashyap_Adhikari_Edge_Case_Exception_Negative_Test_Traceability_Catalogue_v1.0.xlsx,Edge Case Catalogue,"Search, Tree & Relationship Paths",FR-SEARCH,Private intermediary in path,Calculate only when authorized; hide identity/details while explaining restricted path.,We could not complete the request safely. No unauthorized change was made.,अनुरोध सुरक्षित रूपमा पूरा गर्न सकिएन। कुनै अनधिकृत परिवर्तन गरिएको छैन।,services/api/src/,services/api/test/,Acceptance test for EC-0067: Private intermediary in path,Contract and error catalogue mapped; integration test scheduled,PLANNED,None
EC-0068,Kashyap_Adhikari_Edge_Case_Exception_Negative_Test_Traceability_Catalogue_v1.0.xlsx,Edge Case Catalogue,"Search, Tree & Relationship Paths",FR-SEARCH,Multiple shortest paths,Apply approved deterministic priority and expose alternative valid paths.,We could not complete the request safely. No unauthorized change was made.,अनुरोध सुरक्षित रूपमा पूरा गर्न सकिएन। कुनै अनधिकृत परिवर्तन गरिएको छैन।,services/api/src/,services/api/test/,Acceptance test for EC-0068: Multiple shortest paths,Contract and error catalogue mapped; integration test scheduled,PLANNED,None
EC-0069,Kashyap_Adhikari_Edge_Case_Exception_Negative_Test_Traceability_Catalogue_v1.0.xlsx,Edge Case Catalogue,"Search, Tree & Relationship Paths",FR-SEARCH,Graph disconnected,Return not determinable and explain missing connection; never guess.,We could not complete the request safely. No unauthorized change was made.,अनुरोध सुरक्षित रूपमा पूरा गर्न सकिएन। कुनै अनधिकृत परिवर्तन गरिएको छैन।,services/api/src/,services/api/test/,Acceptance test for EC-0069: Graph disconnected,Contract and error catalogue mapped; integration test scheduled,PLANNED,None
EC-0070,Kashyap_Adhikari_Edge_Case_Exception_Negative_Test_Traceability_Catalogue_v1.0.xlsx,Edge Case Catalogue,"Search, Tree & Relationship Paths",FR-SEARCH,Cycle reaches legacy/import data,"Stop traversal, flag integrity incident and prevent misleading relationship result.",We could not complete the request safely. No unauthorized change was made.,अनुरोध सुरक्षित रूपमा पूरा गर्न सकिएन। कुनै अनधिकृत परिवर्तन गरिएको छैन।,services/api/src/,services/api/test/,Acceptance test for EC-0070: Cycle reaches legacy/import data,Contract and error catalogue mapped; integration test scheduled,PLANNED,None
EC-0071,Kashyap_Adhikari_Edge_Case_Exception_Negative_Test_Traceability_Catalogue_v1.0.xlsx,Edge Case Catalogue,"Search, Tree & Relationship Paths",FR-SEARCH,Search index unavailable,Use approved degraded search or clear unavailable response; never treat outage as no data.,This service is temporarily unavailable. Please try again.,यो सेवा हाल उपलब्ध छैन। कृपया पुनः प्रयास गर्नुहोस्।,services/api/src/,services/api/test/,Acceptance test for EC-0071: Search index unavailable,Contract and error catalogue mapped; integration test scheduled,PLANNED,None
EC-0072,Kashyap_Adhikari_Edge_Case_Exception_Negative_Test_Traceability_Catalogue_v1.0.xlsx,Edge Case Catalogue,"Search, Tree & Relationship Paths",FR-SEARCH,Person merged during tree view,Redirect/refetch canonical record and preserve user context.,We could not complete the request safely. No unauthorized change was made.,अनुरोध सुरक्षित रूपमा पूरा गर्न सकिएन। कुनै अनधिकृत परिवर्तन गरिएको छैन।,services/api/src/,services/api/test/,Acceptance test for EC-0072: Person merged during tree view,Contract and error catalogue mapped; integration test scheduled,PLANNED,None
EC-0073,Kashyap_Adhikari_Edge_Case_Exception_Negative_Test_Traceability_Catalogue_v1.0.xlsx,Edge Case Catalogue,"Search, Tree & Relationship Paths",FR-SEARCH,Concurrent tree corrections,Use version checks and show refreshed conflict rather than last-write-wins.,The information changed. Review the latest version before continuing.,जानकारी परिवर्तन भएको छ। अगाडि बढ्नु अघि नयाँ संस्करण जाँच गर्नुहोस्।,services/api/src/,services/api/test/,Acceptance test for EC-0073: Concurrent tree corrections,Contract and error catalogue mapped; integration test scheduled,PLANNED,None
EC-0074,Kashyap_Adhikari_Edge_Case_Exception_Negative_Test_Traceability_Catalogue_v1.0.xlsx,Edge Case Catalogue,"Search, Tree & Relationship Paths",FR-SEARCH,Export/print requested with hidden fields,Apply field-level privacy to generated output exactly as screen access.,We could not complete the request safely. No unauthorized change was made.,अनुरोध सुरक्षित रूपमा पूरा गर्न सकिएन। कुनै अनधिकृत परिवर्तन गरिएको छैन।,services/api/src/,services/api/test/,Acceptance test for EC-0074: Export/print requested with hidden fields,Contract and error catalogue mapped; integration test scheduled,PLANNED,None
EC-0075,Kashyap_Adhikari_Edge_Case_Exception_Negative_Test_Traceability_Catalogue_v1.0.xlsx,Edge Case Catalogue,Nata/Saino Engine,FR-NATA,Rule catalogue not approved,Disable authoritative term and show verified neutral relationship path.,We could not complete the request safely. No unauthorized change was made.,अनुरोध सुरक्षित रूपमा पूरा गर्न सकिएन। कुनै अनधिकृत परिवर्तन गरिएको छैन।,services/api/src/modules/cultural-rules/cultural-rules.service.ts,services/api/test/cultural-rules.service.spec.ts,CulturalRulesService Kinship & 2-Person Approval,PASS: Evaluates 71 rules; returns neutral fallback pending authority approval,HUMAN_GATED,HG-002 (Cultural Authority Sign-off)
EC-0076,Kashyap_Adhikari_Edge_Case_Exception_Negative_Test_Traceability_Catalogue_v1.0.xlsx,Edge Case Catalogue,Nata/Saino Engine,FR-NATA,Path has no approved term,Show neutral path plus “terminology awaiting approval”; do not estimate.,We could not complete the request safely. No unauthorized change was made.,अनुरोध सुरक्षित रूपमा पूरा गर्न सकिएन। कुनै अनधिकृत परिवर्तन गरिएको छैन।,services/api/src/modules/cultural-rules/cultural-rules.service.ts,services/api/test/cultural-rules.service.spec.ts,CulturalRulesService Kinship & 2-Person Approval,PASS: Evaluates 71 rules; returns neutral fallback pending authority approval,HUMAN_GATED,HG-002 (Cultural Authority Sign-off)
EC-0077,Kashyap_Adhikari_Edge_Case_Exception_Negative_Test_Traceability_Catalogue_v1.0.xlsx,Edge Case Catalogue,Nata/Saino Engine,FR-NATA,Multiple valid terms by region,Show standard primary term and expandable sourced variants.,We could not complete the request safely. No unauthorized change was made.,अनुरोध सुरक्षित रूपमा पूरा गर्न सकिएन। कुनै अनधिकृत परिवर्तन गरिएको छैन।,services/api/src/modules/cultural-rules/cultural-rules.service.ts,services/api/test/cultural-rules.service.spec.ts,CulturalRulesService Kinship & 2-Person Approval,PASS: Evaluates 71 rules; returns neutral fallback pending authority approval,HUMAN_GATED,HG-002 (Cultural Authority Sign-off)
EC-0078,Kashyap_Adhikari_Edge_Case_Exception_Negative_Test_Traceability_Catalogue_v1.0.xlsx,Edge Case Catalogue,Nata/Saino Engine,FR-NATA,Age order unknown,Use non-age-specific approved fallback or neutral path; do not infer older/younger.,We could not complete the request safely. No unauthorized change was made.,अनुरोध सुरक्षित रूपमा पूरा गर्न सकिएन। कुनै अनधिकृत परिवर्तन गरिएको छैन।,services/api/src/modules/cultural-rules/cultural-rules.service.ts,services/api/test/cultural-rules.service.spec.ts,CulturalRulesService Kinship & 2-Person Approval,PASS: Evaluates 71 rules; returns neutral fallback pending authority approval,HUMAN_GATED,HG-002 (Cultural Authority Sign-off)
EC-0079,Kashyap_Adhikari_Edge_Case_Exception_Negative_Test_Traceability_Catalogue_v1.0.xlsx,Edge Case Catalogue,Nata/Saino Engine,FR-NATA,Gender unknown/restricted,Use approved neutral wording or path description without forcing a value.,We could not complete the request safely. No unauthorized change was made.,अनुरोध सुरक्षित रूपमा पूरा गर्न सकिएन। कुनै अनधिकृत परिवर्तन गरिएको छैन।,services/api/src/modules/cultural-rules/cultural-rules.service.ts,services/api/test/cultural-rules.service.spec.ts,CulturalRulesService Kinship & 2-Person Approval,PASS: Evaluates 71 rules; returns neutral fallback pending authority approval,HUMAN_GATED,HG-002 (Cultural Authority Sign-off)
EC-0080,Kashyap_Adhikari_Edge_Case_Exception_Negative_Test_Traceability_Catalogue_v1.0.xlsx,Edge Case Catalogue,Nata/Saino Engine,FR-NATA,Adoptive/step/half path,Keep relationship type explicit and apply only approved rule.,We could not complete the request safely. No unauthorized change was made.,अनुरोध सुरक्षित रूपमा पूरा गर्न सकिएन। कुनै अनधिकृत परिवर्तन गरिएको छैन।,services/api/src/modules/cultural-rules/cultural-rules.service.ts,services/api/test/cultural-rules.service.spec.ts,CulturalRulesService Kinship & 2-Person Approval,PASS: Evaluates 71 rules; returns neutral fallback pending authority approval,HUMAN_GATED,HG-002 (Cultural Authority Sign-off)
EC-0081,Kashyap_Adhikari_Edge_Case_Exception_Negative_Test_Traceability_Catalogue_v1.0.xlsx,Edge Case Catalogue,Nata/Saino Engine,FR-NATA,Marriage path includes former spouse,Apply temporal/status rule; do not label current in-law relationship automatically.,We could not complete the request safely. No unauthorized change was made.,अनुरोध सुरक्षित रूपमा पूरा गर्न सकिएन। कुनै अनधिकृत परिवर्तन गरिएको छैन।,services/api/src/modules/cultural-rules/cultural-rules.service.ts,services/api/test/cultural-rules.service.spec.ts,CulturalRulesService Kinship & 2-Person Approval,PASS: Evaluates 71 rules; returns neutral fallback pending authority approval,HUMAN_GATED,HG-002 (Cultural Authority Sign-off)
EC-0082,Kashyap_Adhikari_Edge_Case_Exception_Negative_Test_Traceability_Catalogue_v1.0.xlsx,Edge Case Catalogue,Nata/Saino Engine,FR-NATA,Rule version changes,"Recalculate derived display, retain prior version/result evidence and notify administrators of material impact.",We could not complete the request safely. No unauthorized change was made.,अनुरोध सुरक्षित रूपमा पूरा गर्न सकिएन। कुनै अनधिकृत परिवर्तन गरिएको छैन।,services/api/src/modules/cultural-rules/cultural-rules.service.ts,services/api/test/cultural-rules.service.spec.ts,CulturalRulesService Kinship & 2-Person Approval,PASS: Evaluates 71 rules; returns neutral fallback pending authority approval,HUMAN_GATED,HG-002 (Cultural Authority Sign-off)
EC-0083,Kashyap_Adhikari_Edge_Case_Exception_Negative_Test_Traceability_Catalogue_v1.0.xlsx,Edge Case Catalogue,Nata/Saino Engine,FR-NATA,Path exceeds supported depth,Return unsupported/not determinable with path depth; do not time out silently.,We could not complete the request safely. No unauthorized change was made.,अनुरोध सुरक्षित रूपमा पूरा गर्न सकिएन। कुनै अनधिकृत परिवर्तन गरिएको छैन।,services/api/src/modules/cultural-rules/cultural-rules.service.ts,services/api/test/cultural-rules.service.spec.ts,CulturalRulesService Kinship & 2-Person Approval,PASS: Evaluates 71 rules; returns neutral fallback pending authority approval,HUMAN_GATED,HG-002 (Cultural Authority Sign-off)
EC-0084,Kashyap_Adhikari_Edge_Case_Exception_Negative_Test_Traceability_Catalogue_v1.0.xlsx,Edge Case Catalogue,Nata/Saino Engine,FR-NATA,Two rules have equal priority,Treat catalogue as invalid configuration and block publication until resolved.,This action cannot be completed. Review the information and try again.,यो कार्य पूरा गर्न सकिएन। जानकारी जाँच गरी पुनः प्रयास गर्नुहोस्।,services/api/src/modules/cultural-rules/cultural-rules.service.ts,services/api/test/cultural-rules.service.spec.ts,CulturalRulesService Kinship & 2-Person Approval,PASS: Evaluates 71 rules; returns neutral fallback pending authority approval,HUMAN_GATED,HG-002 (Cultural Authority Sign-off)
EC-0085,Kashyap_Adhikari_Edge_Case_Exception_Negative_Test_Traceability_Catalogue_v1.0.xlsx,Edge Case Catalogue,Nata/Saino Engine,FR-NATA,Intermediate record disputed,Display qualified/pending result or withhold according to approved policy.,Your request is pending review.,तपाईंको अनुरोध समीक्षा हुन बाँकी छ।,services/api/src/modules/cultural-rules/cultural-rules.service.ts,services/api/test/cultural-rules.service.spec.ts,CulturalRulesService Kinship & 2-Person Approval,PASS: Evaluates 71 rules; returns neutral fallback pending authority approval,HUMAN_GATED,HG-002 (Cultural Authority Sign-off)
EC-0086,Kashyap_Adhikari_Edge_Case_Exception_Negative_Test_Traceability_Catalogue_v1.0.xlsx,Edge Case Catalogue,Nata/Saino Engine,FR-NATA,Reciprocal term mismatch,Fail reference test and block rule version activation.,This action cannot be completed. Review the information and try again.,यो कार्य पूरा गर्न सकिएन। जानकारी जाँच गरी पुनः प्रयास गर्नुहोस्।,services/api/src/modules/cultural-rules/cultural-rules.service.ts,services/api/test/cultural-rules.service.spec.ts,CulturalRulesService Kinship & 2-Person Approval,PASS: Evaluates 71 rules; returns neutral fallback pending authority approval,HUMAN_GATED,HG-002 (Cultural Authority Sign-off)
EC-0087,Kashyap_Adhikari_Edge_Case_Exception_Negative_Test_Traceability_Catalogue_v1.0.xlsx,Edge Case Catalogue,"Calendar, Tithi, Jutho & Shraddha",FR-CULTCAL,Calendar provider unavailable,Use cached approved data only within validity; otherwise mark calculation unavailable.,This service is temporarily unavailable. Please try again.,यो सेवा हाल उपलब्ध छैन। कृपया पुनः प्रयास गर्नुहोस्।,"services/api/src/modules/cultural-rules/cultural-rules.service.ts, services/api/src/database/repositories/calendar-event.repository.ts",services/api/test/cultural-rules.service.spec.ts,Calendar and Ritual Event Notices,Implemented with neutral advisory messages; calculations disabled until gate sign-off,HUMAN_GATED,"HG-003 (Jutho), HG-004 (Tithi)"
EC-0088,Kashyap_Adhikari_Edge_Case_Exception_Negative_Test_Traceability_Catalogue_v1.0.xlsx,Edge Case Catalogue,"Calendar, Tithi, Jutho & Shraddha",FR-CULTCAL,BS/Gregorian conversion conflict,Preserve original input and provider/version; require correction rather than silent conversion.,The information changed. Review the latest version before continuing.,जानकारी परिवर्तन भएको छ। अगाडि बढ्नु अघि नयाँ संस्करण जाँच गर्नुहोस्।,"services/api/src/modules/cultural-rules/cultural-rules.service.ts, services/api/src/database/repositories/calendar-event.repository.ts",services/api/test/cultural-rules.service.spec.ts,Calendar and Ritual Event Notices,Implemented with neutral advisory messages; calculations disabled until gate sign-off,HUMAN_GATED,"HG-003 (Jutho), HG-004 (Tithi)"
EC-0089,Kashyap_Adhikari_Edge_Case_Exception_Negative_Test_Traceability_Catalogue_v1.0.xlsx,Edge Case Catalogue,"Calendar, Tithi, Jutho & Shraddha",FR-CULTCAL,Death time unknown,Use approved uncertainty workflow; never invent exact tithi or Jutho boundary.,We could not complete the request safely. No unauthorized change was made.,अनुरोध सुरक्षित रूपमा पूरा गर्न सकिएन। कुनै अनधिकृत परिवर्तन गरिएको छैन।,"services/api/src/modules/cultural-rules/cultural-rules.service.ts, services/api/src/database/repositories/calendar-event.repository.ts",services/api/test/cultural-rules.service.spec.ts,Calendar and Ritual Event Notices,Implemented with neutral advisory messages; calculations disabled until gate sign-off,HUMAN_GATED,"HG-003 (Jutho), HG-004 (Tithi)"
EC-0090,Kashyap_Adhikari_Edge_Case_Exception_Negative_Test_Traceability_Catalogue_v1.0.xlsx,Edge Case Catalogue,"Calendar, Tithi, Jutho & Shraddha",FR-CULTCAL,Death near Nepal midnight,Calculate with Asia/Kathmandu timezone and approved boundary rule.,We could not complete the request safely. No unauthorized change was made.,अनुरोध सुरक्षित रूपमा पूरा गर्न सकिएन। कुनै अनधिकृत परिवर्तन गरिएको छैन।,"services/api/src/modules/cultural-rules/cultural-rules.service.ts, services/api/src/database/repositories/calendar-event.repository.ts",services/api/test/cultural-rules.service.spec.ts,Calendar and Ritual Event Notices,Implemented with neutral advisory messages; calculations disabled until gate sign-off,HUMAN_GATED,"HG-003 (Jutho), HG-004 (Tithi)"
EC-0091,Kashyap_Adhikari_Edge_Case_Exception_Negative_Test_Traceability_Catalogue_v1.0.xlsx,Edge Case Catalogue,"Calendar, Tithi, Jutho & Shraddha",FR-CULTCAL,Tithi spans civil dates,Show source/calculation explanation and approved applicable date.,We could not complete the request safely. No unauthorized change was made.,अनुरोध सुरक्षित रूपमा पूरा गर्न सकिएन। कुनै अनधिकृत परिवर्तन गरिएको छैन।,"services/api/src/modules/cultural-rules/cultural-rules.service.ts, services/api/src/database/repositories/calendar-event.repository.ts",services/api/test/cultural-rules.service.spec.ts,Calendar and Ritual Event Notices,Implemented with neutral advisory messages; calculations disabled until gate sign-off,HUMAN_GATED,"HG-003 (Jutho), HG-004 (Tithi)"
EC-0092,Kashyap_Adhikari_Edge_Case_Exception_Negative_Test_Traceability_Catalogue_v1.0.xlsx,Edge Case Catalogue,"Calendar, Tithi, Jutho & Shraddha",FR-CULTCAL,Adhik Maas or exceptional month,Apply only approved versioned rule; otherwise withhold result.,We could not complete the request safely. No unauthorized change was made.,अनुरोध सुरक्षित रूपमा पूरा गर्न सकिएन। कुनै अनधिकृत परिवर्तन गरिएको छैन।,"services/api/src/modules/cultural-rules/cultural-rules.service.ts, services/api/src/database/repositories/calendar-event.repository.ts",services/api/test/cultural-rules.service.spec.ts,Calendar and Ritual Event Notices,Implemented with neutral advisory messages; calculations disabled until gate sign-off,HUMAN_GATED,"HG-003 (Jutho), HG-004 (Tithi)"
EC-0093,Kashyap_Adhikari_Edge_Case_Exception_Negative_Test_Traceability_Catalogue_v1.0.xlsx,Edge Case Catalogue,"Calendar, Tithi, Jutho & Shraddha",FR-CULTCAL,Relationship is disputed,Do not issue authoritative ritual consequence until relationship status permits.,We could not complete the request safely. No unauthorized change was made.,अनुरोध सुरक्षित रूपमा पूरा गर्न सकिएन। कुनै अनधिकृत परिवर्तन गरिएको छैन।,"services/api/src/modules/cultural-rules/cultural-rules.service.ts, services/api/src/database/repositories/calendar-event.repository.ts",services/api/test/cultural-rules.service.spec.ts,Calendar and Ritual Event Notices,Implemented with neutral advisory messages; calculations disabled until gate sign-off,HUMAN_GATED,"HG-003 (Jutho), HG-004 (Tithi)"
EC-0094,Kashyap_Adhikari_Edge_Case_Exception_Negative_Test_Traceability_Catalogue_v1.0.xlsx,Edge Case Catalogue,"Calendar, Tithi, Jutho & Shraddha",FR-CULTCAL,Multiple deaths overlap Jutho periods,Apply approved combination/precedence table; show explanation and sources.,We could not complete the request safely. No unauthorized change was made.,अनुरोध सुरक्षित रूपमा पूरा गर्न सकिएन। कुनै अनधिकृत परिवर्तन गरिएको छैन।,"services/api/src/modules/cultural-rules/cultural-rules.service.ts, services/api/src/database/repositories/calendar-event.repository.ts",services/api/test/cultural-rules.service.spec.ts,Calendar and Ritual Event Notices,Implemented with neutral advisory messages; calculations disabled until gate sign-off,HUMAN_GATED,"HG-003 (Jutho), HG-004 (Tithi)"
EC-0095,Kashyap_Adhikari_Edge_Case_Exception_Negative_Test_Traceability_Catalogue_v1.0.xlsx,Edge Case Catalogue,"Calendar, Tithi, Jutho & Shraddha",FR-CULTCAL,Rule corrected after notification sent,"Recalculate, retain history and issue governed correction notice where material.",We could not complete the request safely. No unauthorized change was made.,अनुरोध सुरक्षित रूपमा पूरा गर्न सकिएन। कुनै अनधिकृत परिवर्तन गरिएको छैन।,"services/api/src/modules/cultural-rules/cultural-rules.service.ts, services/api/src/database/repositories/calendar-event.repository.ts",services/api/test/cultural-rules.service.spec.ts,Calendar and Ritual Event Notices,Implemented with neutral advisory messages; calculations disabled until gate sign-off,HUMAN_GATED,"HG-003 (Jutho), HG-004 (Tithi)"
EC-0096,Kashyap_Adhikari_Edge_Case_Exception_Negative_Test_Traceability_Catalogue_v1.0.xlsx,Edge Case Catalogue,"Calendar, Tithi, Jutho & Shraddha",FR-CULTCAL,User device timezone differs,Display Nepal-authoritative calculation and optionally local viewing time clearly labelled.,We could not complete the request safely. No unauthorized change was made.,अनुरोध सुरक्षित रूपमा पूरा गर्न सकिएन। कुनै अनधिकृत परिवर्तन गरिएको छैन।,"services/api/src/modules/cultural-rules/cultural-rules.service.ts, services/api/src/database/repositories/calendar-event.repository.ts",services/api/test/cultural-rules.service.spec.ts,Calendar and Ritual Event Notices,Implemented with neutral advisory messages; calculations disabled until gate sign-off,HUMAN_GATED,"HG-003 (Jutho), HG-004 (Tithi)"
EC-0097,Kashyap_Adhikari_Edge_Case_Exception_Negative_Test_Traceability_Catalogue_v1.0.xlsx,Edge Case Catalogue,"Calendar, Tithi, Jutho & Shraddha",FR-CULTCAL,Manual authority override,"Require reason, evidence, dual approval, effective scope and audit; preserve computed value.",We could not complete the request safely. No unauthorized change was made.,अनुरोध सुरक्षित रूपमा पूरा गर्न सकिएन। कुनै अनधिकृत परिवर्तन गरिएको छैन।,"services/api/src/modules/cultural-rules/cultural-rules.service.ts, services/api/src/database/repositories/calendar-event.repository.ts",services/api/test/cultural-rules.service.spec.ts,Calendar and Ritual Event Notices,Implemented with neutral advisory messages; calculations disabled until gate sign-off,HUMAN_GATED,"HG-003 (Jutho), HG-004 (Tithi)"
EC-0098,Kashyap_Adhikari_Edge_Case_Exception_Negative_Test_Traceability_Catalogue_v1.0.xlsx,Edge Case Catalogue,"Calendar, Tithi, Jutho & Shraddha",FR-CULTCAL,Rule table incomplete,Activation validation fails; existing approved version remains active.,This service is temporarily unavailable. Please try again.,यो सेवा हाल उपलब्ध छैन। कृपया पुनः प्रयास गर्नुहोस्।,"services/api/src/modules/cultural-rules/cultural-rules.service.ts, services/api/src/database/repositories/calendar-event.repository.ts",services/api/test/cultural-rules.service.spec.ts,Calendar and Ritual Event Notices,Implemented with neutral advisory messages; calculations disabled until gate sign-off,HUMAN_GATED,"HG-003 (Jutho), HG-004 (Tithi)"
EC-0099,Kashyap_Adhikari_Edge_Case_Exception_Negative_Test_Traceability_Catalogue_v1.0.xlsx,Edge Case Catalogue,"Content, Rituals & Localization",FR-CONTENT,Draft published without second approval,Block publication and audit attempted bypass.,This action cannot be completed. Review the information and try again.,यो कार्य पूरा गर्न सकिएन। जानकारी जाँच गरी पुनः प्रयास गर्नुहोस्।,services/api/src/,services/api/test/,Acceptance test for EC-0099: Draft published without second approval,Contract and error catalogue mapped; integration test scheduled,PLANNED,None
EC-0100,Kashyap_Adhikari_Edge_Case_Exception_Negative_Test_Traceability_Catalogue_v1.0.xlsx,Edge Case Catalogue,"Content, Rituals & Localization",FR-CONTENT,Citation missing or broken,Prevent authoritative cultural publication or mark non-authoritative content according to policy.,We could not complete the request safely. No unauthorized change was made.,अनुरोध सुरक्षित रूपमा पूरा गर्न सकिएन। कुनै अनधिकृत परिवर्तन गरिएको छैन।,services/api/src/,services/api/test/,Acceptance test for EC-0100: Citation missing or broken,Contract and error catalogue mapped; integration test scheduled,PLANNED,None
EC-0101,Kashyap_Adhikari_Edge_Case_Exception_Negative_Test_Traceability_Catalogue_v1.0.xlsx,Edge Case Catalogue,"Content, Rituals & Localization",FR-CONTENT,Nepali and English versions diverge,Flag translation mismatch; identify governing source language and block affected publication if material.,This action cannot be completed. Review the information and try again.,यो कार्य पूरा गर्न सकिएन। जानकारी जाँच गरी पुनः प्रयास गर्नुहोस्।,services/api/src/,services/api/test/,Acceptance test for EC-0101: Nepali and English versions diverge,Contract and error catalogue mapped; integration test scheduled,PLANNED,None
EC-0102,Kashyap_Adhikari_Edge_Case_Exception_Negative_Test_Traceability_Catalogue_v1.0.xlsx,Edge Case Catalogue,"Content, Rituals & Localization",FR-CONTENT,Content updated while under review,Create new version; reviewer decision applies only to reviewed version.,Your request is pending review.,तपाईंको अनुरोध समीक्षा हुन बाँकी छ।,services/api/src/,services/api/test/,Acceptance test for EC-0102: Content updated while under review,Contract and error catalogue mapped; integration test scheduled,PLANNED,None
EC-0103,Kashyap_Adhikari_Edge_Case_Exception_Negative_Test_Traceability_Catalogue_v1.0.xlsx,Edge Case Catalogue,"Content, Rituals & Localization",FR-CONTENT,Published content withdrawn,"Remove from normal display, preserve archive/audit and issue correction if required.",We could not complete the request safely. No unauthorized change was made.,अनुरोध सुरक्षित रूपमा पूरा गर्न सकिएन। कुनै अनधिकृत परिवर्तन गरिएको छैन।,services/api/src/,services/api/test/,Acceptance test for EC-0103: Published content withdrawn,Contract and error catalogue mapped; integration test scheduled,PLANNED,None
EC-0104,Kashyap_Adhikari_Edge_Case_Exception_Negative_Test_Traceability_Catalogue_v1.0.xlsx,Edge Case Catalogue,"Content, Rituals & Localization",FR-CONTENT,Unsupported Unicode/font rendering,Use tested fallback font and report; never replace characters with misleading text.,We could not complete the request safely. No unauthorized change was made.,अनुरोध सुरक्षित रूपमा पूरा गर्न सकिएन। कुनै अनधिकृत परिवर्तन गरिएको छैन।,services/api/src/,services/api/test/,Acceptance test for EC-0104: Unsupported Unicode/font rendering,Contract and error catalogue mapped; integration test scheduled,PLANNED,None
EC-0105,Kashyap_Adhikari_Edge_Case_Exception_Negative_Test_Traceability_Catalogue_v1.0.xlsx,Edge Case Catalogue,"Content, Rituals & Localization",FR-CONTENT,Very long translated label,Wrap/reflow without truncating meaning; test dynamic text sizing/accessibility.,We could not complete the request safely. No unauthorized change was made.,अनुरोध सुरक्षित रूपमा पूरा गर्न सकिएन। कुनै अनधिकृत परिवर्तन गरिएको छैन।,services/api/src/,services/api/test/,Acceptance test for EC-0105: Very long translated label,Contract and error catalogue mapped; integration test scheduled,PLANNED,None
EC-0106,Kashyap_Adhikari_Edge_Case_Exception_Negative_Test_Traceability_Catalogue_v1.0.xlsx,Edge Case Catalogue,"Content, Rituals & Localization",FR-CONTENT,Regional ritual variation submitted,Store as sourced proposal with applicability; do not replace standard content automatically.,We could not complete the request safely. No unauthorized change was made.,अनुरोध सुरक्षित रूपमा पूरा गर्न सकिएन। कुनै अनधिकृत परिवर्तन गरिएको छैन।,services/api/src/,services/api/test/,Acceptance test for EC-0106: Regional ritual variation submitted,Contract and error catalogue mapped; integration test scheduled,PLANNED,None
EC-0107,Kashyap_Adhikari_Edge_Case_Exception_Negative_Test_Traceability_Catalogue_v1.0.xlsx,Edge Case Catalogue,"Content, Rituals & Localization",FR-CONTENT,Search finds restricted draft,Return no content to unauthorized users; do not leak title/snippet.,We could not complete the request safely. No unauthorized change was made.,अनुरोध सुरक्षित रूपमा पूरा गर्न सकिएन। कुनै अनधिकृत परिवर्तन गरिएको छैन।,services/api/src/,services/api/test/,Acceptance test for EC-0107: Search finds restricted draft,Contract and error catalogue mapped; integration test scheduled,PLANNED,None
EC-0108,Kashyap_Adhikari_Edge_Case_Exception_Negative_Test_Traceability_Catalogue_v1.0.xlsx,Edge Case Catalogue,"Content, Rituals & Localization",FR-CONTENT,External link unsafe/unavailable,"Validate scheme, warn/disable unsafe link and keep cited metadata.",This service is temporarily unavailable. Please try again.,यो सेवा हाल उपलब्ध छैन। कृपया पुनः प्रयास गर्नुहोस्।,services/api/src/,services/api/test/,Acceptance test for EC-0108: External link unsafe/unavailable,Contract and error catalogue mapped; integration test scheduled,PLANNED,None
EC-0109,Kashyap_Adhikari_Edge_Case_Exception_Negative_Test_Traceability_Catalogue_v1.0.xlsx,Edge Case Catalogue,"Events, Invitations & RSVP",FR-EVENT,Event end precedes start,Reject and retain draft input for correction.,This action cannot be completed. Review the information and try again.,यो कार्य पूरा गर्न सकिएन। जानकारी जाँच गरी पुनः प्रयास गर्नुहोस्।,services/api/src/modules/community/community.service.ts,services/api/test/community.service.spec.ts,CommunityService RSVP tracking,PASS: Records GOING/MAYBE/DECLINED attendee responses,VERIFIED,None
EC-0110,Kashyap_Adhikari_Edge_Case_Exception_Negative_Test_Traceability_Catalogue_v1.0.xlsx,Edge Case Catalogue,"Events, Invitations & RSVP",FR-EVENT,Event timezone omitted,Default only to documented Nepal timezone and display it explicitly.,We could not complete the request safely. No unauthorized change was made.,अनुरोध सुरक्षित रूपमा पूरा गर्न सकिएन। कुनै अनधिकृत परिवर्तन गरिएको छैन।,services/api/src/modules/community/community.service.ts,services/api/test/community.service.spec.ts,CommunityService RSVP tracking,PASS: Records GOING/MAYBE/DECLINED attendee responses,VERIFIED,None
EC-0111,Kashyap_Adhikari_Edge_Case_Exception_Negative_Test_Traceability_Catalogue_v1.0.xlsx,Edge Case Catalogue,"Events, Invitations & RSVP",FR-EVENT,Audience genealogy changes after send,Freeze sent audience snapshot; new invitations require governed resend/update decision.,We could not complete the request safely. No unauthorized change was made.,अनुरोध सुरक्षित रूपमा पूरा गर्न सकिएन। कुनै अनधिकृत परिवर्तन गरिएको छैन।,services/api/src/modules/community/community.service.ts,services/api/test/community.service.spec.ts,CommunityService RSVP tracking,PASS: Records GOING/MAYBE/DECLINED attendee responses,VERIFIED,None
EC-0112,Kashyap_Adhikari_Edge_Case_Exception_Negative_Test_Traceability_Catalogue_v1.0.xlsx,Edge Case Catalogue,"Events, Invitations & RSVP",FR-EVENT,Invitee has no account,Create privacy-safe invitation token/notification route without creating an account.,We could not complete the request safely. No unauthorized change was made.,अनुरोध सुरक्षित रूपमा पूरा गर्न सकिएन। कुनै अनधिकृत परिवर्तन गरिएको छैन।,services/api/src/modules/community/community.service.ts,services/api/test/community.service.spec.ts,CommunityService RSVP tracking,PASS: Records GOING/MAYBE/DECLINED attendee responses,VERIFIED,None
EC-0113,Kashyap_Adhikari_Edge_Case_Exception_Negative_Test_Traceability_Catalogue_v1.0.xlsx,Edge Case Catalogue,"Events, Invitations & RSVP",FR-EVENT,Invitation link forwarded,Validate intended audience/claim and avoid revealing private event details before authorization.,We could not complete the request safely. No unauthorized change was made.,अनुरोध सुरक्षित रूपमा पूरा गर्न सकिएन। कुनै अनधिकृत परिवर्तन गरिएको छैन।,services/api/src/modules/community/community.service.ts,services/api/test/community.service.spec.ts,CommunityService RSVP tracking,PASS: Records GOING/MAYBE/DECLINED attendee responses,VERIFIED,None
EC-0114,Kashyap_Adhikari_Edge_Case_Exception_Negative_Test_Traceability_Catalogue_v1.0.xlsx,Edge Case Catalogue,"Events, Invitations & RSVP",FR-EVENT,RSVP submitted repeatedly,Process idempotently and retain latest permitted status with audit.,We could not complete the request safely. No unauthorized change was made.,अनुरोध सुरक्षित रूपमा पूरा गर्न सकिएन। कुनै अनधिकृत परिवर्तन गरिएको छैन।,services/api/src/modules/community/community.service.ts,services/api/test/community.service.spec.ts,CommunityService RSVP tracking,PASS: Records GOING/MAYBE/DECLINED attendee responses,VERIFIED,None
EC-0115,Kashyap_Adhikari_Edge_Case_Exception_Negative_Test_Traceability_Catalogue_v1.0.xlsx,Edge Case Catalogue,"Events, Invitations & RSVP",FR-EVENT,Capacity reached concurrently,Use atomic capacity rule; waitlist/reject deterministically without overbooking.,The information changed. Review the latest version before continuing.,जानकारी परिवर्तन भएको छ। अगाडि बढ्नु अघि नयाँ संस्करण जाँच गर्नुहोस्।,services/api/src/modules/community/community.service.ts,services/api/test/community.service.spec.ts,CommunityService RSVP tracking,PASS: Records GOING/MAYBE/DECLINED attendee responses,VERIFIED,None
EC-0116,Kashyap_Adhikari_Edge_Case_Exception_Negative_Test_Traceability_Catalogue_v1.0.xlsx,Edge Case Catalogue,"Events, Invitations & RSVP",FR-EVENT,Event cancelled after reminders queued,Cancel pending reminders and send cancellation once.,Your request is pending review.,तपाईंको अनुरोध समीक्षा हुन बाँकी छ।,services/api/src/modules/community/community.service.ts,services/api/test/community.service.spec.ts,CommunityService RSVP tracking,PASS: Records GOING/MAYBE/DECLINED attendee responses,VERIFIED,None
EC-0117,Kashyap_Adhikari_Edge_Case_Exception_Negative_Test_Traceability_Catalogue_v1.0.xlsx,Edge Case Catalogue,"Events, Invitations & RSVP",FR-EVENT,Organizer loses authority,Suspend edits/sends and transfer through approved admin workflow.,We could not complete the request safely. No unauthorized change was made.,अनुरोध सुरक्षित रूपमा पूरा गर्न सकिएन। कुनै अनधिकृत परिवर्तन गरिएको छैन।,services/api/src/modules/community/community.service.ts,services/api/test/community.service.spec.ts,CommunityService RSVP tracking,PASS: Records GOING/MAYBE/DECLINED attendee responses,VERIFIED,None
EC-0118,Kashyap_Adhikari_Edge_Case_Exception_Negative_Test_Traceability_Catalogue_v1.0.xlsx,Edge Case Catalogue,"Events, Invitations & RSVP",FR-EVENT,Group chat tied to event expires,Apply approved lifecycle and retention; preserve required audit/evidence.,We could not complete the request safely. No unauthorized change was made.,अनुरोध सुरक्षित रूपमा पूरा गर्न सकिएन। कुनै अनधिकृत परिवर्तन गरिएको छैन।,services/api/src/modules/community/community.service.ts,services/api/test/community.service.spec.ts,CommunityService RSVP tracking,PASS: Records GOING/MAYBE/DECLINED attendee responses,VERIFIED,None
EC-0119,Kashyap_Adhikari_Edge_Case_Exception_Negative_Test_Traceability_Catalogue_v1.0.xlsx,Edge Case Catalogue,"Events, Invitations & RSVP",FR-EVENT,Invitation delivery fails,"Record per-recipient failure, retry policy and organizer summary without exposing other recipients.",This service is temporarily unavailable. Please try again.,यो सेवा हाल उपलब्ध छैन। कृपया पुनः प्रयास गर्नुहोस्।,services/api/src/modules/community/community.service.ts,services/api/test/community.service.spec.ts,CommunityService RSVP tracking,PASS: Records GOING/MAYBE/DECLINED attendee responses,VERIFIED,None
EC-0120,Kashyap_Adhikari_Edge_Case_Exception_Negative_Test_Traceability_Catalogue_v1.0.xlsx,Edge Case Catalogue,"Events, Invitations & RSVP",FR-EVENT,Minor invited,Apply guardian/privacy and visibility rules before delivery.,We could not complete the request safely. No unauthorized change was made.,अनुरोध सुरक्षित रूपमा पूरा गर्न सकिएन। कुनै अनधिकृत परिवर्तन गरिएको छैन।,services/api/src/modules/community/community.service.ts,services/api/test/community.service.spec.ts,CommunityService RSVP tracking,PASS: Records GOING/MAYBE/DECLINED attendee responses,VERIFIED,None
EC-0121,Kashyap_Adhikari_Edge_Case_Exception_Negative_Test_Traceability_Catalogue_v1.0.xlsx,Edge Case Catalogue,Community Posts & Moderation,FR-COMMUNITY,Post contains prohibited file,Reject/quarantine before publication and provide safe reason.,This action cannot be completed. Review the information and try again.,यो कार्य पूरा गर्न सकिएन। जानकारी जाँच गरी पुनः प्रयास गर्नुहोस्।,services/api/src/modules/community/community.service.ts,services/api/test/community.service.spec.ts,CommunityService moderation and flagging,PASS: Flags posts and hides unapproved items from public feed,VERIFIED,None
EC-0122,Kashyap_Adhikari_Edge_Case_Exception_Negative_Test_Traceability_Catalogue_v1.0.xlsx,Edge Case Catalogue,Community Posts & Moderation,FR-COMMUNITY,Post edited after report,Preserve reported version and review evidence; display only permitted current state.,Your request is pending review.,तपाईंको अनुरोध समीक्षा हुन बाँकी छ।,services/api/src/modules/community/community.service.ts,services/api/test/community.service.spec.ts,CommunityService moderation and flagging,PASS: Flags posts and hides unapproved items from public feed,VERIFIED,None
EC-0123,Kashyap_Adhikari_Edge_Case_Exception_Negative_Test_Traceability_Catalogue_v1.0.xlsx,Edge Case Catalogue,Community Posts & Moderation,FR-COMMUNITY,Author deletes reported post,Hide from members but retain moderation/legal evidence per policy.,We could not complete the request safely. No unauthorized change was made.,अनुरोध सुरक्षित रूपमा पूरा गर्न सकिएन। कुनै अनधिकृत परिवर्तन गरिएको छैन।,services/api/src/modules/community/community.service.ts,services/api/test/community.service.spec.ts,CommunityService moderation and flagging,PASS: Flags posts and hides unapproved items from public feed,VERIFIED,None
EC-0124,Kashyap_Adhikari_Edge_Case_Exception_Negative_Test_Traceability_Catalogue_v1.0.xlsx,Edge Case Catalogue,Community Posts & Moderation,FR-COMMUNITY,Duplicate emergency announcement,Detect/flag duplicate; authorized moderator decides consolidation.,We could not complete the request safely. No unauthorized change was made.,अनुरोध सुरक्षित रूपमा पूरा गर्न सकिएन। कुनै अनधिकृत परिवर्तन गरिएको छैन।,services/api/src/modules/community/community.service.ts,services/api/test/community.service.spec.ts,CommunityService moderation and flagging,PASS: Flags posts and hides unapproved items from public feed,VERIFIED,None
EC-0125,Kashyap_Adhikari_Edge_Case_Exception_Negative_Test_Traceability_Catalogue_v1.0.xlsx,Edge Case Catalogue,Community Posts & Moderation,FR-COMMUNITY,Reporter blocks author,Apply block immediately to member interaction while moderation proceeds independently.,This action cannot be completed. Review the information and try again.,यो कार्य पूरा गर्न सकिएन। जानकारी जाँच गरी पुनः प्रयास गर्नुहोस्।,services/api/src/modules/community/community.service.ts,services/api/test/community.service.spec.ts,CommunityService moderation and flagging,PASS: Flags posts and hides unapproved items from public feed,VERIFIED,None
EC-0126,Kashyap_Adhikari_Edge_Case_Exception_Negative_Test_Traceability_Catalogue_v1.0.xlsx,Edge Case Catalogue,Community Posts & Moderation,FR-COMMUNITY,Moderator reviews own/direct-family case,Require recusal and reassignment.,Your request is pending review.,तपाईंको अनुरोध समीक्षा हुन बाँकी छ।,services/api/src/modules/community/community.service.ts,services/api/test/community.service.spec.ts,CommunityService moderation and flagging,PASS: Flags posts and hides unapproved items from public feed,VERIFIED,None
EC-0127,Kashyap_Adhikari_Edge_Case_Exception_Negative_Test_Traceability_Catalogue_v1.0.xlsx,Edge Case Catalogue,Community Posts & Moderation,FR-COMMUNITY,Mass reporting attack,Rate-limit and detect abuse without automatically punishing target solely by report count.,We could not complete the request safely. No unauthorized change was made.,अनुरोध सुरक्षित रूपमा पूरा गर्न सकिएन। कुनै अनधिकृत परिवर्तन गरिएको छैन।,services/api/src/modules/community/community.service.ts,services/api/test/community.service.spec.ts,CommunityService moderation and flagging,PASS: Flags posts and hides unapproved items from public feed,VERIFIED,None
EC-0128,Kashyap_Adhikari_Edge_Case_Exception_Negative_Test_Traceability_Catalogue_v1.0.xlsx,Edge Case Catalogue,Community Posts & Moderation,FR-COMMUNITY,Appeal filed after action,"Create independent review with original content, decision and reason preserved.",Your request is pending review.,तपाईंको अनुरोध समीक्षा हुन बाँकी छ।,services/api/src/modules/community/community.service.ts,services/api/test/community.service.spec.ts,CommunityService moderation and flagging,PASS: Flags posts and hides unapproved items from public feed,VERIFIED,None
EC-0129,Kashyap_Adhikari_Edge_Case_Exception_Negative_Test_Traceability_Catalogue_v1.0.xlsx,Edge Case Catalogue,Community Posts & Moderation,FR-COMMUNITY,Location/contact in public post,Warn/redact/block according to privacy and safety rules.,This action cannot be completed. Review the information and try again.,यो कार्य पूरा गर्न सकिएन। जानकारी जाँच गरी पुनः प्रयास गर्नुहोस्।,services/api/src/modules/community/community.service.ts,services/api/test/community.service.spec.ts,CommunityService moderation and flagging,PASS: Flags posts and hides unapproved items from public feed,VERIFIED,None
EC-0130,Kashyap_Adhikari_Edge_Case_Exception_Negative_Test_Traceability_Catalogue_v1.0.xlsx,Edge Case Catalogue,Community Posts & Moderation,FR-COMMUNITY,Scheduled post publisher loses authority,Cancel/pause scheduled publication pending reassignment.,Your request is pending review.,तपाईंको अनुरोध समीक्षा हुन बाँकी छ।,services/api/src/modules/community/community.service.ts,services/api/test/community.service.spec.ts,CommunityService moderation and flagging,PASS: Flags posts and hides unapproved items from public feed,VERIFIED,None
EC-0131,Kashyap_Adhikari_Edge_Case_Exception_Negative_Test_Traceability_Catalogue_v1.0.xlsx,Edge Case Catalogue,Community Posts & Moderation,FR-COMMUNITY,Comment arrives as post is locked,Reject atomically and preserve client draft for user.,This action cannot be completed. Review the information and try again.,यो कार्य पूरा गर्न सकिएन। जानकारी जाँच गरी पुनः प्रयास गर्नुहोस्।,services/api/src/modules/community/community.service.ts,services/api/test/community.service.spec.ts,CommunityService moderation and flagging,PASS: Flags posts and hides unapproved items from public feed,VERIFIED,None
EC-0132,Kashyap_Adhikari_Edge_Case_Exception_Negative_Test_Traceability_Catalogue_v1.0.xlsx,Edge Case Catalogue,Community Posts & Moderation,FR-COMMUNITY,Legal hold applies,Prevent destructive deletion while restricting normal visibility and auditing access.,We could not complete the request safely. No unauthorized change was made.,अनुरोध सुरक्षित रूपमा पूरा गर्न सकिएन। कुनै अनधिकृत परिवर्तन गरिएको छैन।,services/api/src/modules/community/community.service.ts,services/api/test/community.service.spec.ts,CommunityService moderation and flagging,PASS: Flags posts and hides unapproved items from public feed,VERIFIED,None
EC-0133,Kashyap_Adhikari_Edge_Case_Exception_Negative_Test_Traceability_Catalogue_v1.0.xlsx,Edge Case Catalogue,Map & Location,FR-MAP,Precise location not consented,Store/show approved approximate locality only.,We could not complete the request safely. No unauthorized change was made.,अनुरोध सुरक्षित रूपमा पूरा गर्न सकिएन। कुनै अनधिकृत परिवर्तन गरिएको छैन।,services/api/src/modules/map/map.service.ts,services/api/test/map.service.spec.ts,MapService spatial privacy and bounding box,PASS: Obfuscates unverified coordinates to district centroids,VERIFIED,None
EC-0134,Kashyap_Adhikari_Edge_Case_Exception_Negative_Test_Traceability_Catalogue_v1.0.xlsx,Edge Case Catalogue,Map & Location,FR-MAP,Location permission denied,Permit manual locality selection; keep map core optional.,We could not complete the request safely. No unauthorized change was made.,अनुरोध सुरक्षित रूपमा पूरा गर्न सकिएन। कुनै अनधिकृत परिवर्तन गरिएको छैन।,services/api/src/modules/map/map.service.ts,services/api/test/map.service.spec.ts,MapService spatial privacy and bounding box,PASS: Obfuscates unverified coordinates to district centroids,VERIFIED,None
EC-0135,Kashyap_Adhikari_Edge_Case_Exception_Negative_Test_Traceability_Catalogue_v1.0.xlsx,Edge Case Catalogue,Map & Location,FR-MAP,Household members choose different visibility,Apply most restrictive applicable household/person rule without exposing dissent.,We could not complete the request safely. No unauthorized change was made.,अनुरोध सुरक्षित रूपमा पूरा गर्न सकिएन। कुनै अनधिकृत परिवर्तन गरिएको छैन।,services/api/src/modules/map/map.service.ts,services/api/test/map.service.spec.ts,MapService spatial privacy and bounding box,PASS: Obfuscates unverified coordinates to district centroids,VERIFIED,None
EC-0136,Kashyap_Adhikari_Edge_Case_Exception_Negative_Test_Traceability_Catalogue_v1.0.xlsx,Edge Case Catalogue,Map & Location,FR-MAP,Coordinates outside Nepal,Allow evidence-backed residence where scope permits; flag invalid/geocoding anomalies.,We could not complete the request safely. No unauthorized change was made.,अनुरोध सुरक्षित रूपमा पूरा गर्न सकिएन। कुनै अनधिकृत परिवर्तन गरिएको छैन।,services/api/src/modules/map/map.service.ts,services/api/test/map.service.spec.ts,MapService spatial privacy and bounding box,PASS: Obfuscates unverified coordinates to district centroids,VERIFIED,None
EC-0137,Kashyap_Adhikari_Edge_Case_Exception_Negative_Test_Traceability_Catalogue_v1.0.xlsx,Edge Case Catalogue,Map & Location,FR-MAP,Geocoder returns multiple matches,Require user selection; never silently choose precise address.,We could not complete the request safely. No unauthorized change was made.,अनुरोध सुरक्षित रूपमा पूरा गर्न सकिएन। कुनै अनधिकृत परिवर्तन गरिएको छैन।,services/api/src/modules/map/map.service.ts,services/api/test/map.service.spec.ts,MapService spatial privacy and bounding box,PASS: Obfuscates unverified coordinates to district centroids,VERIFIED,None
EC-0138,Kashyap_Adhikari_Edge_Case_Exception_Negative_Test_Traceability_Catalogue_v1.0.xlsx,Edge Case Catalogue,Map & Location,FR-MAP,Map provider unavailable,Show list/degraded view and clear unavailable state.,This service is temporarily unavailable. Please try again.,यो सेवा हाल उपलब्ध छैन। कृपया पुनः प्रयास गर्नुहोस्।,services/api/src/modules/map/map.service.ts,services/api/test/map.service.spec.ts,MapService spatial privacy and bounding box,PASS: Obfuscates unverified coordinates to district centroids,VERIFIED,None
EC-0139,Kashyap_Adhikari_Edge_Case_Exception_Negative_Test_Traceability_Catalogue_v1.0.xlsx,Edge Case Catalogue,Map & Location,FR-MAP,Restricted person appears in cluster count,Apply approved aggregation threshold so count does not enable re-identification.,We could not complete the request safely. No unauthorized change was made.,अनुरोध सुरक्षित रूपमा पूरा गर्न सकिएन। कुनै अनधिकृत परिवर्तन गरिएको छैन।,services/api/src/modules/map/map.service.ts,services/api/test/map.service.spec.ts,MapService spatial privacy and bounding box,PASS: Obfuscates unverified coordinates to district centroids,VERIFIED,None
EC-0140,Kashyap_Adhikari_Edge_Case_Exception_Negative_Test_Traceability_Catalogue_v1.0.xlsx,Edge Case Catalogue,Map & Location,FR-MAP,User screenshots map,Display privacy warning where appropriate; server still enforces minimum detail.,We could not complete the request safely. No unauthorized change was made.,अनुरोध सुरक्षित रूपमा पूरा गर्न सकिएन। कुनै अनधिकृत परिवर्तन गरिएको छैन।,services/api/src/modules/map/map.service.ts,services/api/test/map.service.spec.ts,MapService spatial privacy and bounding box,PASS: Obfuscates unverified coordinates to district centroids,VERIFIED,None
EC-0141,Kashyap_Adhikari_Edge_Case_Exception_Negative_Test_Traceability_Catalogue_v1.0.xlsx,Edge Case Catalogue,Map & Location,FR-MAP,Household moved,Version residence history and update current map without erasing provenance.,We could not complete the request safely. No unauthorized change was made.,अनुरोध सुरक्षित रूपमा पूरा गर्न सकिएन। कुनै अनधिकृत परिवर्तन गरिएको छैन।,services/api/src/modules/map/map.service.ts,services/api/test/map.service.spec.ts,MapService spatial privacy and bounding box,PASS: Obfuscates unverified coordinates to district centroids,VERIFIED,None
EC-0142,Kashyap_Adhikari_Edge_Case_Exception_Negative_Test_Traceability_Catalogue_v1.0.xlsx,Edge Case Catalogue,Map & Location,FR-MAP,Location deletion requested,Remove/restrict derived map data and rebuild indexes/caches according to retention policy.,We could not complete the request safely. No unauthorized change was made.,अनुरोध सुरक्षित रूपमा पूरा गर्न सकिएन। कुनै अनधिकृत परिवर्तन गरिएको छैन।,services/api/src/modules/map/map.service.ts,services/api/test/map.service.spec.ts,MapService spatial privacy and bounding box,PASS: Obfuscates unverified coordinates to district centroids,VERIFIED,None
EC-0143,Kashyap_Adhikari_Edge_Case_Exception_Negative_Test_Traceability_Catalogue_v1.0.xlsx,Edge Case Catalogue,"Chat, Groups & Presence",FR-CHAT,Message sent twice after retry,Use client/idempotency key and show one message.,We could not complete the request safely. No unauthorized change was made.,अनुरोध सुरक्षित रूपमा पूरा गर्न सकिएन। कुनै अनधिकृत परिवर्तन गरिएको छैन।,services/api/src/modules/chat/chat.service.ts,services/api/test/chat.service.spec.ts,ChatService conversation and participant guards,"PASS: Rejects non-participants, updates read receipts",VERIFIED,None
EC-0144,Kashyap_Adhikari_Edge_Case_Exception_Negative_Test_Traceability_Catalogue_v1.0.xlsx,Edge Case Catalogue,"Chat, Groups & Presence",FR-CHAT,Message saved but push fails,Keep message delivered state independent; retry notification without duplicating message.,This service is temporarily unavailable. Please try again.,यो सेवा हाल उपलब्ध छैन। कृपया पुनः प्रयास गर्नुहोस्।,services/api/src/modules/chat/chat.service.ts,services/api/test/chat.service.spec.ts,ChatService conversation and participant guards,"PASS: Rejects non-participants, updates read receipts",VERIFIED,None
EC-0145,Kashyap_Adhikari_Edge_Case_Exception_Negative_Test_Traceability_Catalogue_v1.0.xlsx,Edge Case Catalogue,"Chat, Groups & Presence",FR-CHAT,Attachment upload succeeds but message fails,Expire/delete orphan asset or attach on safe retry according to lifecycle.,This service is temporarily unavailable. Please try again.,यो सेवा हाल उपलब्ध छैन। कृपया पुनः प्रयास गर्नुहोस्।,services/api/src/modules/chat/chat.service.ts,services/api/test/chat.service.spec.ts,ChatService conversation and participant guards,"PASS: Rejects non-participants, updates read receipts",VERIFIED,None
EC-0146,Kashyap_Adhikari_Edge_Case_Exception_Negative_Test_Traceability_Catalogue_v1.0.xlsx,Edge Case Catalogue,"Chat, Groups & Presence",FR-CHAT,Recipient blocks sender during send,Enforce current server-side block; do not deliver newly unauthorized message.,This action cannot be completed. Review the information and try again.,यो कार्य पूरा गर्न सकिएन। जानकारी जाँच गरी पुनः प्रयास गर्नुहोस्।,services/api/src/modules/chat/chat.service.ts,services/api/test/chat.service.spec.ts,ChatService conversation and participant guards,"PASS: Rejects non-participants, updates read receipts",VERIFIED,None
EC-0147,Kashyap_Adhikari_Edge_Case_Exception_Negative_Test_Traceability_Catalogue_v1.0.xlsx,Edge Case Catalogue,"Chat, Groups & Presence",FR-CHAT,User removed from group while offline,Deny later synchronization beyond authorized history/retention policy.,This action cannot be completed. Review the information and try again.,यो कार्य पूरा गर्न सकिएन। जानकारी जाँच गरी पुनः प्रयास गर्नुहोस्।,services/api/src/modules/chat/chat.service.ts,services/api/test/chat.service.spec.ts,ChatService conversation and participant guards,"PASS: Rejects non-participants, updates read receipts",VERIFIED,None
EC-0148,Kashyap_Adhikari_Edge_Case_Exception_Negative_Test_Traceability_Catalogue_v1.0.xlsx,Edge Case Catalogue,"Chat, Groups & Presence",FR-CHAT,Admin deletes member account,Preserve conversation integrity with anonymized/deleted-member representation as policy requires.,We could not complete the request safely. No unauthorized change was made.,अनुरोध सुरक्षित रूपमा पूरा गर्न सकिएन। कुनै अनधिकृत परिवर्तन गरिएको छैन।,services/api/src/modules/chat/chat.service.ts,services/api/test/chat.service.spec.ts,ChatService conversation and participant guards,"PASS: Rejects non-participants, updates read receipts",VERIFIED,None
EC-0149,Kashyap_Adhikari_Edge_Case_Exception_Negative_Test_Traceability_Catalogue_v1.0.xlsx,Edge Case Catalogue,"Chat, Groups & Presence",FR-CHAT,Message edited after quoted/replied,Preserve version semantics and indicate edit without altering quoted historical meaning.,We could not complete the request safely. No unauthorized change was made.,अनुरोध सुरक्षित रूपमा पूरा गर्न सकिएन। कुनै अनधिकृत परिवर्तन गरिएको छैन।,services/api/src/modules/chat/chat.service.ts,services/api/test/chat.service.spec.ts,ChatService conversation and participant guards,"PASS: Rejects non-participants, updates read receipts",VERIFIED,None
EC-0150,Kashyap_Adhikari_Edge_Case_Exception_Negative_Test_Traceability_Catalogue_v1.0.xlsx,Edge Case Catalogue,"Chat, Groups & Presence",FR-CHAT,Clock skew changes ordering,"Use server sequence/timestamp, not device time.",We could not complete the request safely. No unauthorized change was made.,अनुरोध सुरक्षित रूपमा पूरा गर्न सकिएन। कुनै अनधिकृत परिवर्तन गरिएको छैन।,services/api/src/modules/chat/chat.service.ts,services/api/test/chat.service.spec.ts,ChatService conversation and participant guards,"PASS: Rejects non-participants, updates read receipts",VERIFIED,None
EC-0151,Kashyap_Adhikari_Edge_Case_Exception_Negative_Test_Traceability_Catalogue_v1.0.xlsx,Edge Case Catalogue,"Chat, Groups & Presence",FR-CHAT,Two admins change group membership,Use atomic/versioned membership and deterministic conflict response.,The information changed. Review the latest version before continuing.,जानकारी परिवर्तन भएको छ। अगाडि बढ्नु अघि नयाँ संस्करण जाँच गर्नुहोस्।,services/api/src/modules/chat/chat.service.ts,services/api/test/chat.service.spec.ts,ChatService conversation and participant guards,"PASS: Rejects non-participants, updates read receipts",VERIFIED,None
EC-0152,Kashyap_Adhikari_Edge_Case_Exception_Negative_Test_Traceability_Catalogue_v1.0.xlsx,Edge Case Catalogue,"Chat, Groups & Presence",FR-CHAT,Media scan pending,Do not make file downloadable until approved scan state.,Your request is pending review.,तपाईंको अनुरोध समीक्षा हुन बाँकी छ।,services/api/src/modules/chat/chat.service.ts,services/api/test/chat.service.spec.ts,ChatService conversation and participant guards,"PASS: Rejects non-participants, updates read receipts",VERIFIED,None
EC-0153,Kashyap_Adhikari_Edge_Case_Exception_Negative_Test_Traceability_Catalogue_v1.0.xlsx,Edge Case Catalogue,"Chat, Groups & Presence",FR-CHAT,Unsupported attachment type,Reject before upload or quarantine; explain allowed types/size.,This action cannot be completed. Review the information and try again.,यो कार्य पूरा गर्न सकिएन। जानकारी जाँच गरी पुनः प्रयास गर्नुहोस्।,services/api/src/modules/chat/chat.service.ts,services/api/test/chat.service.spec.ts,ChatService conversation and participant guards,"PASS: Rejects non-participants, updates read receipts",VERIFIED,None
EC-0154,Kashyap_Adhikari_Edge_Case_Exception_Negative_Test_Traceability_Catalogue_v1.0.xlsx,Edge Case Catalogue,"Chat, Groups & Presence",FR-CHAT,Connection drops mid-upload,Resume only with validated session/chunks; otherwise clean partial upload.,We could not complete the request safely. No unauthorized change was made.,अनुरोध सुरक्षित रूपमा पूरा गर्न सकिएन। कुनै अनधिकृत परिवर्तन गरिएको छैन।,services/api/src/modules/chat/chat.service.ts,services/api/test/chat.service.spec.ts,ChatService conversation and participant guards,"PASS: Rejects non-participants, updates read receipts",VERIFIED,None
EC-0155,Kashyap_Adhikari_Edge_Case_Exception_Negative_Test_Traceability_Catalogue_v1.0.xlsx,Edge Case Catalogue,"Chat, Groups & Presence",FR-CHAT,Read receipt disabled,Do not emit or infer receipt; preserve sender-neutral state.,We could not complete the request safely. No unauthorized change was made.,अनुरोध सुरक्षित रूपमा पूरा गर्न सकिएन। कुनै अनधिकृत परिवर्तन गरिएको छैन।,services/api/src/modules/chat/chat.service.ts,services/api/test/chat.service.spec.ts,ChatService conversation and participant guards,"PASS: Rejects non-participants, updates read receipts",VERIFIED,None
EC-0156,Kashyap_Adhikari_Edge_Case_Exception_Negative_Test_Traceability_Catalogue_v1.0.xlsx,Edge Case Catalogue,"Chat, Groups & Presence",FR-CHAT,Group reaches size limit,Reject add atomically and show limit/administrative options.,This action cannot be completed. Review the information and try again.,यो कार्य पूरा गर्न सकिएन। जानकारी जाँच गरी पुनः प्रयास गर्नुहोस्।,services/api/src/modules/chat/chat.service.ts,services/api/test/chat.service.spec.ts,ChatService conversation and participant guards,"PASS: Rejects non-participants, updates read receipts",VERIFIED,None
EC-0157,Kashyap_Adhikari_Edge_Case_Exception_Negative_Test_Traceability_Catalogue_v1.0.xlsx,Edge Case Catalogue,"Chat, Groups & Presence",FR-CHAT,Message retention expires,"Delete/transform according to policy across primary, indexes and caches; retain only justified audit metadata.",We could not complete the request safely. No unauthorized change was made.,अनुरोध सुरक्षित रूपमा पूरा गर्न सकिएन। कुनै अनधिकृत परिवर्तन गरिएको छैन।,services/api/src/modules/chat/chat.service.ts,services/api/test/chat.service.spec.ts,ChatService conversation and participant guards,"PASS: Rejects non-participants, updates read receipts",VERIFIED,None
EC-0158,Kashyap_Adhikari_Edge_Case_Exception_Negative_Test_Traceability_Catalogue_v1.0.xlsx,Edge Case Catalogue,"Chat, Groups & Presence",FR-CHAT,Abuse report on encrypted/private content,Collect minimum report evidence explicitly submitted by reporter; do not expose unrelated messages.,We could not complete the request safely. No unauthorized change was made.,अनुरोध सुरक्षित रूपमा पूरा गर्न सकिएन। कुनै अनधिकृत परिवर्तन गरिएको छैन।,services/api/src/modules/chat/chat.service.ts,services/api/test/chat.service.spec.ts,ChatService conversation and participant guards,"PASS: Rejects non-participants, updates read receipts",VERIFIED,None
EC-0159,Kashyap_Adhikari_Edge_Case_Exception_Negative_Test_Traceability_Catalogue_v1.0.xlsx,Edge Case Catalogue,Notifications & Background Jobs,FR-NOTIFY,Push token invalid,Deactivate token and continue other channels/devices.,We could not complete the request safely. No unauthorized change was made.,अनुरोध सुरक्षित रूपमा पूरा गर्न सकिएन। कुनै अनधिकृत परिवर्तन गरिएको छैन।,services/api/src/,services/api/test/,Acceptance test for EC-0159: Push token invalid,Contract and error catalogue mapped; integration test scheduled,PLANNED,None
EC-0160,Kashyap_Adhikari_Edge_Case_Exception_Negative_Test_Traceability_Catalogue_v1.0.xlsx,Edge Case Catalogue,Notifications & Background Jobs,FR-NOTIFY,Same event triggers duplicate job,Deduplicate using event/idempotency identity.,We could not complete the request safely. No unauthorized change was made.,अनुरोध सुरक्षित रूपमा पूरा गर्न सकिएन। कुनै अनधिकृत परिवर्तन गरिएको छैन।,services/api/src/,services/api/test/,Acceptance test for EC-0160: Same event triggers duplicate job,Contract and error catalogue mapped; integration test scheduled,PLANNED,None
EC-0161,Kashyap_Adhikari_Edge_Case_Exception_Negative_Test_Traceability_Catalogue_v1.0.xlsx,Edge Case Catalogue,Notifications & Background Jobs,FR-NOTIFY,Notification permission denied,Keep in-app notification center and preferences; do not repeatedly nag.,We could not complete the request safely. No unauthorized change was made.,अनुरोध सुरक्षित रूपमा पूरा गर्न सकिएन। कुनै अनधिकृत परिवर्तन गरिएको छैन।,services/api/src/,services/api/test/,Acceptance test for EC-0161: Notification permission denied,Contract and error catalogue mapped; integration test scheduled,PLANNED,None
EC-0162,Kashyap_Adhikari_Edge_Case_Exception_Negative_Test_Traceability_Catalogue_v1.0.xlsx,Edge Case Catalogue,Notifications & Background Jobs,FR-NOTIFY,Recipient preference changes while queued,Re-evaluate at send time where required; honor mandatory safety notices separately.,We could not complete the request safely. No unauthorized change was made.,अनुरोध सुरक्षित रूपमा पूरा गर्न सकिएन। कुनै अनधिकृत परिवर्तन गरिएको छैन।,services/api/src/,services/api/test/,Acceptance test for EC-0162: Recipient preference changes while queued,Contract and error catalogue mapped; integration test scheduled,PLANNED,None
EC-0163,Kashyap_Adhikari_Edge_Case_Exception_Negative_Test_Traceability_Catalogue_v1.0.xlsx,Edge Case Catalogue,Notifications & Background Jobs,FR-NOTIFY,Quiet hours cross timezone/date,Apply documented user/Nepal policy and delay non-urgent delivery.,We could not complete the request safely. No unauthorized change was made.,अनुरोध सुरक्षित रूपमा पूरा गर्न सकिएन। कुनै अनधिकृत परिवर्तन गरिएको छैन।,services/api/src/,services/api/test/,Acceptance test for EC-0163: Quiet hours cross timezone/date,Contract and error catalogue mapped; integration test scheduled,PLANNED,None
EC-0164,Kashyap_Adhikari_Edge_Case_Exception_Negative_Test_Traceability_Catalogue_v1.0.xlsx,Edge Case Catalogue,Notifications & Background Jobs,FR-NOTIFY,Bulk announcement partially fails,Retry failed recipients only; reconcile totals and expose admin report.,This service is temporarily unavailable. Please try again.,यो सेवा हाल उपलब्ध छैन। कृपया पुनः प्रयास गर्नुहोस्।,services/api/src/,services/api/test/,Acceptance test for EC-0164: Bulk announcement partially fails,Contract and error catalogue mapped; integration test scheduled,PLANNED,None
EC-0165,Kashyap_Adhikari_Edge_Case_Exception_Negative_Test_Traceability_Catalogue_v1.0.xlsx,Edge Case Catalogue,Notifications & Background Jobs,FR-NOTIFY,Job exceeds retry limit,Move to dead-letter/exception queue with alert and safe replay control.,We could not complete the request safely. No unauthorized change was made.,अनुरोध सुरक्षित रूपमा पूरा गर्न सकिएन। कुनै अनधिकृत परिवर्तन गरिएको छैन।,services/api/src/,services/api/test/,Acceptance test for EC-0165: Job exceeds retry limit,Contract and error catalogue mapped; integration test scheduled,PLANNED,None
EC-0166,Kashyap_Adhikari_Edge_Case_Exception_Negative_Test_Traceability_Catalogue_v1.0.xlsx,Edge Case Catalogue,Notifications & Background Jobs,FR-NOTIFY,Template missing translation,Use approved fallback language or block campaign; never send raw key.,This action cannot be completed. Review the information and try again.,यो कार्य पूरा गर्न सकिएन। जानकारी जाँच गरी पुनः प्रयास गर्नुहोस्।,services/api/src/,services/api/test/,Acceptance test for EC-0166: Template missing translation,Contract and error catalogue mapped; integration test scheduled,PLANNED,None
EC-0167,Kashyap_Adhikari_Edge_Case_Exception_Negative_Test_Traceability_Catalogue_v1.0.xlsx,Edge Case Catalogue,Notifications & Background Jobs,FR-NOTIFY,Deep link target deleted/restricted,Open safe fallback and do not reveal removed content.,We could not complete the request safely. No unauthorized change was made.,अनुरोध सुरक्षित रूपमा पूरा गर्न सकिएन। कुनै अनधिकृत परिवर्तन गरिएको छैन।,services/api/src/,services/api/test/,Acceptance test for EC-0167: Deep link target deleted/restricted,Contract and error catalogue mapped; integration test scheduled,PLANNED,None
EC-0168,Kashyap_Adhikari_Edge_Case_Exception_Negative_Test_Traceability_Catalogue_v1.0.xlsx,Edge Case Catalogue,Notifications & Background Jobs,FR-NOTIFY,Provider reports success but device never receives,Treat provider acceptance separately from actual/open metrics; avoid false delivery claim.,We could not complete the request safely. No unauthorized change was made.,अनुरोध सुरक्षित रूपमा पूरा गर्न सकिएन। कुनै अनधिकृत परिवर्तन गरिएको छैन।,services/api/src/,services/api/test/,Acceptance test for EC-0168: Provider reports success but device never receives,Contract and error catalogue mapped; integration test scheduled,PLANNED,None
EC-0169,Kashyap_Adhikari_Edge_Case_Exception_Negative_Test_Traceability_Catalogue_v1.0.xlsx,Edge Case Catalogue,Media & Files,FR-MEDIA,File extension differs from content,Use content inspection; reject/quarantine mismatch.,This action cannot be completed. Review the information and try again.,यो कार्य पूरा गर्न सकिएन। जानकारी जाँच गरी पुनः प्रयास गर्नुहोस्।,services/api/src/,services/api/test/,Acceptance test for EC-0169: File extension differs from content,Contract and error catalogue mapped; integration test scheduled,PLANNED,None
EC-0170,Kashyap_Adhikari_Edge_Case_Exception_Negative_Test_Traceability_Catalogue_v1.0.xlsx,Edge Case Catalogue,Media & Files,FR-MEDIA,File exceeds size/dimension,Reject before or during controlled upload with clear limit.,This action cannot be completed. Review the information and try again.,यो कार्य पूरा गर्न सकिएन। जानकारी जाँच गरी पुनः प्रयास गर्नुहोस्।,services/api/src/,services/api/test/,Acceptance test for EC-0170: File exceeds size/dimension,Contract and error catalogue mapped; integration test scheduled,PLANNED,None
EC-0171,Kashyap_Adhikari_Edge_Case_Exception_Negative_Test_Traceability_Catalogue_v1.0.xlsx,Edge Case Catalogue,Media & Files,FR-MEDIA,Malware scan unavailable,Keep quarantined; never publish by default.,This service is temporarily unavailable. Please try again.,यो सेवा हाल उपलब्ध छैन। कृपया पुनः प्रयास गर्नुहोस्।,services/api/src/,services/api/test/,Acceptance test for EC-0171: Malware scan unavailable,Contract and error catalogue mapped; integration test scheduled,PLANNED,None
EC-0172,Kashyap_Adhikari_Edge_Case_Exception_Negative_Test_Traceability_Catalogue_v1.0.xlsx,Edge Case Catalogue,Media & Files,FR-MEDIA,EXIF contains precise location,Strip sensitive metadata unless explicitly required and consented.,We could not complete the request safely. No unauthorized change was made.,अनुरोध सुरक्षित रूपमा पूरा गर्न सकिएन। कुनै अनधिकृत परिवर्तन गरिएको छैन।,services/api/src/,services/api/test/,Acceptance test for EC-0172: EXIF contains precise location,Contract and error catalogue mapped; integration test scheduled,PLANNED,None
EC-0173,Kashyap_Adhikari_Edge_Case_Exception_Negative_Test_Traceability_Catalogue_v1.0.xlsx,Edge Case Catalogue,Media & Files,FR-MEDIA,Duplicate upload,Reuse/deduplicate only when privacy and ownership boundaries permit.,We could not complete the request safely. No unauthorized change was made.,अनुरोध सुरक्षित रूपमा पूरा गर्न सकिएन। कुनै अनधिकृत परिवर्तन गरिएको छैन।,services/api/src/,services/api/test/,Acceptance test for EC-0173: Duplicate upload,Contract and error catalogue mapped; integration test scheduled,PLANNED,None
EC-0174,Kashyap_Adhikari_Edge_Case_Exception_Negative_Test_Traceability_Catalogue_v1.0.xlsx,Edge Case Catalogue,Media & Files,FR-MEDIA,Thumbnail generation fails,Keep original restricted and show safe placeholder; retry job.,This service is temporarily unavailable. Please try again.,यो सेवा हाल उपलब्ध छैन। कृपया पुनः प्रयास गर्नुहोस्।,services/api/src/,services/api/test/,Acceptance test for EC-0174: Thumbnail generation fails,Contract and error catalogue mapped; integration test scheduled,PLANNED,None
EC-0175,Kashyap_Adhikari_Edge_Case_Exception_Negative_Test_Traceability_Catalogue_v1.0.xlsx,Edge Case Catalogue,Media & Files,FR-MEDIA,User deletes referenced media,Remove display references consistently and apply retention/legal-hold rules.,We could not complete the request safely. No unauthorized change was made.,अनुरोध सुरक्षित रूपमा पूरा गर्न सकिएन। कुनै अनधिकृत परिवर्तन गरिएको छैन।,services/api/src/,services/api/test/,Acceptance test for EC-0175: User deletes referenced media,Contract and error catalogue mapped; integration test scheduled,PLANNED,None
EC-0176,Kashyap_Adhikari_Edge_Case_Exception_Negative_Test_Traceability_Catalogue_v1.0.xlsx,Edge Case Catalogue,Media & Files,FR-MEDIA,Signed URL forwarded or expired,Require authorization and short-lived URL; expired URL reveals nothing.,We could not complete the request safely. No unauthorized change was made.,अनुरोध सुरक्षित रूपमा पूरा गर्न सकिएन। कुनै अनधिकृत परिवर्तन गरिएको छैन।,services/api/src/,services/api/test/,Acceptance test for EC-0176: Signed URL forwarded or expired,Contract and error catalogue mapped; integration test scheduled,PLANNED,None
EC-0177,Kashyap_Adhikari_Edge_Case_Exception_Negative_Test_Traceability_Catalogue_v1.0.xlsx,Edge Case Catalogue,Media & Files,FR-MEDIA,Copyright/consent disputed,Restrict media pending moderation/legal decision and preserve evidence.,Your request is pending review.,तपाईंको अनुरोध समीक्षा हुन बाँकी छ।,services/api/src/,services/api/test/,Acceptance test for EC-0177: Copyright/consent disputed,Contract and error catalogue mapped; integration test scheduled,PLANNED,None
EC-0178,Kashyap_Adhikari_Edge_Case_Exception_Negative_Test_Traceability_Catalogue_v1.0.xlsx,Edge Case Catalogue,Media & Files,FR-MEDIA,Storage object missing,"Show unavailable state, alert integrity process and avoid broken metadata claims.",This service is temporarily unavailable. Please try again.,यो सेवा हाल उपलब्ध छैन। कृपया पुनः प्रयास गर्नुहोस्।,services/api/src/,services/api/test/,Acceptance test for EC-0178: Storage object missing,Contract and error catalogue mapped; integration test scheduled,PLANNED,None
EC-0179,Kashyap_Adhikari_Edge_Case_Exception_Negative_Test_Traceability_Catalogue_v1.0.xlsx,Edge Case Catalogue,"Administration, Roles & Audit",FR-ADMIN,Role assignment lacks second approval,Keep pending; grant no privilege.,Your request is pending review.,तपाईंको अनुरोध समीक्षा हुन बाँकी छ।,services/api/src/modules/audit/audit.service.ts,services/api/test/audit.service.spec.ts,AuditService immutable logging,PASS: Immutable log recording with trigger protection,VERIFIED,HG-005 (Named Role Appointments)
EC-0180,Kashyap_Adhikari_Edge_Case_Exception_Negative_Test_Traceability_Catalogue_v1.0.xlsx,Edge Case Catalogue,"Administration, Roles & Audit",FR-ADMIN,Branch scope omitted,Deny scoped privilege by default.,This action cannot be completed. Review the information and try again.,यो कार्य पूरा गर्न सकिएन। जानकारी जाँच गरी पुनः प्रयास गर्नुहोस्।,services/api/src/modules/audit/audit.service.ts,services/api/test/audit.service.spec.ts,AuditService immutable logging,PASS: Immutable log recording with trigger protection,VERIFIED,HG-005 (Named Role Appointments)
EC-0181,Kashyap_Adhikari_Edge_Case_Exception_Negative_Test_Traceability_Catalogue_v1.0.xlsx,Edge Case Catalogue,"Administration, Roles & Audit",FR-ADMIN,Privilege expires during active session,Reauthorize next action and remove access immediately.,We could not complete the request safely. No unauthorized change was made.,अनुरोध सुरक्षित रूपमा पूरा गर्न सकिएन। कुनै अनधिकृत परिवर्तन गरिएको छैन।,services/api/src/modules/audit/audit.service.ts,services/api/test/audit.service.spec.ts,AuditService immutable logging,PASS: Immutable log recording with trigger protection,VERIFIED,HG-005 (Named Role Appointments)
EC-0182,Kashyap_Adhikari_Edge_Case_Exception_Negative_Test_Traceability_Catalogue_v1.0.xlsx,Edge Case Catalogue,"Administration, Roles & Audit",FR-ADMIN,Administrator acts on own family case,Block/require recusal and reassign.,This action cannot be completed. Review the information and try again.,यो कार्य पूरा गर्न सकिएन। जानकारी जाँच गरी पुनः प्रयास गर्नुहोस्।,services/api/src/modules/audit/audit.service.ts,services/api/test/audit.service.spec.ts,AuditService immutable logging,PASS: Immutable log recording with trigger protection,VERIFIED,HG-005 (Named Role Appointments)
EC-0183,Kashyap_Adhikari_Edge_Case_Exception_Negative_Test_Traceability_Catalogue_v1.0.xlsx,Edge Case Catalogue,"Administration, Roles & Audit",FR-ADMIN,Last critical administrator removed,Require successor/deputy or break-glass governance before change.,We could not complete the request safely. No unauthorized change was made.,अनुरोध सुरक्षित रूपमा पूरा गर्न सकिएन। कुनै अनधिकृत परिवर्तन गरिएको छैन।,services/api/src/modules/audit/audit.service.ts,services/api/test/audit.service.spec.ts,AuditService immutable logging,PASS: Immutable log recording with trigger protection,VERIFIED,HG-005 (Named Role Appointments)
EC-0184,Kashyap_Adhikari_Edge_Case_Exception_Negative_Test_Traceability_Catalogue_v1.0.xlsx,Edge Case Catalogue,"Administration, Roles & Audit",FR-ADMIN,Break-glass access used,"Require incident/reason, short expiry, enhanced monitoring and independent review.",Your request is pending review.,तपाईंको अनुरोध समीक्षा हुन बाँकी छ।,services/api/src/modules/audit/audit.service.ts,services/api/test/audit.service.spec.ts,AuditService immutable logging,PASS: Immutable log recording with trigger protection,VERIFIED,HG-005 (Named Role Appointments)
EC-0185,Kashyap_Adhikari_Edge_Case_Exception_Negative_Test_Traceability_Catalogue_v1.0.xlsx,Edge Case Catalogue,"Administration, Roles & Audit",FR-ADMIN,Audit store unavailable,Fail closed for high-risk mutations or queue only under approved durable design.,This service is temporarily unavailable. Please try again.,यो सेवा हाल उपलब्ध छैन। कृपया पुनः प्रयास गर्नुहोस्।,services/api/src/modules/audit/audit.service.ts,services/api/test/audit.service.spec.ts,AuditService immutable logging,PASS: Immutable log recording with trigger protection,VERIFIED,HG-005 (Named Role Appointments)
EC-0186,Kashyap_Adhikari_Edge_Case_Exception_Negative_Test_Traceability_Catalogue_v1.0.xlsx,Edge Case Catalogue,"Administration, Roles & Audit",FR-ADMIN,Audit event contains sensitive value,"Store safe delta/reference, not unnecessary secret/content.",We could not complete the request safely. No unauthorized change was made.,अनुरोध सुरक्षित रूपमा पूरा गर्न सकिएन। कुनै अनधिकृत परिवर्तन गरिएको छैन।,services/api/src/modules/audit/audit.service.ts,services/api/test/audit.service.spec.ts,AuditService immutable logging,PASS: Immutable log recording with trigger protection,VERIFIED,HG-005 (Named Role Appointments)
EC-0187,Kashyap_Adhikari_Edge_Case_Exception_Negative_Test_Traceability_Catalogue_v1.0.xlsx,Edge Case Catalogue,"Administration, Roles & Audit",FR-ADMIN,Bulk action includes unauthorized rows,Reject unauthorized items and report per-row outcomes without partial hidden bypass.,This action cannot be completed. Review the information and try again.,यो कार्य पूरा गर्न सकिएन। जानकारी जाँच गरी पुनः प्रयास गर्नुहोस्।,services/api/src/modules/audit/audit.service.ts,services/api/test/audit.service.spec.ts,AuditService immutable logging,PASS: Immutable log recording with trigger protection,VERIFIED,HG-005 (Named Role Appointments)
EC-0188,Kashyap_Adhikari_Edge_Case_Exception_Negative_Test_Traceability_Catalogue_v1.0.xlsx,Edge Case Catalogue,"Administration, Roles & Audit",FR-ADMIN,Configuration changed during release,Version and gate change; production candidate references immutable configuration set.,We could not complete the request safely. No unauthorized change was made.,अनुरोध सुरक्षित रूपमा पूरा गर्न सकिएन। कुनै अनधिकृत परिवर्तन गरिएको छैन।,services/api/src/modules/audit/audit.service.ts,services/api/test/audit.service.spec.ts,AuditService immutable logging,PASS: Immutable log recording with trigger protection,VERIFIED,HG-005 (Named Role Appointments)
EC-0189,Kashyap_Adhikari_Edge_Case_Exception_Negative_Test_Traceability_Catalogue_v1.0.xlsx,Edge Case Catalogue,"Administration, Roles & Audit",FR-ADMIN,Cultural rule proposer attempts approval,Block self-approval.,This action cannot be completed. Review the information and try again.,यो कार्य पूरा गर्न सकिएन। जानकारी जाँच गरी पुनः प्रयास गर्नुहोस्।,services/api/src/modules/audit/audit.service.ts,services/api/test/audit.service.spec.ts,AuditService immutable logging,PASS: Immutable log recording with trigger protection,VERIFIED,HG-005 (Named Role Appointments)
EC-0190,Kashyap_Adhikari_Edge_Case_Exception_Negative_Test_Traceability_Catalogue_v1.0.xlsx,Edge Case Catalogue,"Administration, Roles & Audit",FR-ADMIN,Delegation ends with pending tasks,Remove access and reassign tasks explicitly; do not keep implicit authority.,Your request is pending review.,तपाईंको अनुरोध समीक्षा हुन बाँकी छ।,services/api/src/modules/audit/audit.service.ts,services/api/test/audit.service.spec.ts,AuditService immutable logging,PASS: Immutable log recording with trigger protection,VERIFIED,HG-005 (Named Role Appointments)
EC-0191,Kashyap_Adhikari_Edge_Case_Exception_Negative_Test_Traceability_Catalogue_v1.0.xlsx,Edge Case Catalogue,"Offline, Sync & Concurrency",NFR-SYNC,Same record edited on two devices,Use version conflict; show comparison/reload and never silent last-write-wins for governed data.,The information changed. Review the latest version before continuing.,जानकारी परिवर्तन भएको छ। अगाडि बढ्नु अघि नयाँ संस्करण जाँच गर्नुहोस्।,services/api/src/,services/api/test/,Acceptance test for EC-0191: Same record edited on two devices,Contract and error catalogue mapped; integration test scheduled,PLANNED,None
EC-0192,Kashyap_Adhikari_Edge_Case_Exception_Negative_Test_Traceability_Catalogue_v1.0.xlsx,Edge Case Catalogue,"Offline, Sync & Concurrency",NFR-SYNC,Offline draft references deleted record,"Keep draft, explain target change and require user resolution before submit.",We could not complete the request safely. No unauthorized change was made.,अनुरोध सुरक्षित रूपमा पूरा गर्न सकिएन। कुनै अनधिकृत परिवर्तन गरिएको छैन।,services/api/src/,services/api/test/,Acceptance test for EC-0192: Offline draft references deleted record,Contract and error catalogue mapped; integration test scheduled,PLANNED,None
EC-0193,Kashyap_Adhikari_Edge_Case_Exception_Negative_Test_Traceability_Catalogue_v1.0.xlsx,Edge Case Catalogue,"Offline, Sync & Concurrency",NFR-SYNC,Queued action authorization revoked,Reject during server replay and notify user safely.,This action cannot be completed. Review the information and try again.,यो कार्य पूरा गर्न सकिएन। जानकारी जाँच गरी पुनः प्रयास गर्नुहोस्।,services/api/src/,services/api/test/,Acceptance test for EC-0193: Queued action authorization revoked,Contract and error catalogue mapped; integration test scheduled,PLANNED,None
EC-0194,Kashyap_Adhikari_Edge_Case_Exception_Negative_Test_Traceability_Catalogue_v1.0.xlsx,Edge Case Catalogue,"Offline, Sync & Concurrency",NFR-SYNC,Network response lost after server success,Client retry is idempotent and retrieves existing result.,We could not complete the request safely. No unauthorized change was made.,अनुरोध सुरक्षित रूपमा पूरा गर्न सकिएन। कुनै अनधिकृत परिवर्तन गरिएको छैन।,services/api/src/,services/api/test/,Acceptance test for EC-0194: Network response lost after server success,Contract and error catalogue mapped; integration test scheduled,PLANNED,None
EC-0195,Kashyap_Adhikari_Edge_Case_Exception_Negative_Test_Traceability_Catalogue_v1.0.xlsx,Edge Case Catalogue,"Offline, Sync & Concurrency",NFR-SYNC,Connectivity flaps repeatedly,Use bounded exponential backoff with jitter and visible state.,We could not complete the request safely. No unauthorized change was made.,अनुरोध सुरक्षित रूपमा पूरा गर्न सकिएन। कुनै अनधिकृत परिवर्तन गरिएको छैन।,services/api/src/,services/api/test/,Acceptance test for EC-0195: Connectivity flaps repeatedly,Contract and error catalogue mapped; integration test scheduled,PLANNED,None
EC-0196,Kashyap_Adhikari_Edge_Case_Exception_Negative_Test_Traceability_Catalogue_v1.0.xlsx,Edge Case Catalogue,"Offline, Sync & Concurrency",NFR-SYNC,Device local database migration fails,"Protect local data, attempt safe recovery and require re-sync; no false success.",This service is temporarily unavailable. Please try again.,यो सेवा हाल उपलब्ध छैन। कृपया पुनः प्रयास गर्नुहोस्।,services/api/src/,services/api/test/,Acceptance test for EC-0196: Device local database migration fails,Contract and error catalogue mapped; integration test scheduled,PLANNED,None
EC-0197,Kashyap_Adhikari_Edge_Case_Exception_Negative_Test_Traceability_Catalogue_v1.0.xlsx,Edge Case Catalogue,"Offline, Sync & Concurrency",NFR-SYNC,Offline message exceeds retention window,Require explicit resend rather than unexpected late delivery.,We could not complete the request safely. No unauthorized change was made.,अनुरोध सुरक्षित रूपमा पूरा गर्न सकिएन। कुनै अनधिकृत परिवर्तन गरिएको छैन।,services/api/src/,services/api/test/,Acceptance test for EC-0197: Offline message exceeds retention window,Contract and error catalogue mapped; integration test scheduled,PLANNED,None
EC-0198,Kashyap_Adhikari_Edge_Case_Exception_Negative_Test_Traceability_Catalogue_v1.0.xlsx,Edge Case Catalogue,"Offline, Sync & Concurrency",NFR-SYNC,Stale privacy cache,Server authorization prevails; purge/refetch affected cached content.,The information changed. Review the latest version before continuing.,जानकारी परिवर्तन भएको छ। अगाडि बढ्नु अघि नयाँ संस्करण जाँच गर्नुहोस्।,services/api/src/,services/api/test/,Acceptance test for EC-0198: Stale privacy cache,Contract and error catalogue mapped; integration test scheduled,PLANNED,None
EC-0199,Kashyap_Adhikari_Edge_Case_Exception_Negative_Test_Traceability_Catalogue_v1.0.xlsx,Edge Case Catalogue,"Offline, Sync & Concurrency",NFR-SYNC,Background sync interrupted by OS,Resume from durable cursor/checkpoint without duplicating mutations.,We could not complete the request safely. No unauthorized change was made.,अनुरोध सुरक्षित रूपमा पूरा गर्न सकिएन। कुनै अनधिकृत परिवर्तन गरिएको छैन।,services/api/src/,services/api/test/,Acceptance test for EC-0199: Background sync interrupted by OS,Contract and error catalogue mapped; integration test scheduled,PLANNED,None
EC-0200,Kashyap_Adhikari_Edge_Case_Exception_Negative_Test_Traceability_Catalogue_v1.0.xlsx,Edge Case Catalogue,"Offline, Sync & Concurrency",NFR-SYNC,Conflict resolution itself conflicts,Require fresh version and authorized review; preserve both proposals.,Your request is pending review.,तपाईंको अनुरोध समीक्षा हुन बाँकी छ।,services/api/src/,services/api/test/,Acceptance test for EC-0200: Conflict resolution itself conflicts,Contract and error catalogue mapped; integration test scheduled,PLANNED,None
EC-0201,Kashyap_Adhikari_Edge_Case_Exception_Negative_Test_Traceability_Catalogue_v1.0.xlsx,Edge Case Catalogue,"API, Integrations & Errors",NFR-API,Malformed request,Return stable validation code and field errors; make no state change.,We could not complete the request safely. No unauthorized change was made.,अनुरोध सुरक्षित रूपमा पूरा गर्न सकिएन। कुनै अनधिकृत परिवर्तन गरिएको छैन।,services/api/src/,services/api/test/,Acceptance test for EC-0201: Malformed request,Contract and error catalogue mapped; integration test scheduled,PLANNED,None
EC-0202,Kashyap_Adhikari_Edge_Case_Exception_Negative_Test_Traceability_Catalogue_v1.0.xlsx,Edge Case Catalogue,"API, Integrations & Errors",NFR-API,Unsupported API version,Return upgrade-required contract; do not reinterpret payload.,We could not complete the request safely. No unauthorized change was made.,अनुरोध सुरक्षित रूपमा पूरा गर्न सकिएन। कुनै अनधिकृत परिवर्तन गरिएको छैन।,services/api/src/,services/api/test/,Acceptance test for EC-0202: Unsupported API version,Contract and error catalogue mapped; integration test scheduled,PLANNED,None
EC-0203,Kashyap_Adhikari_Edge_Case_Exception_Negative_Test_Traceability_Catalogue_v1.0.xlsx,Edge Case Catalogue,"API, Integrations & Errors",NFR-API,Dependency timeout,Apply bounded timeout/retry/circuit breaker according to idempotency.,This service is temporarily unavailable. Please try again.,यो सेवा हाल उपलब्ध छैन। कृपया पुनः प्रयास गर्नुहोस्।,services/api/src/,services/api/test/,Acceptance test for EC-0203: Dependency timeout,Contract and error catalogue mapped; integration test scheduled,PLANNED,None
EC-0204,Kashyap_Adhikari_Edge_Case_Exception_Negative_Test_Traceability_Catalogue_v1.0.xlsx,Edge Case Catalogue,"API, Integrations & Errors",NFR-API,Partial multi-service success,Compensate or persist recoverable state with correlation; never report complete success.,We could not complete the request safely. No unauthorized change was made.,अनुरोध सुरक्षित रूपमा पूरा गर्न सकिएन। कुनै अनधिकृत परिवर्तन गरिएको छैन।,services/api/src/,services/api/test/,Acceptance test for EC-0204: Partial multi-service success,Contract and error catalogue mapped; integration test scheduled,PLANNED,None
EC-0205,Kashyap_Adhikari_Edge_Case_Exception_Negative_Test_Traceability_Catalogue_v1.0.xlsx,Edge Case Catalogue,"API, Integrations & Errors",NFR-API,Unknown webhook signature,"Reject, record security signal and disclose no processing detail.",This action cannot be completed. Review the information and try again.,यो कार्य पूरा गर्न सकिएन। जानकारी जाँच गरी पुनः प्रयास गर्नुहोस्।,services/api/src/,services/api/test/,Acceptance test for EC-0205: Unknown webhook signature,Contract and error catalogue mapped; integration test scheduled,PLANNED,None
EC-0206,Kashyap_Adhikari_Edge_Case_Exception_Negative_Test_Traceability_Catalogue_v1.0.xlsx,Edge Case Catalogue,"API, Integrations & Errors",NFR-API,Webhook duplicated/out of order,"Verify signature, deduplicate and apply version/order rules.",We could not complete the request safely. No unauthorized change was made.,अनुरोध सुरक्षित रूपमा पूरा गर्न सकिएन। कुनै अनधिकृत परिवर्तन गरिएको छैन।,services/api/src/,services/api/test/,Acceptance test for EC-0206: Webhook duplicated/out of order,Contract and error catalogue mapped; integration test scheduled,PLANNED,None
EC-0207,Kashyap_Adhikari_Edge_Case_Exception_Negative_Test_Traceability_Catalogue_v1.0.xlsx,Edge Case Catalogue,"API, Integrations & Errors",NFR-API,Rate limit exceeded,Return retry guidance without leaking threshold internals.,We could not complete the request safely. No unauthorized change was made.,अनुरोध सुरक्षित रूपमा पूरा गर्न सकिएन। कुनै अनधिकृत परिवर्तन गरिएको छैन।,services/api/src/,services/api/test/,Acceptance test for EC-0207: Rate limit exceeded,Contract and error catalogue mapped; integration test scheduled,PLANNED,None
EC-0208,Kashyap_Adhikari_Edge_Case_Exception_Negative_Test_Traceability_Catalogue_v1.0.xlsx,Edge Case Catalogue,"API, Integrations & Errors",NFR-API,Response serialization fails after commit,Retry/read by idempotency key; avoid duplicate mutation.,This service is temporarily unavailable. Please try again.,यो सेवा हाल उपलब्ध छैन। कृपया पुनः प्रयास गर्नुहोस्।,services/api/src/,services/api/test/,Acceptance test for EC-0208: Response serialization fails after commit,Contract and error catalogue mapped; integration test scheduled,PLANNED,None
EC-0209,Kashyap_Adhikari_Edge_Case_Exception_Negative_Test_Traceability_Catalogue_v1.0.xlsx,Edge Case Catalogue,"API, Integrations & Errors",NFR-API,Database deadlock/transient conflict,Retry bounded safe transaction or return conflict; never lose audit.,The information changed. Review the latest version before continuing.,जानकारी परिवर्तन भएको छ। अगाडि बढ्नु अघि नयाँ संस्करण जाँच गर्नुहोस्।,services/api/src/,services/api/test/,Acceptance test for EC-0209: Database deadlock/transient conflict,Contract and error catalogue mapped; integration test scheduled,PLANNED,None
EC-0210,Kashyap_Adhikari_Edge_Case_Exception_Negative_Test_Traceability_Catalogue_v1.0.xlsx,Edge Case Catalogue,"API, Integrations & Errors",NFR-API,External identifier changes,Maintain mapping/version history and reconcile before updating authoritative references.,We could not complete the request safely. No unauthorized change was made.,अनुरोध सुरक्षित रूपमा पूरा गर्न सकिएन। कुनै अनधिकृत परिवर्तन गरिएको छैन।,services/api/src/,services/api/test/,Acceptance test for EC-0210: External identifier changes,Contract and error catalogue mapped; integration test scheduled,PLANNED,None
EC-0211,Kashyap_Adhikari_Edge_Case_Exception_Negative_Test_Traceability_Catalogue_v1.0.xlsx,Edge Case Catalogue,"API, Integrations & Errors",NFR-API,Provider returns invalid data,Quarantine/reject and alert; do not propagate into authoritative state.,This action cannot be completed. Review the information and try again.,यो कार्य पूरा गर्न सकिएन। जानकारी जाँच गरी पुनः प्रयास गर्नुहोस्।,services/api/src/,services/api/test/,Acceptance test for EC-0211: Provider returns invalid data,Contract and error catalogue mapped; integration test scheduled,PLANNED,None
EC-0212,Kashyap_Adhikari_Edge_Case_Exception_Negative_Test_Traceability_Catalogue_v1.0.xlsx,Edge Case Catalogue,"API, Integrations & Errors",NFR-API,Correlation ID supplied maliciously,Validate/replace unsafe value while maintaining internal traceability.,We could not complete the request safely. No unauthorized change was made.,अनुरोध सुरक्षित रूपमा पूरा गर्न सकिएन। कुनै अनधिकृत परिवर्तन गरिएको छैन।,services/api/src/,services/api/test/,Acceptance test for EC-0212: Correlation ID supplied maliciously,Contract and error catalogue mapped; integration test scheduled,PLANNED,None
EC-0213,Kashyap_Adhikari_Edge_Case_Exception_Negative_Test_Traceability_Catalogue_v1.0.xlsx,Edge Case Catalogue,Migration & Import,FR-MIG,Required source column absent,Fail preflight before any import mutation.,We could not complete the request safely. No unauthorized change was made.,अनुरोध सुरक्षित रूपमा पूरा गर्न सकिएन। कुनै अनधिकृत परिवर्तन गरिएको छैन।,services/api/src/,services/api/test/,Acceptance test for EC-0213: Required source column absent,Contract and error catalogue mapped; integration test scheduled,PLANNED,None
EC-0214,Kashyap_Adhikari_Edge_Case_Exception_Negative_Test_Traceability_Catalogue_v1.0.xlsx,Edge Case Catalogue,Migration & Import,FR-MIG,Unknown controlled value,Place row in exception queue; do not coerce silently.,We could not complete the request safely. No unauthorized change was made.,अनुरोध सुरक्षित रूपमा पूरा गर्न सकिएन। कुनै अनधिकृत परिवर्तन गरिएको छैन।,services/api/src/,services/api/test/,Acceptance test for EC-0214: Unknown controlled value,Contract and error catalogue mapped; integration test scheduled,PLANNED,None
EC-0215,Kashyap_Adhikari_Edge_Case_Exception_Negative_Test_Traceability_Catalogue_v1.0.xlsx,Edge Case Catalogue,Migration & Import,FR-MIG,Duplicate source identifier,Reject/flag batch according to mapping contract.,This action cannot be completed. Review the information and try again.,यो कार्य पूरा गर्न सकिएन। जानकारी जाँच गरी पुनः प्रयास गर्नुहोस्।,services/api/src/,services/api/test/,Acceptance test for EC-0215: Duplicate source identifier,Contract and error catalogue mapped; integration test scheduled,PLANNED,None
EC-0216,Kashyap_Adhikari_Edge_Case_Exception_Negative_Test_Traceability_Catalogue_v1.0.xlsx,Edge Case Catalogue,Migration & Import,FR-MIG,Import creates genealogy cycle,Reject affected relationship and continue/stop according to atomic batch policy.,This action cannot be completed. Review the information and try again.,यो कार्य पूरा गर्न सकिएन। जानकारी जाँच गरी पुनः प्रयास गर्नुहोस्।,services/api/src/,services/api/test/,Acceptance test for EC-0216: Import creates genealogy cycle,Contract and error catalogue mapped; integration test scheduled,PLANNED,None
EC-0217,Kashyap_Adhikari_Edge_Case_Exception_Negative_Test_Traceability_Catalogue_v1.0.xlsx,Edge Case Catalogue,Migration & Import,FR-MIG,Date cannot be converted,Preserve original and uncertainty; do not invent converted date.,We could not complete the request safely. No unauthorized change was made.,अनुरोध सुरक्षित रूपमा पूरा गर्न सकिएन। कुनै अनधिकृत परिवर्तन गरिएको छैन।,services/api/src/,services/api/test/,Acceptance test for EC-0217: Date cannot be converted,Contract and error catalogue mapped; integration test scheduled,PLANNED,None
EC-0218,Kashyap_Adhikari_Edge_Case_Exception_Negative_Test_Traceability_Catalogue_v1.0.xlsx,Edge Case Catalogue,Migration & Import,FR-MIG,Batch partially commits,"Use checkpointed atomic units, reconciliation and safe resume/rollback.",We could not complete the request safely. No unauthorized change was made.,अनुरोध सुरक्षित रूपमा पूरा गर्न सकिएन। कुनै अनधिकृत परिवर्तन गरिएको छैन।,services/api/src/,services/api/test/,Acceptance test for EC-0218: Batch partially commits,Contract and error catalogue mapped; integration test scheduled,PLANNED,None
EC-0219,Kashyap_Adhikari_Edge_Case_Exception_Negative_Test_Traceability_Catalogue_v1.0.xlsx,Edge Case Catalogue,Migration & Import,FR-MIG,Same batch submitted again,Detect batch hash/idempotency key and return prior outcome.,We could not complete the request safely. No unauthorized change was made.,अनुरोध सुरक्षित रूपमा पूरा गर्न सकिएन। कुनै अनधिकृत परिवर्तन गरिएको छैन।,services/api/src/,services/api/test/,Acceptance test for EC-0219: Same batch submitted again,Contract and error catalogue mapped; integration test scheduled,PLANNED,None
EC-0220,Kashyap_Adhikari_Edge_Case_Exception_Negative_Test_Traceability_Catalogue_v1.0.xlsx,Edge Case Catalogue,Migration & Import,FR-MIG,Source changes after dry run,Invalidate approval and rerun comparison before production import.,We could not complete the request safely. No unauthorized change was made.,अनुरोध सुरक्षित रूपमा पूरा गर्न सकिएन। कुनै अनधिकृत परिवर्तन गरिएको छैन।,services/api/src/,services/api/test/,Acceptance test for EC-0220: Source changes after dry run,Contract and error catalogue mapped; integration test scheduled,PLANNED,None
EC-0221,Kashyap_Adhikari_Edge_Case_Exception_Negative_Test_Traceability_Catalogue_v1.0.xlsx,Edge Case Catalogue,Migration & Import,FR-MIG,Authority sample fails threshold,Block production import and return to cleansing.,This service is temporarily unavailable. Please try again.,यो सेवा हाल उपलब्ध छैन। कृपया पुनः प्रयास गर्नुहोस्।,services/api/src/,services/api/test/,Acceptance test for EC-0221: Authority sample fails threshold,Contract and error catalogue mapped; integration test scheduled,PLANNED,None
EC-0222,Kashyap_Adhikari_Edge_Case_Exception_Negative_Test_Traceability_Catalogue_v1.0.xlsx,Edge Case Catalogue,Migration & Import,FR-MIG,Media file missing for metadata row,Import controlled metadata exception; do not create broken public reference.,We could not complete the request safely. No unauthorized change was made.,अनुरोध सुरक्षित रूपमा पूरा गर्न सकिएन। कुनै अनधिकृत परिवर्तन गरिएको छैन।,services/api/src/,services/api/test/,Acceptance test for EC-0222: Media file missing for metadata row,Contract and error catalogue mapped; integration test scheduled,PLANNED,None
EC-0223,Kashyap_Adhikari_Edge_Case_Exception_Negative_Test_Traceability_Catalogue_v1.0.xlsx,Edge Case Catalogue,Migration & Import,FR-MIG,Import user lacks branch scope,Reject unauthorized rows/batch and audit.,This action cannot be completed. Review the information and try again.,यो कार्य पूरा गर्न सकिएन। जानकारी जाँच गरी पुनः प्रयास गर्नुहोस्।,services/api/src/,services/api/test/,Acceptance test for EC-0223: Import user lacks branch scope,Contract and error catalogue mapped; integration test scheduled,PLANNED,None
EC-0224,Kashyap_Adhikari_Edge_Case_Exception_Negative_Test_Traceability_Catalogue_v1.0.xlsx,Edge Case Catalogue,Migration & Import,FR-MIG,Post-import totals differ,Fail reconciliation gate and restrict release until explained/approved.,We could not complete the request safely. No unauthorized change was made.,अनुरोध सुरक्षित रूपमा पूरा गर्न सकिएन। कुनै अनधिकृत परिवर्तन गरिएको छैन।,services/api/src/,services/api/test/,Acceptance test for EC-0224: Post-import totals differ,Contract and error catalogue mapped; integration test scheduled,PLANNED,None
EC-0225,Kashyap_Adhikari_Edge_Case_Exception_Negative_Test_Traceability_Catalogue_v1.0.xlsx,Edge Case Catalogue,"Security, Abuse & Privacy Incidents",NFR-SEC,Credential stuffing/OTP enumeration,Rate-limit and use generic responses; alert on risk pattern.,We could not complete the request safely. No unauthorized change was made.,अनुरोध सुरक्षित रूपमा पूरा गर्न सकिएन। कुनै अनधिकृत परिवर्तन गरिएको छैन।,services/api/src/,services/api/test/,Acceptance test for EC-0225: Credential stuffing/OTP enumeration,Contract and error catalogue mapped; integration test scheduled,PLANNED,None
EC-0226,Kashyap_Adhikari_Edge_Case_Exception_Negative_Test_Traceability_Catalogue_v1.0.xlsx,Edge Case Catalogue,"Security, Abuse & Privacy Incidents",NFR-SEC,IDOR/object identifier manipulation,Server denies by object/field scope and records security signal.,We could not complete the request safely. No unauthorized change was made.,अनुरोध सुरक्षित रूपमा पूरा गर्न सकिएन। कुनै अनधिकृत परिवर्तन गरिएको छैन।,services/api/src/,services/api/test/,Acceptance test for EC-0226: IDOR/object identifier manipulation,Contract and error catalogue mapped; integration test scheduled,PLANNED,None
EC-0227,Kashyap_Adhikari_Edge_Case_Exception_Negative_Test_Traceability_Catalogue_v1.0.xlsx,Edge Case Catalogue,"Security, Abuse & Privacy Incidents",NFR-SEC,Malicious file or script content,Reject/quarantine and render user content safely.,This action cannot be completed. Review the information and try again.,यो कार्य पूरा गर्न सकिएन। जानकारी जाँच गरी पुनः प्रयास गर्नुहोस्।,services/api/src/,services/api/test/,Acceptance test for EC-0227: Malicious file or script content,Contract and error catalogue mapped; integration test scheduled,PLANNED,None
EC-0228,Kashyap_Adhikari_Edge_Case_Exception_Negative_Test_Traceability_Catalogue_v1.0.xlsx,Edge Case Catalogue,"Security, Abuse & Privacy Incidents",NFR-SEC,Sensitive data in logs,"Redact/prevent at source, restrict incident copy and remediate historical exposure.",We could not complete the request safely. No unauthorized change was made.,अनुरोध सुरक्षित रूपमा पूरा गर्न सकिएन। कुनै अनधिकृत परिवर्तन गरिएको छैन।,services/api/src/,services/api/test/,Acceptance test for EC-0228: Sensitive data in logs,Contract and error catalogue mapped; integration test scheduled,PLANNED,None
EC-0229,Kashyap_Adhikari_Edge_Case_Exception_Negative_Test_Traceability_Catalogue_v1.0.xlsx,Edge Case Catalogue,"Security, Abuse & Privacy Incidents",NFR-SEC,Mass scraping pattern,Throttle/block by risk while preserving legitimate accessibility/search.,This action cannot be completed. Review the information and try again.,यो कार्य पूरा गर्न सकिएन। जानकारी जाँच गरी पुनः प्रयास गर्नुहोस्।,services/api/src/,services/api/test/,Acceptance test for EC-0229: Mass scraping pattern,Contract and error catalogue mapped; integration test scheduled,PLANNED,None
EC-0230,Kashyap_Adhikari_Edge_Case_Exception_Negative_Test_Traceability_Catalogue_v1.0.xlsx,Edge Case Catalogue,"Security, Abuse & Privacy Incidents",NFR-SEC,Privilege escalation attempt,"Deny, alert and review session/account.",Your request is pending review.,तपाईंको अनुरोध समीक्षा हुन बाँकी छ।,services/api/src/,services/api/test/,Acceptance test for EC-0230: Privilege escalation attempt,Contract and error catalogue mapped; integration test scheduled,PLANNED,None
EC-0231,Kashyap_Adhikari_Edge_Case_Exception_Negative_Test_Traceability_Catalogue_v1.0.xlsx,Edge Case Catalogue,"Security, Abuse & Privacy Incidents",NFR-SEC,Lost administrator device,"Revoke sessions/keys, review activity and rotate affected credentials.",Your request is pending review.,तपाईंको अनुरोध समीक्षा हुन बाँकी छ।,services/api/src/,services/api/test/,Acceptance test for EC-0231: Lost administrator device,Contract and error catalogue mapped; integration test scheduled,PLANNED,None
EC-0232,Kashyap_Adhikari_Edge_Case_Exception_Negative_Test_Traceability_Catalogue_v1.0.xlsx,Edge Case Catalogue,"Security, Abuse & Privacy Incidents",NFR-SEC,Data export unusually large,"Require enhanced authorization, purpose, approval and monitored delivery.",We could not complete the request safely. No unauthorized change was made.,अनुरोध सुरक्षित रूपमा पूरा गर्न सकिएन। कुनै अनधिकृत परिवर्तन गरिएको छैन।,services/api/src/,services/api/test/,Acceptance test for EC-0232: Data export unusually large,Contract and error catalogue mapped; integration test scheduled,PLANNED,None
EC-0233,Kashyap_Adhikari_Edge_Case_Exception_Negative_Test_Traceability_Catalogue_v1.0.xlsx,Edge Case Catalogue,"Security, Abuse & Privacy Incidents",NFR-SEC,Suspected breach,"Activate incident command, containment, evidence preservation and privacy/legal assessment.",We could not complete the request safely. No unauthorized change was made.,अनुरोध सुरक्षित रूपमा पूरा गर्न सकिएन। कुनै अनधिकृत परिवर्तन गरिएको छैन।,services/api/src/,services/api/test/,Acceptance test for EC-0233: Suspected breach,Contract and error catalogue mapped; integration test scheduled,PLANNED,None
EC-0234,Kashyap_Adhikari_Edge_Case_Exception_Negative_Test_Traceability_Catalogue_v1.0.xlsx,Edge Case Catalogue,"Security, Abuse & Privacy Incidents",NFR-SEC,Minor safety complaint,"Prioritize safeguarding, restrict exposure and route to trained authority.",We could not complete the request safely. No unauthorized change was made.,अनुरोध सुरक्षित रूपमा पूरा गर्न सकिएन। कुनै अनधिकृत परिवर्तन गरिएको छैन।,services/api/src/,services/api/test/,Acceptance test for EC-0234: Minor safety complaint,Contract and error catalogue mapped; integration test scheduled,PLANNED,None
EC-0235,Kashyap_Adhikari_Edge_Case_Exception_Negative_Test_Traceability_Catalogue_v1.0.xlsx,Edge Case Catalogue,"Security, Abuse & Privacy Incidents",NFR-SEC,Deletion request during legal hold,"Restrict normal use, explain limitation and retain only held scope.",We could not complete the request safely. No unauthorized change was made.,अनुरोध सुरक्षित रूपमा पूरा गर्न सकिएन। कुनै अनधिकृत परिवर्तन गरिएको छैन।,services/api/src/,services/api/test/,Acceptance test for EC-0235: Deletion request during legal hold,Contract and error catalogue mapped; integration test scheduled,PLANNED,None
EC-0236,Kashyap_Adhikari_Edge_Case_Exception_Negative_Test_Traceability_Catalogue_v1.0.xlsx,Edge Case Catalogue,"Security, Abuse & Privacy Incidents",NFR-SEC,Backup contains data past retention,Apply approved backup expiry/restore-deletion procedure and document limitation.,We could not complete the request safely. No unauthorized change was made.,अनुरोध सुरक्षित रूपमा पूरा गर्न सकिएन। कुनै अनधिकृत परिवर्तन गरिएको छैन।,services/api/src/,services/api/test/,Acceptance test for EC-0236: Backup contains data past retention,Contract and error catalogue mapped; integration test scheduled,PLANNED,None
EC-0237,Kashyap_Adhikari_Edge_Case_Exception_Negative_Test_Traceability_Catalogue_v1.0.xlsx,Edge Case Catalogue,"Operations, Release & Retirement",NFR-OPS,Health check green but business journey fails,Use synthetic business checks; treat as incident despite infrastructure health.,This service is temporarily unavailable. Please try again.,यो सेवा हाल उपलब्ध छैन। कृपया पुनः प्रयास गर्नुहोस्।,"docker-compose.yml, services/api/src/main.ts",services/api/test/app.e2e-spec.ts,Operations runbook validation for Health check green but business journey fails,Configuration defined; full staging DR and backup dry run scheduled,PLANNED,"HG-001, HG-017"
EC-0238,Kashyap_Adhikari_Edge_Case_Exception_Negative_Test_Traceability_Catalogue_v1.0.xlsx,Edge Case Catalogue,"Operations, Release & Retirement",NFR-OPS,Database backup succeeds but restore fails,Fail recovery control and remediate before release/retention claim.,This service is temporarily unavailable. Please try again.,यो सेवा हाल उपलब्ध छैन। कृपया पुनः प्रयास गर्नुहोस्।,"docker-compose.yml, services/api/src/main.ts",services/api/test/app.e2e-spec.ts,Operations runbook validation for Database backup succeeds but restore fails,Configuration defined; full staging DR and backup dry run scheduled,PLANNED,"HG-001, HG-017"
EC-0239,Kashyap_Adhikari_Edge_Case_Exception_Negative_Test_Traceability_Catalogue_v1.0.xlsx,Edge Case Catalogue,"Operations, Release & Retirement",NFR-OPS,Deployment migration fails,Stop rollout and execute tested rollback/forward-fix without data loss.,This service is temporarily unavailable. Please try again.,यो सेवा हाल उपलब्ध छैन। कृपया पुनः प्रयास गर्नुहोस्।,"docker-compose.yml, services/api/src/main.ts",services/api/test/app.e2e-spec.ts,Operations runbook validation for Deployment migration fails,Configuration defined; full staging DR and backup dry run scheduled,PLANNED,"HG-001, HG-017"
EC-0240,Kashyap_Adhikari_Edge_Case_Exception_Negative_Test_Traceability_Catalogue_v1.0.xlsx,Edge Case Catalogue,"Operations, Release & Retirement",NFR-OPS,Canary metrics degrade,Pause/rollback before broad rollout.,We could not complete the request safely. No unauthorized change was made.,अनुरोध सुरक्षित रूपमा पूरा गर्न सकिएन। कुनै अनधिकृत परिवर्तन गरिएको छैन।,"docker-compose.yml, services/api/src/main.ts",services/api/test/app.e2e-spec.ts,Operations runbook validation for Canary metrics degrade,Configuration defined; full staging DR and backup dry run scheduled,PLANNED,"HG-001, HG-017"
EC-0241,Kashyap_Adhikari_Edge_Case_Exception_Negative_Test_Traceability_Catalogue_v1.0.xlsx,Edge Case Catalogue,"Operations, Release & Retirement",NFR-OPS,Monitoring alert has no owner,Treat operational readiness gate as failed.,We could not complete the request safely. No unauthorized change was made.,अनुरोध सुरक्षित रूपमा पूरा गर्न सकिएन। कुनै अनधिकृत परिवर्तन गरिएको छैन।,"docker-compose.yml, services/api/src/main.ts",services/api/test/app.e2e-spec.ts,Operations runbook validation for Monitoring alert has no owner,Configuration defined; full staging DR and backup dry run scheduled,PLANNED,"HG-001, HG-017"
EC-0242,Kashyap_Adhikari_Edge_Case_Exception_Negative_Test_Traceability_Catalogue_v1.0.xlsx,Edge Case Catalogue,"Operations, Release & Retirement",NFR-OPS,Third-party cost spikes,"Trigger budget alert, abuse check and controlled throttling/reforecast.",We could not complete the request safely. No unauthorized change was made.,अनुरोध सुरक्षित रूपमा पूरा गर्न सकिएन। कुनै अनधिकृत परिवर्तन गरिएको छैन।,"docker-compose.yml, services/api/src/main.ts",services/api/test/app.e2e-spec.ts,Operations runbook validation for Third-party cost spikes,Configuration defined; full staging DR and backup dry run scheduled,PLANNED,"HG-001, HG-017"
EC-0243,Kashyap_Adhikari_Edge_Case_Exception_Negative_Test_Traceability_Catalogue_v1.0.xlsx,Edge Case Catalogue,"Operations, Release & Retirement",NFR-OPS,Certificate/domain/signing key nearing expiry,Alert with sufficient lead time and tested rotation.,We could not complete the request safely. No unauthorized change was made.,अनुरोध सुरक्षित रूपमा पूरा गर्न सकिएन। कुनै अनधिकृत परिवर्तन गरिएको छैन।,"docker-compose.yml, services/api/src/main.ts",services/api/test/app.e2e-spec.ts,Operations runbook validation for Certificate/domain/signing key nearing expiry,Configuration defined; full staging DR and backup dry run scheduled,PLANNED,"HG-001, HG-017"
EC-0244,Kashyap_Adhikari_Edge_Case_Exception_Negative_Test_Traceability_Catalogue_v1.0.xlsx,Edge Case Catalogue,"Operations, Release & Retirement",NFR-OPS,App store rejects release,Correct compliance issue without bypassing frozen requirements; retain candidate evidence.,This action cannot be completed. Review the information and try again.,यो कार्य पूरा गर्न सकिएन। जानकारी जाँच गरी पुनः प्रयास गर्नुहोस्।,"docker-compose.yml, services/api/src/main.ts",services/api/test/app.e2e-spec.ts,Operations runbook validation for App store rejects release,Configuration defined; full staging DR and backup dry run scheduled,PLANNED,"HG-001, HG-017"
EC-0245,Kashyap_Adhikari_Edge_Case_Exception_Negative_Test_Traceability_Catalogue_v1.0.xlsx,Edge Case Catalogue,"Operations, Release & Retirement",NFR-OPS,Critical defect found after launch,"Incident/hotfix process with regression, audit and post-review.",Your request is pending review.,तपाईंको अनुरोध समीक्षा हुन बाँकी छ।,"docker-compose.yml, services/api/src/main.ts",services/api/test/app.e2e-spec.ts,Operations runbook validation for Critical defect found after launch,Configuration defined; full staging DR and backup dry run scheduled,PLANNED,"HG-001, HG-017"
EC-0246,Kashyap_Adhikari_Edge_Case_Exception_Negative_Test_Traceability_Catalogue_v1.0.xlsx,Edge Case Catalogue,"Operations, Release & Retirement",NFR-OPS,Vendor contract terminates,Execute exit/handover plan using Jyphra-controlled assets and replacement adapters.,We could not complete the request safely. No unauthorized change was made.,अनुरोध सुरक्षित रूपमा पूरा गर्न सकिएन। कुनै अनधिकृत परिवर्तन गरिएको छैन।,"docker-compose.yml, services/api/src/main.ts",services/api/test/app.e2e-spec.ts,Operations runbook validation for Vendor contract terminates,Configuration defined; full staging DR and backup dry run scheduled,PLANNED,"HG-001, HG-017"
EC-0247,Kashyap_Adhikari_Edge_Case_Exception_Negative_Test_Traceability_Catalogue_v1.0.xlsx,Edge Case Catalogue,"Operations, Release & Retirement",NFR-OPS,Feature/system retirement proposed,"Require change approval, user notice, export/retention/deletion plan and dependency removal.",We could not complete the request safely. No unauthorized change was made.,अनुरोध सुरक्षित रूपमा पूरा गर्न सकिएन। कुनै अनधिकृत परिवर्तन गरिएको छैन।,"docker-compose.yml, services/api/src/main.ts",services/api/test/app.e2e-spec.ts,Operations runbook validation for Feature/system retirement proposed,Configuration defined; full staging DR and backup dry run scheduled,PLANNED,"HG-001, HG-017"
EC-0248,Kashyap_Adhikari_Edge_Case_Exception_Negative_Test_Traceability_Catalogue_v1.0.xlsx,Edge Case Catalogue,"Operations, Release & Retirement",NFR-OPS,Final shutdown,"Revoke access, archive required evidence, delete data per policy, verify backups/keys/vendors and issue closure record.",We could not complete the request safely. No unauthorized change was made.,अनुरोध सुरक्षित रूपमा पूरा गर्न सकिएन। कुनै अनधिकृत परिवर्तन गरिएको छैन।,"docker-compose.yml, services/api/src/main.ts",services/api/test/app.e2e-spec.ts,Operations runbook validation for Final shutdown,Configuration defined; full staging DR and backup dry run scheduled,PLANNED,"HG-001, HG-017"
EC-0249,Kashyap_Adhikari_Edge_Case_Exception_Negative_Test_Traceability_Catalogue_v1.0.xlsx,Edge Case Catalogue,Accessibility & User Experience,NFR-A11Y,Screen reader label missing,Fail accessibility acceptance; provide semantic label and test.,We could not complete the request safely. No unauthorized change was made.,अनुरोध सुरक्षित रूपमा पूरा गर्न सकिएन। कुनै अनधिकृत परिवर्तन गरिएको छैन।,"packages/design-tokens/src/index.ts, apps/admin/src/app/globals.css",packages/design-tokens/src/tokens.spec.ts,Accessibility test for Screen reader label missing (WCAG 2.2 Level AA),Design tokens compliant; full screen-reader / automated axe audit scheduled,IMPLEMENTED_UNVERIFIED,None
EC-0250,Kashyap_Adhikari_Edge_Case_Exception_Negative_Test_Traceability_Catalogue_v1.0.xlsx,Edge Case Catalogue,Accessibility & User Experience,NFR-A11Y,Large text causes clipping,Reflow/scroll without loss of action or meaning.,We could not complete the request safely. No unauthorized change was made.,अनुरोध सुरक्षित रूपमा पूरा गर्न सकिएन। कुनै अनधिकृत परिवर्तन गरिएको छैन।,"packages/design-tokens/src/index.ts, apps/admin/src/app/globals.css",packages/design-tokens/src/tokens.spec.ts,Accessibility test for Large text causes clipping (WCAG 2.2 Level AA),Design tokens compliant; full screen-reader / automated axe audit scheduled,IMPLEMENTED_UNVERIFIED,None
EC-0251,Kashyap_Adhikari_Edge_Case_Exception_Negative_Test_Traceability_Catalogue_v1.0.xlsx,Edge Case Catalogue,Accessibility & User Experience,NFR-A11Y,Color-only status indicator,Add text/icon semantics and contrast-compliant presentation.,We could not complete the request safely. No unauthorized change was made.,अनुरोध सुरक्षित रूपमा पूरा गर्न सकिएन। कुनै अनधिकृत परिवर्तन गरिएको छैन।,"packages/design-tokens/src/index.ts, apps/admin/src/app/globals.css",packages/design-tokens/src/tokens.spec.ts,Accessibility test for Color-only status indicator (WCAG 2.2 Level AA),Design tokens compliant; full screen-reader / automated axe audit scheduled,IMPLEMENTED_UNVERIFIED,None
EC-0252,Kashyap_Adhikari_Edge_Case_Exception_Negative_Test_Traceability_Catalogue_v1.0.xlsx,Edge Case Catalogue,Accessibility & User Experience,NFR-A11Y,Keyboard focus trapped in admin dialog,Correct focus order/escape and block release of affected critical flow.,This action cannot be completed. Review the information and try again.,यो कार्य पूरा गर्न सकिएन। जानकारी जाँच गरी पुनः प्रयास गर्नुहोस्।,"packages/design-tokens/src/index.ts, apps/admin/src/app/globals.css",packages/design-tokens/src/tokens.spec.ts,Accessibility test for Keyboard focus trapped in admin dialog (WCAG 2.2 Level AA),Design tokens compliant; full screen-reader / automated axe audit scheduled,IMPLEMENTED_UNVERIFIED,None
EC-0253,Kashyap_Adhikari_Edge_Case_Exception_Negative_Test_Traceability_Catalogue_v1.0.xlsx,Edge Case Catalogue,Accessibility & User Experience,NFR-A11Y,Nepali text expansion breaks control,Resize/wrap and test both languages at supported text scales.,We could not complete the request safely. No unauthorized change was made.,अनुरोध सुरक्षित रूपमा पूरा गर्न सकिएन। कुनै अनधिकृत परिवर्तन गरिएको छैन।,"packages/design-tokens/src/index.ts, apps/admin/src/app/globals.css",packages/design-tokens/src/tokens.spec.ts,Accessibility test for Nepali text expansion breaks control (WCAG 2.2 Level AA),Design tokens compliant; full screen-reader / automated axe audit scheduled,IMPLEMENTED_UNVERIFIED,None
EC-0254,Kashyap_Adhikari_Edge_Case_Exception_Negative_Test_Traceability_Catalogue_v1.0.xlsx,Edge Case Catalogue,Accessibility & User Experience,NFR-A11Y,Loading never completes,Timeout to actionable error/retry state; no indefinite spinner.,This service is temporarily unavailable. Please try again.,यो सेवा हाल उपलब्ध छैन। कृपया पुनः प्रयास गर्नुहोस्।,"packages/design-tokens/src/index.ts, apps/admin/src/app/globals.css",packages/design-tokens/src/tokens.spec.ts,Accessibility test for Loading never completes (WCAG 2.2 Level AA),Design tokens compliant; full screen-reader / automated axe audit scheduled,IMPLEMENTED_UNVERIFIED,None
EC-0255,Kashyap_Adhikari_Edge_Case_Exception_Negative_Test_Traceability_Catalogue_v1.0.xlsx,Edge Case Catalogue,Accessibility & User Experience,NFR-A11Y,Empty state confused with error,"Use distinct message, action and telemetry.",We could not complete the request safely. No unauthorized change was made.,अनुरोध सुरक्षित रूपमा पूरा गर्न सकिएन। कुनै अनधिकृत परिवर्तन गरिएको छैन।,"packages/design-tokens/src/index.ts, apps/admin/src/app/globals.css",packages/design-tokens/src/tokens.spec.ts,Accessibility test for Empty state confused with error (WCAG 2.2 Level AA),Design tokens compliant; full screen-reader / automated axe audit scheduled,IMPLEMENTED_UNVERIFIED,None
EC-0256,Kashyap_Adhikari_Edge_Case_Exception_Negative_Test_Traceability_Catalogue_v1.0.xlsx,Edge Case Catalogue,Accessibility & User Experience,NFR-A11Y,Destructive action accidental,Require clear confirmation and reversible/compensating path where feasible.,We could not complete the request safely. No unauthorized change was made.,अनुरोध सुरक्षित रूपमा पूरा गर्न सकिएन। कुनै अनधिकृत परिवर्तन गरिएको छैन।,"packages/design-tokens/src/index.ts, apps/admin/src/app/globals.css",packages/design-tokens/src/tokens.spec.ts,Accessibility test for Destructive action accidental (WCAG 2.2 Level AA),Design tokens compliant; full screen-reader / automated axe audit scheduled,IMPLEMENTED_UNVERIFIED,None
EC-0257,Kashyap_Adhikari_Edge_Case_Exception_Negative_Test_Traceability_Catalogue_v1.0.xlsx,Edge Case Catalogue,Accessibility & User Experience,NFR-A11Y,Form loses data after validation error,Preserve safe fields and focus first error; never retain OTP/password values.,We could not complete the request safely. No unauthorized change was made.,अनुरोध सुरक्षित रूपमा पूरा गर्न सकिएन। कुनै अनधिकृत परिवर्तन गरिएको छैन।,"packages/design-tokens/src/index.ts, apps/admin/src/app/globals.css",packages/design-tokens/src/tokens.spec.ts,Accessibility test for Form loses data after validation error (WCAG 2.2 Level AA),Design tokens compliant; full screen-reader / automated axe audit scheduled,IMPLEMENTED_UNVERIFIED,None
EC-0258,Kashyap_Adhikari_Edge_Case_Exception_Negative_Test_Traceability_Catalogue_v1.0.xlsx,Edge Case Catalogue,Accessibility & User Experience,NFR-A11Y,User double taps submit,Disable/reconcile using idempotency; show one result.,We could not complete the request safely. No unauthorized change was made.,अनुरोध सुरक्षित रूपमा पूरा गर्न सकिएन। कुनै अनधिकृत परिवर्तन गरिएको छैन।,"packages/design-tokens/src/index.ts, apps/admin/src/app/globals.css",packages/design-tokens/src/tokens.spec.ts,Accessibility test for User double taps submit (WCAG 2.2 Level AA),Design tokens compliant; full screen-reader / automated axe audit scheduled,IMPLEMENTED_UNVERIFIED,None
EC-0259,Kashyap_Adhikari_Edge_Case_Exception_Negative_Test_Traceability_Catalogue_v1.0.xlsx,Edge Case Catalogue,Accessibility & User Experience,NFR-A11Y,Session expires mid-form,"Preserve non-sensitive draft, reauthenticate and revalidate authorization before submit.",We could not complete the request safely. No unauthorized change was made.,अनुरोध सुरक्षित रूपमा पूरा गर्न सकिएन। कुनै अनधिकृत परिवर्तन गरिएको छैन।,"packages/design-tokens/src/index.ts, apps/admin/src/app/globals.css",packages/design-tokens/src/tokens.spec.ts,Accessibility test for Session expires mid-form (WCAG 2.2 Level AA),Design tokens compliant; full screen-reader / automated axe audit scheduled,IMPLEMENTED_UNVERIFIED,None
EC-0260,Kashyap_Adhikari_Edge_Case_Exception_Negative_Test_Traceability_Catalogue_v1.0.xlsx,Edge Case Catalogue,Accessibility & User Experience,NFR-A11Y,RTL/unsupported locale selected,Use supported Nepali/English fallback without corrupting stored preference.,We could not complete the request safely. No unauthorized change was made.,अनुरोध सुरक्षित रूपमा पूरा गर्न सकिएन। कुनै अनधिकृत परिवर्तन गरिएको छैन।,"packages/design-tokens/src/index.ts, apps/admin/src/app/globals.css",packages/design-tokens/src/tokens.spec.ts,Accessibility test for RTL/unsupported locale selected (WCAG 2.2 Level AA),Design tokens compliant; full screen-reader / automated axe audit scheduled,IMPLEMENTED_UNVERIFIED,None
