requirement_id,requirement,actor_or_area,acceptance,release_scope,status,implementation_area,evidence_and_remaining_work,reviewed_commit,implementation_status,source_evidence,test_suite_context,review_findings,frozen_nfr_target
AUTH-FR-001,The system shall allow registration using a mobile number in supported country format.,Member,Valid number is accepted; invalid format is rejected with localized guidance.,MANDATORY_RELEASE_1,ACCEPTANCE_NOT_CLOSED,services/api/src/modules/auth; apps/mobile/lib/services/genealogy_api_service.dart,Existing M2/M4 acceptance; production SMS delivery and expanded device/security review remain,0d93525ffa473617bd9cc43cbb36a00a0aa31814,PARTIALLY_COMPLETED,services/api/src/modules/auth/auth.service.ts,services/api/test/auth-m2-hardening.integration.spec.ts,Phone validation and OTP registration are present; localized invalid-number guidance needs complete UI QA.,
AUTH-FR-002,The system shall issue a one-time password through the configured OTP provider.,System,"OTP request is rate-limited, logged and provider delivery status is tracked.",MANDATORY_RELEASE_1,ACCEPTANCE_NOT_CLOSED,services/api/src/modules/auth; apps/mobile/lib/services/genealogy_api_service.dart,Existing M2/M4 acceptance; production SMS delivery and expanded device/security review remain,0d93525ffa473617bd9cc43cbb36a00a0aa31814,EXTERNAL_GATE,services/api/src/modules/auth/auth.service.ts,services/api/test/auth-m2-hardening.integration.spec.ts,Production SMS credentials and verified provider delivery/status acceptance are still required; adapter/test delivery exists.,
AUTH-FR-003,The system shall verify OTP within a configurable expiry period and attempt limit.,Member,Correct unexpired OTP authenticates; invalid/expired OTP does not.,MANDATORY_RELEASE_1,ACCEPTANCE_NOT_CLOSED,services/api/src/modules/auth; apps/mobile/lib/services/genealogy_api_service.dart,Existing M2/M4 acceptance; production SMS delivery and expanded device/security review remain,0d93525ffa473617bd9cc43cbb36a00a0aa31814,COMPLETED,services/api/src/modules/auth/auth.service.ts,services/api/test/auth-m2-hardening.integration.spec.ts,Bounded behavior is implemented in the cited module with relevant regression suite context. Release-wide device/security/production approval is still open; this is not a signed acceptance closure.,
AUTH-FR-004,The system shall support OTP resend with cooldown and anti-abuse limits.,Member,Resend is unavailable during cooldown; abuse thresholds cause temporary restriction.,MANDATORY_RELEASE_1,ACCEPTANCE_NOT_CLOSED,services/api/src/modules/auth; apps/mobile/lib/services/genealogy_api_service.dart,Existing M2/M4 acceptance; production SMS delivery and expanded device/security review remain,0d93525ffa473617bd9cc43cbb36a00a0aa31814,COMPLETED,services/api/src/modules/auth/auth.service.ts,services/api/test/auth-m2-hardening.integration.spec.ts,Bounded behavior is implemented in the cited module with relevant regression suite context. Release-wide device/security/production approval is still open; this is not a signed acceptance closure.,
AUTH-FR-005,The system shall create a secure authenticated session after successful verification.,System,Session/token is issued and bound to account status.,MANDATORY_RELEASE_1,ACCEPTANCE_NOT_CLOSED,services/api/src/modules/auth; apps/mobile/lib/services/genealogy_api_service.dart,Existing M2/M4 acceptance; production SMS delivery and expanded device/security review remain,0d93525ffa473617bd9cc43cbb36a00a0aa31814,COMPLETED,services/api/src/modules/auth/auth.service.ts,services/api/test/auth-m2-hardening.integration.spec.ts,Bounded behavior is implemented in the cited module with relevant regression suite context. Release-wide device/security/production approval is still open; this is not a signed acceptance closure.,
AUTH-FR-006,The system shall renew eligible sessions without repeating OTP.,Member,Valid refresh credential renews; revoked/expired credential fails.,MANDATORY_RELEASE_1,ACCEPTANCE_NOT_CLOSED,services/api/src/modules/auth; apps/mobile/lib/services/genealogy_api_service.dart,Existing M2/M4 acceptance; production SMS delivery and expanded device/security review remain,0d93525ffa473617bd9cc43cbb36a00a0aa31814,COMPLETED,services/api/src/modules/auth/auth.service.ts,services/api/test/auth-m2-hardening.integration.spec.ts,Bounded behavior is implemented in the cited module with relevant regression suite context. Release-wide device/security/production approval is still open; this is not a signed acceptance closure.,
AUTH-FR-007,The system shall allow logout from the current device.,Member,Current session is revoked server-side.,MANDATORY_RELEASE_1,ACCEPTANCE_NOT_CLOSED,services/api/src/modules/auth; apps/mobile/lib/services/genealogy_api_service.dart,Existing M2/M4 acceptance; production SMS delivery and expanded device/security review remain,0d93525ffa473617bd9cc43cbb36a00a0aa31814,COMPLETED,services/api/src/modules/auth/auth.service.ts,services/api/test/auth-m2-hardening.integration.spec.ts,Bounded behavior is implemented in the cited module with relevant regression suite context. Release-wide device/security/production approval is still open; this is not a signed acceptance closure.,
AUTH-FR-008,The system shall allow logout from all devices.,Member,All active sessions are revoked.,MANDATORY_RELEASE_1,ACCEPTANCE_NOT_CLOSED,services/api/src/modules/auth; apps/mobile/lib/services/genealogy_api_service.dart,Existing M2/M4 acceptance; production SMS delivery and expanded device/security review remain,0d93525ffa473617bd9cc43cbb36a00a0aa31814,COMPLETED,services/api/src/modules/auth/auth.service.ts,services/api/test/auth-m2-hardening.integration.spec.ts,Bounded behavior is implemented in the cited module with relevant regression suite context. Release-wide device/security/production approval is still open; this is not a signed acceptance closure.,
AUTH-FR-009,The system shall maintain device metadata and push tokens for active sessions.,System,User/admin can identify active devices; stale tokens are removed.,MANDATORY_RELEASE_1,ACCEPTANCE_NOT_CLOSED,services/api/src/modules/auth; apps/mobile/lib/services/genealogy_api_service.dart,Existing M2/M4 acceptance; production SMS delivery and expanded device/security review remain,0d93525ffa473617bd9cc43cbb36a00a0aa31814,PARTIALLY_COMPLETED,services/api/src/modules/auth/auth.service.ts,services/api/test/auth-m2-hardening.integration.spec.ts,Session device metadata exists; active push token registration/removal lifecycle is incomplete.,
AUTH-FR-010,"Disabled, suspended, deleted or blocked accounts shall not authenticate.",System/Admin,Restricted account receives correct state response and no protected session.,MANDATORY_RELEASE_1,ACCEPTANCE_NOT_CLOSED,services/api/src/modules/auth; apps/mobile/lib/services/genealogy_api_service.dart,Existing M2/M4 acceptance; production SMS delivery and expanded device/security review remain,0d93525ffa473617bd9cc43cbb36a00a0aa31814,COMPLETED,services/api/src/modules/auth/auth.service.ts,services/api/test/auth-m2-hardening.integration.spec.ts,Bounded behavior is implemented in the cited module with relevant regression suite context. Release-wide device/security/production approval is still open; this is not a signed acceptance closure.,
AUTH-FR-011,Security-relevant authentication events shall be auditable.,System,"OTP request/failure, login, logout, revocation and restriction events are recorded.",MANDATORY_RELEASE_1,ACCEPTANCE_NOT_CLOSED,services/api/src/modules/auth; apps/mobile/lib/services/genealogy_api_service.dart,Existing M2/M4 acceptance; production SMS delivery and expanded device/security review remain,0d93525ffa473617bd9cc43cbb36a00a0aa31814,PARTIALLY_COMPLETED,services/api/src/modules/auth/auth.service.ts,services/api/test/auth-m2-hardening.integration.spec.ts,Audit actions exist; prove every OTP request/failure/revocation class with safe logging.,
AUTH-FR-012,Admin authentication shall support stronger privileged-session controls and MFA readiness.,Admin,Privileged session policy can enforce shorter expiry and second-factor capability.,MANDATORY_RELEASE_1,ACCEPTANCE_NOT_CLOSED,services/api/src/modules/auth; apps/mobile/lib/services/genealogy_api_service.dart,Existing M2/M4 acceptance; production SMS delivery and expanded device/security review remain,0d93525ffa473617bd9cc43cbb36a00a0aa31814,PARTIALLY_COMPLETED,services/api/src/modules/auth/mfa.service.ts;services/api/src/modules/auth/guards/jwt.strategy.ts;services/api/src/modules/auth/privileged-session.policy.ts;database/migrations/040_authenticator_verification.sql;apps/admin/src/app/mfa/page.tsx;apps/mobile/lib/screens/authenticator_screen.dart;docs/execution/NATIVE_AUTHENTICATOR_REPORT.md;docs/execution/NATIVE_AUTHENTICATOR_DEVICE_REPORT.md;docs/execution/AUTHENTICATOR_LIFECYCLE_REPORT.md,services/api/test/mfa.crypto.spec.ts;services/api/test/auth-m2-hardening.integration.spec.ts;e2e/mfa.spec.ts;apps/mobile/test/authenticator_screen_test.dart;apps/mobile/integration_test/m4_live_api_device_test.dart,"Encrypted authenticator verification and native device suite implemented. Fresh-code-protected authenticator replacement and recovery-code renewal added; exact-head CI evidence required. Governed emergency reset, stronger distinct-factor admin login, production key operations and broader signed release acceptance remain.",
PROF-FR-001,User Account and genealogy Person shall remain separate lifecycle entities.,System,Separate IDs and states exist in data model and API.,MANDATORY_RELEASE_1,ACCEPTANCE_NOT_CLOSED,services/api/src/modules/profile,M4 Android save/refresh acceptance and private-media HTTP coverage; remaining self-service UI review,0d93525ffa473617bd9cc43cbb36a00a0aa31814,COMPLETED,services/api/src/modules/profile/profile.service.ts,services/api/test/m4-profile-calendar.integration.spec.ts,Bounded behavior is implemented in the cited module with relevant regression suite context. Release-wide device/security/production approval is still open; this is not a signed acceptance closure.,
PROF-FR-002,An approved member shall view and edit permitted profile fields.,Member,Editable fields update; governed genealogy fields route to change request.,MANDATORY_RELEASE_1,ACCEPTANCE_NOT_CLOSED,services/api/src/modules/profile,M4 Android save/refresh acceptance and private-media HTTP coverage; remaining self-service UI review,0d93525ffa473617bd9cc43cbb36a00a0aa31814,COMPLETED,services/api/src/modules/profile/profile.service.ts,services/api/test/m4-profile-calendar.integration.spec.ts,Bounded behavior is implemented in the cited module with relevant regression suite context. Release-wide device/security/production approval is still open; this is not a signed acceptance closure.,
PROF-FR-003,"The system shall support profile photo upload, crop/compression and secure storage.",Member,Valid image is processed and displayed according to privacy rules.,MANDATORY_RELEASE_1,ACCEPTANCE_NOT_CLOSED,services/api/src/modules/profile,M4 Android save/refresh acceptance and private-media HTTP coverage; remaining self-service UI review,0d93525ffa473617bd9cc43cbb36a00a0aa31814,PARTIALLY_COMPLETED,services/api/src/modules/profile/profile.service.ts;apps/admin/src/components/ProfilePhoto.tsx;apps/mobile/lib/widgets/profile_photo_editor.dart,services/api/test/image-derivatives.integration.spec.ts;e2e/profile-photo.spec.ts;apps/mobile/test/profile_photo_editor_test.dart,"Private S3 storage, web/native crop preview and safe compressed derivatives are implemented in the 2026-10-04 checkpoint (docs/execution/IMAGE_DERIVATIVES_REPORT.md). Broader device/privacy/security acceptance remains open.",
PROF-FR-004,"The profile shall support contact, location, occupation, work, education, achievements, publications and approved descriptive fields.",Member,Configured fields persist with validation and visibility metadata.,MANDATORY_RELEASE_1,ACCEPTANCE_NOT_CLOSED,services/api/src/modules/profile,M4 Android save/refresh acceptance and private-media HTTP coverage; remaining self-service UI review,0d93525ffa473617bd9cc43cbb36a00a0aa31814,COMPLETED,services/api/src/modules/profile/profile.service.ts,services/api/test/m4-profile-calendar.integration.spec.ts,Bounded behavior is implemented in the cited module with relevant regression suite context. Release-wide device/security/production approval is still open; this is not a signed acceptance closure.,
PROF-FR-005,The system shall support field-level or grouped visibility settings.,Member,Server removes hidden fields from unauthorized responses.,MANDATORY_RELEASE_1,ACCEPTANCE_NOT_CLOSED,services/api/src/modules/profile,M4 Android save/refresh acceptance and private-media HTTP coverage; remaining self-service UI review,0d93525ffa473617bd9cc43cbb36a00a0aa31814,COMPLETED,services/api/src/modules/profile/profile.service.ts,services/api/test/m4-profile-calendar.integration.spec.ts,Bounded behavior is implemented in the cited module with relevant regression suite context. Release-wide device/security/production approval is still open; this is not a signed acceptance closure.,
PROF-FR-006,"The user shall manage language, notification and privacy preferences.",Member,Preferences persist across sessions/devices.,MANDATORY_RELEASE_1,ACCEPTANCE_NOT_CLOSED,services/api/src/modules/profile,M4 Android save/refresh acceptance and private-media HTTP coverage; remaining self-service UI review,0d93525ffa473617bd9cc43cbb36a00a0aa31814,PARTIALLY_COMPLETED,services/api/src/modules/profile/profile.service.ts,services/api/test/m4-profile-calendar.integration.spec.ts,Privacy/channel/category preferences persist; full language preference persistence/UX across devices needs completion.,
PROF-FR-007,The user shall view active devices/sessions and revoke selected sessions.,Member,Revoked session loses access immediately or within token-revocation SLA.,MANDATORY_RELEASE_1,ACCEPTANCE_NOT_CLOSED,services/api/src/modules/profile,M4 Android save/refresh acceptance and private-media HTTP coverage; remaining self-service UI review,0d93525ffa473617bd9cc43cbb36a00a0aa31814,COMPLETED,services/api/src/modules/profile/profile.service.ts,services/api/test/m4-profile-calendar.integration.spec.ts,Bounded behavior is implemented in the cited module with relevant regression suite context. Release-wide device/security/production approval is still open; this is not a signed acceptance closure.,
PROF-FR-008,The member profile shall show claim/verification state.,Member,"Pending, correction, rejected and approved states are visible with next action.",MANDATORY_RELEASE_1,ACCEPTANCE_NOT_CLOSED,services/api/src/modules/profile,M4 Android save/refresh acceptance and private-media HTTP coverage; remaining self-service UI review,0d93525ffa473617bd9cc43cbb36a00a0aa31814,PARTIALLY_COMPLETED,services/api/src/modules/profile/profile.service.ts,services/api/test/m4-profile-calendar.integration.spec.ts,Claim states are available through claim views; complete profile-specific next-action presentation.,
PROF-FR-009,Governed profile changes shall retain history.,Admin/Member,Authorized history view shows prior values and source request.,MANDATORY_RELEASE_1,ACCEPTANCE_NOT_CLOSED,services/api/src/modules/profile,M4 Android save/refresh acceptance and private-media HTTP coverage; remaining self-service UI review,0d93525ffa473617bd9cc43cbb36a00a0aa31814,PARTIALLY_COMPLETED,services/api/src/modules/profile/profile.service.ts,services/api/test/m4-profile-calendar.integration.spec.ts,Governed decisions retain audit metadata; member-accessible field history with prior values/source request needs acceptance.,
PROF-FR-010,The system shall support account deactivation/deletion request.,Member,"Workflow records request, re-authentication/confirmation and final outcome.",MANDATORY_RELEASE_1,ACCEPTANCE_NOT_CLOSED,services/api/src/modules/profile,M4 Android save/refresh acceptance and private-media HTTP coverage; remaining self-service UI review,0d93525ffa473617bd9cc43cbb36a00a0aa31814,COMPLETED,services/api/src/modules/profile/profile.service.ts,services/api/test/m4-profile-calendar.integration.spec.ts,Bounded behavior is implemented in the cited module with relevant regression suite context. Release-wide device/security/production approval is still open; this is not a signed acceptance closure.,
PROF-FR-011,Account deletion shall de-link/deactivate authentication separately from genealogy retention.,System/Admin,Person may remain as historical/unclaimed record according to approved policy.,MANDATORY_RELEASE_1,ACCEPTANCE_NOT_CLOSED,services/api/src/modules/profile,M4 Android save/refresh acceptance and private-media HTTP coverage; remaining self-service UI review,0d93525ffa473617bd9cc43cbb36a00a0aa31814,COMPLETED,services/api/src/modules/profile/profile.service.ts,services/api/test/m4-profile-calendar.integration.spec.ts,Bounded behavior is implemented in the cited module with relevant regression suite context. Release-wide device/security/production approval is still open; this is not a signed acceptance closure.,
PROF-FR-012,Minor Person records shall receive restrictive privacy defaults.,System,Sensitive contact/address/school/precise location is not exposed by default.,MANDATORY_RELEASE_1,ACCEPTANCE_NOT_CLOSED,services/api/src/modules/profile,M4 Android save/refresh acceptance and private-media HTTP coverage; remaining self-service UI review,0d93525ffa473617bd9cc43cbb36a00a0aa31814,COMPLETED,services/api/src/modules/profile/profile.service.ts,services/api/test/m4-profile-calendar.integration.spec.ts,Bounded behavior is implemented in the cited module with relevant regression suite context. Release-wide device/security/production approval is still open; this is not a signed acceptance closure.,
GEN-FR-001,Every genealogy Person shall receive an immutable unique Person ID.,System/Admin,"ID is unique, permanent and never reused.",MANDATORY_RELEASE_1,ACCEPTANCE_NOT_CLOSED,services/api/src/modules/genealogy,Existing M3/M4 acceptance; assess every requirement against current head,0d93525ffa473617bd9cc43cbb36a00a0aa31814,COMPLETED,services/api/src/modules/genealogy/genealogy.service.ts,services/api/test/genealogy-http.integration.spec.ts,Bounded behavior is implemented in the cited module with relevant regression suite context. Release-wide device/security/production approval is still open; this is not a signed acceptance closure.,
GEN-FR-002,"The system shall support living, deceased, child, non-user and historical ancestor Person records.",Admin/Verifier,All types can exist without a User Account.,MANDATORY_RELEASE_1,ACCEPTANCE_NOT_CLOSED,services/api/src/modules/genealogy,Existing M3/M4 acceptance; assess every requirement against current head,0d93525ffa473617bd9cc43cbb36a00a0aa31814,COMPLETED,services/api/src/modules/genealogy/genealogy.service.ts,services/api/test/genealogy-http.integration.spec.ts,Bounded behavior is implemented in the cited module with relevant regression suite context. Release-wide device/security/production approval is still open; this is not a signed acceptance closure.,
GEN-FR-003,"The system shall support Nepali/English name variants, aliases and former spellings.",Admin/Member,Search resolves normalized names while original spellings remain preserved.,MANDATORY_RELEASE_1,ACCEPTANCE_NOT_CLOSED,services/api/src/modules/genealogy,Existing M3/M4 acceptance; assess every requirement against current head,0d93525ffa473617bd9cc43cbb36a00a0aa31814,COMPLETED,services/api/src/modules/genealogy/genealogy.service.ts,services/api/test/genealogy-http.integration.spec.ts,Bounded behavior is implemented in the cited module with relevant regression suite context. Release-wide device/security/production approval is still open; this is not a signed acceptance closure.,
GEN-FR-004,"A Person shall support known/unknown birth, death, birthplace, residence, branch, generation and other approved facts.",Admin/Member,Partial/unknown facts are accepted without invented values.,MANDATORY_RELEASE_1,ACCEPTANCE_NOT_CLOSED,services/api/src/modules/genealogy,Existing M3/M4 acceptance; assess every requirement against current head,0d93525ffa473617bd9cc43cbb36a00a0aa31814,COMPLETED,services/api/src/modules/genealogy/genealogy.service.ts,services/api/test/genealogy-http.integration.spec.ts,Bounded behavior is implemented in the cited module with relevant regression suite context. Release-wide device/security/production approval is still open; this is not a signed acceptance closure.,
GEN-FR-005,The system shall store verified parent-to-child direct links.,Admin/Verifier,Approved/imported parent link is visible in trusted genealogy.,MANDATORY_RELEASE_1,ACCEPTANCE_NOT_CLOSED,services/api/src/modules/genealogy,Existing M3/M4 acceptance; assess every requirement against current head,0d93525ffa473617bd9cc43cbb36a00a0aa31814,COMPLETED,services/api/src/modules/genealogy/genealogy.service.ts,services/api/test/genealogy-http.integration.spec.ts,Bounded behavior is implemented in the cited module with relevant regression suite context. Release-wide device/security/production approval is still open; this is not a signed acceptance closure.,
GEN-FR-006,The system shall store verified spouse/approved union direct links.,Admin/Verifier,Approved union connects both People without duplicate inverse records.,MANDATORY_RELEASE_1,ACCEPTANCE_NOT_CLOSED,services/api/src/modules/genealogy,Existing M3/M4 acceptance; assess every requirement against current head,0d93525ffa473617bd9cc43cbb36a00a0aa31814,COMPLETED,services/api/src/modules/genealogy/genealogy.service.ts,services/api/test/genealogy-http.integration.spec.ts,Bounded behavior is implemented in the cited module with relevant regression suite context. Release-wide device/security/production approval is still open; this is not a signed acceptance closure.,
GEN-FR-007,The system shall reject self-links.,System,"Person cannot be own parent, child or spouse.",MANDATORY_RELEASE_1,ACCEPTANCE_NOT_CLOSED,services/api/src/modules/genealogy,Existing M3/M4 acceptance; assess every requirement against current head,0d93525ffa473617bd9cc43cbb36a00a0aa31814,COMPLETED,services/api/src/modules/genealogy/genealogy.service.ts,services/api/test/genealogy-http.integration.spec.ts,Bounded behavior is implemented in the cited module with relevant regression suite context. Release-wide device/security/production approval is still open; this is not a signed acceptance closure.,
GEN-FR-008,The system shall detect and reject parent-child ancestry cycles.,System,Mutation that creates a cycle returns a validation error.,MANDATORY_RELEASE_1,ACCEPTANCE_NOT_CLOSED,services/api/src/modules/genealogy,Existing M3/M4 acceptance; assess every requirement against current head,0d93525ffa473617bd9cc43cbb36a00a0aa31814,COMPLETED,services/api/src/modules/genealogy/genealogy.service.ts,services/api/test/genealogy-http.integration.spec.ts,Bounded behavior is implemented in the cited module with relevant regression suite context. Release-wide device/security/production approval is still open; this is not a signed acceptance closure.,
GEN-FR-009,"The tree shall display navigable parents, grandparents, spouses, children, siblings, descendants and extended relatives.",Member,User can traverse connected permitted People.,MANDATORY_RELEASE_1,ACCEPTANCE_NOT_CLOSED,services/api/src/modules/genealogy,Existing M3/M4 acceptance; assess every requirement against current head,0d93525ffa473617bd9cc43cbb36a00a0aa31814,PARTIALLY_COMPLETED,services/api/src/modules/genealogy/genealogy.service.ts,services/api/test/genealogy-http.integration.spec.ts,Tree navigates parents/spouses/children; confirm complete sibling/extended-relative UX and privacy-safe traversal.,
GEN-FR-010,The family tree shall use progressive expansion/lazy loading for large genealogy networks.,Member,Initial view remains responsive without loading the full graph.,MANDATORY_RELEASE_1,ACCEPTANCE_NOT_CLOSED,services/api/src/modules/genealogy,Existing M3/M4 acceptance; assess every requirement against current head,0d93525ffa473617bd9cc43cbb36a00a0aa31814,PARTIALLY_COMPLETED,services/api/src/modules/genealogy/genealogy.service.ts,services/api/test/genealogy-http.integration.spec.ts,Depth-bounded subtree fetch exists; progressive expansion and million-person performance/device evidence remain.,
GEN-FR-011,The system shall support family branches and generations.,Admin/Member,People can be assigned/derived and searched by branch/generation.,MANDATORY_RELEASE_1,ACCEPTANCE_NOT_CLOSED,services/api/src/modules/genealogy,Existing M3/M4 acceptance; assess every requirement against current head,0d93525ffa473617bd9cc43cbb36a00a0aa31814,COMPLETED,services/api/src/modules/genealogy/genealogy.service.ts,services/api/test/genealogy-http.integration.spec.ts,Bounded behavior is implemented in the cited module with relevant regression suite context. Release-wide device/security/production approval is still open; this is not a signed acceptance closure.,
GEN-FR-012,"Verified branches shall be connectable through approved shared ancestry, marriage or supported connection.",Super Admin,Cross-branch link is visible only after authorized approval and audit.,MANDATORY_RELEASE_1,ACCEPTANCE_NOT_CLOSED,services/api/src/modules/genealogy,Existing M3/M4 acceptance; assess every requirement against current head,0d93525ffa473617bd9cc43cbb36a00a0aa31814,COMPLETED,services/api/src/modules/genealogy/genealogy.service.ts,services/api/test/genealogy-http.integration.spec.ts,Bounded behavior is implemented in the cited module with relevant regression suite context. Release-wide device/security/production approval is still open; this is not a signed acceptance closure.,
GEN-FR-013,Genealogy facts shall retain source/provenance metadata.,Admin,Authorized user can identify import/request/admin source of governed fact.,MANDATORY_RELEASE_1,ACCEPTANCE_NOT_CLOSED,services/api/src/modules/genealogy,Existing M3/M4 acceptance; assess every requirement against current head,0d93525ffa473617bd9cc43cbb36a00a0aa31814,COMPLETED,services/api/src/modules/genealogy/genealogy.service.ts,services/api/test/genealogy-http.integration.spec.ts,Bounded behavior is implemented in the cited module with relevant regression suite context. Release-wide device/security/production approval is still open; this is not a signed acceptance closure.,
GEN-FR-014,A member shall be able to request recording a death.,Member,Request enters approval flow and official status does not change before approval.,MANDATORY_RELEASE_1,ACCEPTANCE_NOT_CLOSED,services/api/src/modules/genealogy,Existing M3/M4 acceptance; assess every requirement against current head,0d93525ffa473617bd9cc43cbb36a00a0aa31814,COMPLETED,services/api/src/modules/genealogy/genealogy.service.ts,services/api/test/genealogy-http.integration.spec.ts,Bounded behavior is implemented in the cited module with relevant regression suite context. Release-wide device/security/production approval is still open; this is not a signed acceptance closure.,
GEN-FR-015,Approved death record shall update life status and trigger dependent calendar/Jutho workflows.,System,Dependent jobs run only after official commit.,MANDATORY_RELEASE_1,ACCEPTANCE_NOT_CLOSED,services/api/src/modules/genealogy,Existing M3/M4 acceptance; assess every requirement against current head,0d93525ffa473617bd9cc43cbb36a00a0aa31814,PARTIALLY_COMPLETED,services/api/src/modules/genealogy/genealogy.service.ts,services/api/test/genealogy-http.integration.spec.ts,Approved death mutates life status; authoritative dependent reminders/Jutho remain gated/incomplete.,
GEN-FR-016,Authorized administrators shall create/edit Person records directly only with justification and full audit.,Admin,Privileged direct mutation requires reason and audit record.,MANDATORY_RELEASE_1,ACCEPTANCE_NOT_CLOSED,services/api/src/modules/genealogy,Existing M3/M4 acceptance; assess every requirement against current head,0d93525ffa473617bd9cc43cbb36a00a0aa31814,COMPLETED,services/api/src/modules/genealogy/genealogy.service.ts,services/api/test/genealogy-http.integration.spec.ts,Bounded behavior is implemented in the cited module with relevant regression suite context. Release-wide device/security/production approval is still open; this is not a signed acceptance closure.,
GEN-FR-017,Erroneous Person records shall be archived/deactivated rather than casually hard-deleted.,Super Admin,Archived Person is excluded from normal views but remains traceable.,MANDATORY_RELEASE_1,ACCEPTANCE_NOT_CLOSED,services/api/src/modules/genealogy,Existing M3/M4 acceptance; assess every requirement against current head,0d93525ffa473617bd9cc43cbb36a00a0aa31814,COMPLETED,services/api/src/modules/genealogy/genealogy.service.ts,services/api/test/genealogy-http.integration.spec.ts,Bounded behavior is implemented in the cited module with relevant regression suite context. Release-wide device/security/production approval is still open; this is not a signed acceptance closure.,
GEN-FR-018,Authorized governance roles shall export genealogy data subject to privacy filtering.,Admin,Export is permission-controlled and audited.,MANDATORY_RELEASE_1,ACCEPTANCE_NOT_CLOSED,services/api/src/modules/genealogy,Existing M3/M4 acceptance; assess every requirement against current head,0d93525ffa473617bd9cc43cbb36a00a0aa31814,COMPLETED,services/api/src/modules/genealogy/genealogy.service.ts,services/api/test/genealogy-http.integration.spec.ts,Bounded behavior is implemented in the cited module with relevant regression suite context. Release-wide device/security/production approval is still open; this is not a signed acceptance closure.,
SRCH-FR-001,Search shall find People by Nepali/English name and normalized spelling variants.,Member/Admin,Relevant matches return within performance target.,MANDATORY_RELEASE_1,ACCEPTANCE_NOT_CLOSED,services/api/src/modules/genealogy/search,Existing M3 search coverage; production-scale and locale acceptance outstanding,0d93525ffa473617bd9cc43cbb36a00a0aa31814,PARTIALLY_COMPLETED,services/api/src/modules/genealogy/search.service.ts,services/api/test/genealogy-http.integration.spec.ts,ILIKE/trigram name matching exists; complete normalized/transliterated recall and production-scale latency evidence.,
SRCH-FR-002,"Person search shall support branch, generation, location and life-status filters.",Member/Admin,Filters constrain result set correctly.,MANDATORY_RELEASE_1,ACCEPTANCE_NOT_CLOSED,services/api/src/modules/genealogy/search,Existing M3 search coverage; production-scale and locale acceptance outstanding,0d93525ffa473617bd9cc43cbb36a00a0aa31814,COMPLETED,services/api/src/modules/genealogy/search.service.ts,services/api/test/genealogy-http.integration.spec.ts,Bounded behavior is implemented in the cited module with relevant regression suite context. Release-wide device/security/production approval is still open; this is not a signed acceptance closure.,
SRCH-FR-003,Search responses shall contain only viewer-permitted data.,System,Hidden contact/location/private fields never leak into result payloads.,MANDATORY_RELEASE_1,ACCEPTANCE_NOT_CLOSED,services/api/src/modules/genealogy/search,Existing M3 search coverage; production-scale and locale acceptance outstanding,0d93525ffa473617bd9cc43cbb36a00a0aa31814,COMPLETED,services/api/src/modules/genealogy/search.service.ts,services/api/test/genealogy-http.integration.spec.ts,Bounded behavior is implemented in the cited module with relevant regression suite context. Release-wide device/security/production approval is still open; this is not a signed acceptance closure.,
SRCH-FR-004,Search shall identify possible existing People during claim/new-Person flows.,System,Candidate matches are shown or flagged before new record creation.,MANDATORY_RELEASE_1,ACCEPTANCE_NOT_CLOSED,services/api/src/modules/genealogy/search,Existing M3 search coverage; production-scale and locale acceptance outstanding,0d93525ffa473617bd9cc43cbb36a00a0aa31814,COMPLETED,services/api/src/modules/genealogy/search.service.ts,services/api/test/genealogy-http.integration.spec.ts,Bounded behavior is implemented in the cited module with relevant regression suite context. Release-wide device/security/production approval is still open; this is not a signed acceptance closure.,
SRCH-FR-005,"Search shall support cultural content, events and community content in their respective modules.",Member,Results are categorized and deep-link correctly.,MANDATORY_RELEASE_1,ACCEPTANCE_NOT_CLOSED,services/api/src/modules/genealogy/search,Existing M3 search coverage; production-scale and locale acceptance outstanding,0d93525ffa473617bd9cc43cbb36a00a0aa31814,PARTIALLY_COMPLETED,services/api/src/modules/genealogy/search.service.ts;database/migrations/041_cultural_revision_cms.sql;services/api/src/modules/cultural-rules/cultural-content.service.ts;services/api/src/modules/cultural-rules/cultural-content.controller.ts;apps/admin/src/app/cultural/page.tsx;apps/mobile/lib/screens/cultural_content_screen.dart;docs/execution/CULTURAL_REVISION_CMS_REPORT.md,services/api/test/genealogy-http.integration.spec.ts;services/api/test/cultural-content.integration.spec.ts;e2e/cultural-content.spec.ts;apps/mobile/test/cultural_content_screen_test.dart,"Durable versioned document CMS, independent review and explicit designated approval, historical supersession, published-only title/body/keyword search and web/native read surfaces implemented. Signed authority content, broader workflow/device/accessibility acceptance and production evidence remain; cultural rule proposal activation is separate. Event/community search and cross-module behavior also remain. See CULTURAL_REVISION_CMS_REPORT.md; exact-head CI pending.",
SRCH-FR-006,Search shall support transliteration/alias normalization without altering source names.,System,Configured search keys improve recall.,MANDATORY_RELEASE_1,ACCEPTANCE_NOT_CLOSED,services/api/src/modules/genealogy/search,Existing M3 search coverage; production-scale and locale acceptance outstanding,0d93525ffa473617bd9cc43cbb36a00a0aa31814,PARTIALLY_COMPLETED,services/api/src/database/repositories/person.repository.ts;services/api/src/modules/genealogy/search-normalization.ts;database/migrations/042_normalized_name_search.sql;docs/execution/SEARCH_NORMALIZATION_REPORT.md,services/api/test/search-normalization.spec.ts;services/api/test/search-normalization.integration.spec.ts,"Search-only NFKC, whitespace and case normalization matches explicitly recorded Roman aliases and Nepali names without rewriting source strings. Literal LIKE metacharacters are escaped; existing visibility/count predicates are retained. Configured transliteration catalogue, locale acceptance and production-scale latency remain open.",
SRCH-FR-007,Search APIs shall paginate and sort deterministically.,System,Large sets paginate without duplicate or missing records.,MANDATORY_RELEASE_1,ACCEPTANCE_NOT_CLOSED,services/api/src/modules/genealogy/search,Existing M3 search coverage; production-scale and locale acceptance outstanding,0d93525ffa473617bd9cc43cbb36a00a0aa31814,COMPLETED,services/api/src/modules/genealogy/search.service.ts,services/api/test/genealogy-http.integration.spec.ts,Bounded behavior is implemented in the cited module with relevant regression suite context. Release-wide device/security/production approval is still open; this is not a signed acceptance closure.,
SRCH-FR-008,Admin search shall support exact Person/User/Request ID lookup.,Admin,Authorized exact-ID lookup resolves directly.,MANDATORY_RELEASE_1,ACCEPTANCE_NOT_CLOSED,services/api/src/modules/genealogy/search,Existing M3 search coverage; production-scale and locale acceptance outstanding,0d93525ffa473617bd9cc43cbb36a00a0aa31814,PARTIALLY_COMPLETED,services/api/src/modules/genealogy/search.service.ts;services/api/src/modules/admin-lookup/admin-lookup.service.ts;services/api/src/modules/admin-lookup/admin-lookup.controller.ts;apps/admin/src/app/lookup/page.tsx;docs/execution/ADMIN_EXACT_LOOKUP_REPORT.md,services/api/test/genealogy-http.integration.spec.ts;services/api/test/admin-lookup.integration.spec.ts;e2e/admin-lookup.spec.ts,"Unified exact Person/User/Claim/Change Request ID lookup implemented with current-role/branch authority, existing privacy/review delegation, minimal account projection and durable read audit. Broader workflow/accessibility/production acceptance remains; see ADMIN_EXACT_LOOKUP_REPORT.md. Exact-head CI pending.",
CLAIM-FR-001,A registered member shall search the genealogy before requesting a new Person.,Member,New-Person flow presents possible matches first.,MANDATORY_RELEASE_1,ACCEPTANCE_NOT_CLOSED,services/api/src/modules/claims,M4 real Android/API acceptance at 8bfe0fb; later changes require exact-head CI,0d93525ffa473617bd9cc43cbb36a00a0aa31814,COMPLETED,services/api/src/modules/claims/claims.service.ts,services/api/test/m4-claims-workflow.integration.spec.ts,Bounded behavior is implemented in the cited module with relevant regression suite context. Release-wide device/security/production approval is still open; this is not a signed acceptance closure.,
CLAIM-FR-002,A member shall submit a claim for an existing Person.,Member,"Claim captures user, Person, context/evidence and timestamp.",MANDATORY_RELEASE_1,ACCEPTANCE_NOT_CLOSED,services/api/src/modules/claims,M4 real Android/API acceptance at 8bfe0fb; later changes require exact-head CI,0d93525ffa473617bd9cc43cbb36a00a0aa31814,COMPLETED,services/api/src/modules/claims/claims.service.ts,services/api/test/m4-claims-workflow.integration.spec.ts,Bounded behavior is implemented in the cited module with relevant regression suite context. Release-wide device/security/production approval is still open; this is not a signed acceptance closure.,
CLAIM-FR-003,The member shall attach approved supporting evidence or family context.,Member,Valid evidence is securely stored and linked to claim.,MANDATORY_RELEASE_1,ACCEPTANCE_NOT_CLOSED,services/api/src/modules/claims,M4 real Android/API acceptance at 8bfe0fb; later changes require exact-head CI,0d93525ffa473617bd9cc43cbb36a00a0aa31814,PARTIALLY_COMPLETED,services/api/src/modules/claims/claims.service.ts,services/api/test/m4-claims-workflow.integration.spec.ts,Evidence references/context exist; complete authenticated uploaded supporting-evidence attachment UI and lifecycle.,
CLAIM-FR-004,Submitted claim shall enter a governed review workflow.,System,"Claim receives state, reviewer scope and queue placement.",MANDATORY_RELEASE_1,ACCEPTANCE_NOT_CLOSED,services/api/src/modules/claims,M4 real Android/API acceptance at 8bfe0fb; later changes require exact-head CI,0d93525ffa473617bd9cc43cbb36a00a0aa31814,COMPLETED,services/api/src/modules/claims/claims.service.ts,services/api/test/m4-claims-workflow.integration.spec.ts,Bounded behavior is implemented in the cited module with relevant regression suite context. Release-wide device/security/production approval is still open; this is not a signed acceptance closure.,
CLAIM-FR-005,Authorized verifier shall approve a valid claim within assigned scope.,Verifier,Approval links User Account to Person and records decision.,MANDATORY_RELEASE_1,ACCEPTANCE_NOT_CLOSED,services/api/src/modules/claims,M4 real Android/API acceptance at 8bfe0fb; later changes require exact-head CI,0d93525ffa473617bd9cc43cbb36a00a0aa31814,COMPLETED,services/api/src/modules/claims/claims.service.ts,services/api/test/m4-claims-workflow.integration.spec.ts,Bounded behavior is implemented in the cited module with relevant regression suite context. Release-wide device/security/production approval is still open; this is not a signed acceptance closure.,
CLAIM-FR-006,Authorized verifier shall reject a claim with reason.,Verifier,Person remains unlinked; member receives feedback.,MANDATORY_RELEASE_1,ACCEPTANCE_NOT_CLOSED,services/api/src/modules/claims,M4 real Android/API acceptance at 8bfe0fb; later changes require exact-head CI,0d93525ffa473617bd9cc43cbb36a00a0aa31814,COMPLETED,services/api/src/modules/claims/claims.service.ts,services/api/test/m4-claims-workflow.integration.spec.ts,Bounded behavior is implemented in the cited module with relevant regression suite context. Release-wide device/security/production approval is still open; this is not a signed acceptance closure.,
CLAIM-FR-007,Verifier shall request correction/additional evidence.,Verifier,Claim enters correction-requested state and member can resubmit.,MANDATORY_RELEASE_1,ACCEPTANCE_NOT_CLOSED,services/api/src/modules/claims,M4 real Android/API acceptance at 8bfe0fb; later changes require exact-head CI,0d93525ffa473617bd9cc43cbb36a00a0aa31814,COMPLETED,services/api/src/modules/claims/claims.service.ts,services/api/test/m4-claims-workflow.integration.spec.ts,Bounded behavior is implemented in the cited module with relevant regression suite context. Release-wide device/security/production approval is still open; this is not a signed acceptance closure.,
CLAIM-FR-008,Out-of-scope/disputed claim shall be escalatable to Super Admin.,Verifier/Super Admin,Escalation preserves full history and evidence.,MANDATORY_RELEASE_1,ACCEPTANCE_NOT_CLOSED,services/api/src/modules/claims,M4 real Android/API acceptance at 8bfe0fb; later changes require exact-head CI,0d93525ffa473617bd9cc43cbb36a00a0aa31814,COMPLETED,services/api/src/modules/claims/claims.service.ts,services/api/test/m4-claims-workflow.integration.spec.ts,Bounded behavior is implemented in the cited module with relevant regression suite context. Release-wide device/security/production approval is still open; this is not a signed acceptance closure.,
CLAIM-FR-009,The system shall detect conflicting active claims.,System,Conflict is blocked or routed for resolution according to policy.,MANDATORY_RELEASE_1,ACCEPTANCE_NOT_CLOSED,services/api/src/modules/claims,M4 real Android/API acceptance at 8bfe0fb; later changes require exact-head CI,0d93525ffa473617bd9cc43cbb36a00a0aa31814,COMPLETED,services/api/src/modules/claims/claims.service.ts,services/api/test/m4-claims-workflow.integration.spec.ts,Bounded behavior is implemented in the cited module with relevant regression suite context. Release-wide device/security/production approval is still open; this is not a signed acceptance closure.,
CLAIM-FR-010,Member shall see claim status and reviewer feedback.,Member,Current state and available next action are visible.,MANDATORY_RELEASE_1,ACCEPTANCE_NOT_CLOSED,services/api/src/modules/claims,M4 real Android/API acceptance at 8bfe0fb; later changes require exact-head CI,0d93525ffa473617bd9cc43cbb36a00a0aa31814,COMPLETED,services/api/src/modules/claims/claims.service.ts,services/api/test/m4-claims-workflow.integration.spec.ts,Bounded behavior is implemented in the cited module with relevant regression suite context. Release-wide device/security/production approval is still open; this is not a signed acceptance closure.,
CLAIM-FR-011,Claim decisions shall trigger in-app/push notification according to preference.,System,Member receives approved/rejected/correction update.,MANDATORY_RELEASE_1,ACCEPTANCE_NOT_CLOSED,services/api/src/modules/claims,M4 real Android/API acceptance at 8bfe0fb; later changes require exact-head CI,0d93525ffa473617bd9cc43cbb36a00a0aa31814,PARTIALLY_COMPLETED,services/api/src/modules/claims/claims.service.ts,services/api/test/m4-claims-workflow.integration.spec.ts,Durable inbox/outbox exists; genuine push acceptance and production provider credentials remain.,
CLAIM-FR-012,Every claim transition shall be auditable.,System,"Actor, timestamp, state change, reason and evidence references are recorded.",MANDATORY_RELEASE_1,ACCEPTANCE_NOT_CLOSED,services/api/src/modules/claims,M4 real Android/API acceptance at 8bfe0fb; later changes require exact-head CI,0d93525ffa473617bd9cc43cbb36a00a0aa31814,COMPLETED,services/api/src/modules/claims/claims.service.ts,services/api/test/m4-claims-workflow.integration.spec.ts,Bounded behavior is implemented in the cited module with relevant regression suite context. Release-wide device/security/production approval is still open; this is not a signed acceptance closure.,
CHG-FR-001,Member shall request adding a parent.,Member,Request enters review; trusted graph remains unchanged before approval.,MANDATORY_RELEASE_1,ACCEPTANCE_NOT_CLOSED,services/api/src/modules/change-requests,M4 real Android/API acceptance at 8bfe0fb; current mutation types require full requirement reconciliation,0d93525ffa473617bd9cc43cbb36a00a0aa31814,COMPLETED,services/api/src/modules/change-requests/change-requests.service.ts,services/api/test/m4-change-requests.integration.spec.ts,Bounded behavior is implemented in the cited module with relevant regression suite context. Release-wide device/security/production approval is still open; this is not a signed acceptance closure.,
CHG-FR-002,Member shall request adding a spouse.,Member,Request enters review; trusted graph remains unchanged before approval.,MANDATORY_RELEASE_1,ACCEPTANCE_NOT_CLOSED,services/api/src/modules/change-requests,M4 real Android/API acceptance at 8bfe0fb; current mutation types require full requirement reconciliation,0d93525ffa473617bd9cc43cbb36a00a0aa31814,COMPLETED,services/api/src/modules/change-requests/change-requests.service.ts,services/api/test/m4-change-requests.integration.spec.ts,Bounded behavior is implemented in the cited module with relevant regression suite context. Release-wide device/security/production approval is still open; this is not a signed acceptance closure.,
CHG-FR-003,Member shall request adding a child.,Member,Request enters review; trusted graph remains unchanged before approval.,MANDATORY_RELEASE_1,ACCEPTANCE_NOT_CLOSED,services/api/src/modules/change-requests,M4 real Android/API acceptance at 8bfe0fb; current mutation types require full requirement reconciliation,0d93525ffa473617bd9cc43cbb36a00a0aa31814,COMPLETED,services/api/src/modules/change-requests/change-requests.service.ts,services/api/test/m4-change-requests.integration.spec.ts,Bounded behavior is implemented in the cited module with relevant regression suite context. Release-wide device/security/production approval is still open; this is not a signed acceptance closure.,
CHG-FR-004,Member shall request another supported family connection.,Member,Relationship context and proposed Person/link are captured.,MANDATORY_RELEASE_1,ACCEPTANCE_NOT_CLOSED,services/api/src/modules/change-requests,M4 real Android/API acceptance at 8bfe0fb; current mutation types require full requirement reconciliation,0d93525ffa473617bd9cc43cbb36a00a0aa31814,PARTIALLY_COMPLETED,services/api/src/modules/change-requests/change-requests.service.ts,services/api/test/m4-change-requests.integration.spec.ts,Supported direct-link workflows exist; complete all supported connection contexts and member forms.,
CHG-FR-005,Member shall request correcting Person information.,Member,Existing and proposed values are captured.,MANDATORY_RELEASE_1,ACCEPTANCE_NOT_CLOSED,services/api/src/modules/change-requests,M4 real Android/API acceptance at 8bfe0fb; current mutation types require full requirement reconciliation,0d93525ffa473617bd9cc43cbb36a00a0aa31814,COMPLETED,services/api/src/modules/change-requests/change-requests.service.ts,services/api/test/m4-change-requests.integration.spec.ts,Bounded behavior is implemented in the cited module with relevant regression suite context. Release-wide device/security/production approval is still open; this is not a signed acceptance closure.,
CHG-FR-006,Member shall request recording a death.,Member,Death facts/evidence are captured for review.,MANDATORY_RELEASE_1,ACCEPTANCE_NOT_CLOSED,services/api/src/modules/change-requests,M4 real Android/API acceptance at 8bfe0fb; current mutation types require full requirement reconciliation,0d93525ffa473617bd9cc43cbb36a00a0aa31814,COMPLETED,services/api/src/modules/change-requests/change-requests.service.ts,services/api/test/m4-change-requests.integration.spec.ts,Bounded behavior is implemented in the cited module with relevant regression suite context. Release-wide device/security/production approval is still open; this is not a signed acceptance closure.,
CHG-FR-007,Member shall attach evidence to a genealogy request.,Member,"Files validate, scan and remain private to authorized roles.",MANDATORY_RELEASE_1,ACCEPTANCE_NOT_CLOSED,services/api/src/modules/change-requests,M4 real Android/API acceptance at 8bfe0fb; current mutation types require full requirement reconciliation,0d93525ffa473617bd9cc43cbb36a00a0aa31814,PARTIALLY_COMPLETED,services/api/src/modules/change-requests/change-requests.service.ts,services/api/test/m4-change-requests.integration.spec.ts,Private scanned media/evidence authorization exists; finish request attachment wiring and production storage acceptance.,
CHG-FR-008,Verifier shall see before/after and graph-impact preview.,Verifier,Review UI shows affected People/links and proposed change.,MANDATORY_RELEASE_1,ACCEPTANCE_NOT_CLOSED,services/api/src/modules/change-requests,M4 real Android/API acceptance at 8bfe0fb; current mutation types require full requirement reconciliation,0d93525ffa473617bd9cc43cbb36a00a0aa31814,PARTIALLY_COMPLETED,services/api/src/modules/change-requests/change-requests.service.ts,services/api/test/m4-change-requests.integration.spec.ts,Diff/affected-person information exists; full graph-impact preview and reviewer UX acceptance remain.,
CHG-FR-009,"Verifier shall approve, reject or request correction.",Verifier,State transition validates authority and requires reason where appropriate.,MANDATORY_RELEASE_1,ACCEPTANCE_NOT_CLOSED,services/api/src/modules/change-requests,M4 real Android/API acceptance at 8bfe0fb; current mutation types require full requirement reconciliation,0d93525ffa473617bd9cc43cbb36a00a0aa31814,COMPLETED,services/api/src/modules/change-requests/change-requests.service.ts,services/api/test/m4-change-requests.integration.spec.ts,Bounded behavior is implemented in the cited module with relevant regression suite context. Release-wide device/security/production approval is still open; this is not a signed acceptance closure.,
CHG-FR-010,Approved genealogy change shall apply atomically.,System,All intended mutations commit together or none commit.,MANDATORY_RELEASE_1,ACCEPTANCE_NOT_CLOSED,services/api/src/modules/change-requests,M4 real Android/API acceptance at 8bfe0fb; current mutation types require full requirement reconciliation,0d93525ffa473617bd9cc43cbb36a00a0aa31814,COMPLETED,services/api/src/modules/change-requests/change-requests.service.ts,services/api/test/m4-change-requests.integration.spec.ts,Bounded behavior is implemented in the cited module with relevant regression suite context. Release-wide device/security/production approval is still open; this is not a signed acceptance closure.,
CHG-FR-011,Rejected/correction-requested changes shall not mutate trusted genealogy.,System,Official graph remains unchanged.,MANDATORY_RELEASE_1,ACCEPTANCE_NOT_CLOSED,services/api/src/modules/change-requests,M4 real Android/API acceptance at 8bfe0fb; current mutation types require full requirement reconciliation,0d93525ffa473617bd9cc43cbb36a00a0aa31814,COMPLETED,services/api/src/modules/change-requests/change-requests.service.ts,services/api/test/m4-change-requests.integration.spec.ts,Bounded behavior is implemented in the cited module with relevant regression suite context. Release-wide device/security/production approval is still open; this is not a signed acceptance closure.,
CHG-FR-012,"Sensitive, cross-branch or duplicate-related requests shall route to Super Admin when required.",System/Verifier,Unauthorized verifier cannot decide.,MANDATORY_RELEASE_1,ACCEPTANCE_NOT_CLOSED,services/api/src/modules/change-requests,M4 real Android/API acceptance at 8bfe0fb; current mutation types require full requirement reconciliation,0d93525ffa473617bd9cc43cbb36a00a0aa31814,COMPLETED,services/api/src/modules/change-requests/change-requests.service.ts,services/api/test/m4-change-requests.integration.spec.ts,Bounded behavior is implemented in the cited module with relevant regression suite context. Release-wide device/security/production approval is still open; this is not a signed acceptance closure.,
CHG-FR-013,Member shall see history and status of own requests.,Member,"Requests list states, dates and reviewer feedback.",MANDATORY_RELEASE_1,ACCEPTANCE_NOT_CLOSED,services/api/src/modules/change-requests,M4 real Android/API acceptance at 8bfe0fb; current mutation types require full requirement reconciliation,0d93525ffa473617bd9cc43cbb36a00a0aa31814,COMPLETED,services/api/src/modules/change-requests/change-requests.service.ts,services/api/test/m4-change-requests.integration.spec.ts,Bounded behavior is implemented in the cited module with relevant regression suite context. Release-wide device/security/production approval is still open; this is not a signed acceptance closure.,
CHG-FR-014,Approved change may notify affected followers according to policy/preferences.,System,"Notification is emitted after commit, never before.",MANDATORY_RELEASE_1,ACCEPTANCE_NOT_CLOSED,services/api/src/modules/change-requests,M4 real Android/API acceptance at 8bfe0fb; current mutation types require full requirement reconciliation,0d93525ffa473617bd9cc43cbb36a00a0aa31814,COMPLETED,services/api/src/modules/change-requests/change-requests.service.ts,services/api/test/m4-change-requests.integration.spec.ts,Bounded behavior is implemented in the cited module with relevant regression suite context. Release-wide device/security/production approval is still open; this is not a signed acceptance closure.,
CHG-FR-015,Every genealogy request and decision shall retain full audit history and evidence references.,System,Authorized admin can reconstruct the workflow.,MANDATORY_RELEASE_1,ACCEPTANCE_NOT_CLOSED,services/api/src/modules/change-requests,M4 real Android/API acceptance at 8bfe0fb; current mutation types require full requirement reconciliation,0d93525ffa473617bd9cc43cbb36a00a0aa31814,COMPLETED,services/api/src/modules/change-requests/change-requests.service.ts,services/api/test/m4-change-requests.integration.spec.ts,Bounded behavior is implemented in the cited module with relevant regression suite context. Release-wide device/security/production approval is still open; this is not a signed acceptance closure.,
DUP-FR-001,The system shall evaluate duplicate candidates before manual or imported Person creation.,System,Candidate list/score is produced before commit.,MANDATORY_RELEASE_1,ACCEPTANCE_NOT_CLOSED,services/api/src/modules/genealogy/duplicate; apps/admin/src/app/duplicates,Existing merge workbench needs requirement-by-requirement evidence,0d93525ffa473617bd9cc43cbb36a00a0aa31814,PARTIALLY_COMPLETED,services/api/src/modules/genealogy/duplicate.service.ts,services/api/test/genealogy-http.integration.spec.ts,Manual creation evaluates candidates; no validated import pipeline yet exists.,
DUP-FR-002,"Duplicate scoring shall consider names/aliases, parents, spouse, dates, branch, generation and location where available.",System,Score includes deterministic evidence/signals.,MANDATORY_RELEASE_1,ACCEPTANCE_NOT_CLOSED,services/api/src/modules/genealogy/duplicate; apps/admin/src/app/duplicates,Existing merge workbench needs requirement-by-requirement evidence,0d93525ffa473617bd9cc43cbb36a00a0aa31814,PARTIALLY_COMPLETED,services/api/src/modules/genealogy/duplicate.service.ts,services/api/test/genealogy-http.integration.spec.ts,"Deterministic score exists; verify coverage of spouse, date, generation and location signals against the frozen catalogue.",
DUP-FR-003,Potential duplicates shall enter an administrative review queue.,Admin,Candidate pair/group is reviewable side by side.,MANDATORY_RELEASE_1,ACCEPTANCE_NOT_CLOSED,services/api/src/modules/genealogy/duplicate; apps/admin/src/app/duplicates,Existing merge workbench needs requirement-by-requirement evidence,0d93525ffa473617bd9cc43cbb36a00a0aa31814,COMPLETED,services/api/src/modules/genealogy/duplicate.service.ts,services/api/test/genealogy-http.integration.spec.ts,Bounded behavior is implemented in the cited module with relevant regression suite context. Release-wide device/security/production approval is still open; this is not a signed acceptance closure.,
DUP-FR-004,Authorized admin shall mark candidates as not duplicates.,Admin,Candidate closes without Person mutation.,MANDATORY_RELEASE_1,ACCEPTANCE_NOT_CLOSED,services/api/src/modules/genealogy/duplicate; apps/admin/src/app/duplicates,Existing merge workbench needs requirement-by-requirement evidence,0d93525ffa473617bd9cc43cbb36a00a0aa31814,COMPLETED,services/api/src/modules/genealogy/duplicate.service.ts,services/api/test/genealogy-http.integration.spec.ts,Bounded behavior is implemented in the cited module with relevant regression suite context. Release-wide device/security/production approval is still open; this is not a signed acceptance closure.,
DUP-FR-005,Authorized admin shall merge confirmed duplicates into a canonical Person.,Super Admin/Delegated Admin,Merge transaction commits atomically.,MANDATORY_RELEASE_1,ACCEPTANCE_NOT_CLOSED,services/api/src/modules/genealogy/duplicate; apps/admin/src/app/duplicates,Existing merge workbench needs requirement-by-requirement evidence,0d93525ffa473617bd9cc43cbb36a00a0aa31814,COMPLETED,services/api/src/modules/genealogy/duplicate.service.ts,services/api/test/genealogy-http.integration.spec.ts,Bounded behavior is implemented in the cited module with relevant regression suite context. Release-wide device/security/production approval is still open; this is not a signed acceptance closure.,
DUP-FR-006,"Merge shall preserve direct relationships, provenance, source references and prior IDs.",System,No approved genealogy fact is silently lost.,MANDATORY_RELEASE_1,ACCEPTANCE_NOT_CLOSED,services/api/src/modules/genealogy/duplicate; apps/admin/src/app/duplicates,Existing merge workbench needs requirement-by-requirement evidence,0d93525ffa473617bd9cc43cbb36a00a0aa31814,COMPLETED,services/api/src/modules/genealogy/duplicate.service.ts,services/api/test/genealogy-http.integration.spec.ts,Bounded behavior is implemented in the cited module with relevant regression suite context. Release-wide device/security/production approval is still open; this is not a signed acceptance closure.,
DUP-FR-007,Conflicting fields shall require explicit resolution before merge commit.,Admin,Merge cannot commit while required conflicts remain unresolved.,MANDATORY_RELEASE_1,ACCEPTANCE_NOT_CLOSED,services/api/src/modules/genealogy/duplicate; apps/admin/src/app/duplicates,Existing merge workbench needs requirement-by-requirement evidence,0d93525ffa473617bd9cc43cbb36a00a0aa31814,COMPLETED,services/api/src/modules/genealogy/duplicate.service.ts,services/api/test/genealogy-http.integration.spec.ts,Bounded behavior is implemented in the cited module with relevant regression suite context. Release-wide device/security/production approval is still open; this is not a signed acceptance closure.,
DUP-FR-008,Merged source IDs shall remain administratively traceable to canonical Person.,System,Old ID resolves/redirects in authorized contexts.,MANDATORY_RELEASE_1,ACCEPTANCE_NOT_CLOSED,services/api/src/modules/genealogy/duplicate; apps/admin/src/app/duplicates,Existing merge workbench needs requirement-by-requirement evidence,0d93525ffa473617bd9cc43cbb36a00a0aa31814,COMPLETED,services/api/src/modules/genealogy/duplicate.service.ts,services/api/test/genealogy-http.integration.spec.ts,Bounded behavior is implemented in the cited module with relevant regression suite context. Release-wide device/security/production approval is still open; this is not a signed acceptance closure.,
DUP-FR-009,Merge action shall be fully audited.,System,"Canonical/merged IDs, actor, decisions and time are recorded.",MANDATORY_RELEASE_1,ACCEPTANCE_NOT_CLOSED,services/api/src/modules/genealogy/duplicate; apps/admin/src/app/duplicates,Existing merge workbench needs requirement-by-requirement evidence,0d93525ffa473617bd9cc43cbb36a00a0aa31814,COMPLETED,services/api/src/modules/genealogy/duplicate.service.ts,services/api/test/genealogy-http.integration.spec.ts,Bounded behavior is implemented in the cited module with relevant regression suite context. Release-wide device/security/production approval is still open; this is not a signed acceptance closure.,
REL-FR-001,The system shall derive indirect relationships from verified direct links only.,System,Unverified links do not participate in official results.,MANDATORY_RELEASE_1,ACCEPTANCE_NOT_CLOSED,services/api/src/modules/cultural-rules,Existing rule machinery must be reconciled with all requirements; unapproved cultural gates stay closed,0d93525ffa473617bd9cc43cbb36a00a0aa31814,COMPLETED,services/api/src/modules/cultural-rules/cultural-rules.service.ts,services/api/test/cultural-rules.service.spec.ts,Bounded behavior is implemented in the cited module with relevant regression suite context. Release-wide device/security/production approval is still open; this is not a signed acceptance closure.,
REL-FR-002,"The engine shall calculate parent, child, sibling, grandparent and grandchild relationships.",System,Signed reference cases pass.,MANDATORY_RELEASE_1,ACCEPTANCE_NOT_CLOSED,services/api/src/modules/cultural-rules,Existing rule machinery must be reconciled with all requirements; unapproved cultural gates stay closed,0d93525ffa473617bd9cc43cbb36a00a0aa31814,PARTIALLY_COMPLETED,services/api/src/modules/cultural-rules/cultural-rules.service.ts,services/api/test/cultural-rules.service.spec.ts,BFS/draft parent-child/sibling mappings exist; signed cases and independent basic relationship results remain.,
REL-FR-003,The engine shall calculate cousin degree/removal from common-ancestor paths where applicable.,System,Results match genealogical-distance rules.,MANDATORY_RELEASE_1,ACCEPTANCE_NOT_CLOSED,services/api/src/modules/cultural-rules,Existing rule machinery must be reconciled with all requirements; unapproved cultural gates stay closed,0d93525ffa473617bd9cc43cbb36a00a0aa31814,PARTIALLY_COMPLETED,services/api/src/modules/cultural-rules/cultural-rules.service.ts,services/api/test/cultural-rules.service.spec.ts,Shortest-path mappings are not a full cousin degree/removal calculator.,
REL-FR-004,The engine shall calculate spouse/affinal relationship paths.,System,Approved affinal paths resolve without being mislabeled as blood relationships.,MANDATORY_RELEASE_1,ACCEPTANCE_NOT_CLOSED,services/api/src/modules/cultural-rules,Existing rule machinery must be reconciled with all requirements; unapproved cultural gates stay closed,0d93525ffa473617bd9cc43cbb36a00a0aa31814,PARTIALLY_COMPLETED,services/api/src/modules/cultural-rules/cultural-rules.service.ts,services/api/test/cultural-rules.service.spec.ts,Verified spouse BFS exists; complete affinal classification and signed reference cases.,
REL-FR-005,Relationship shall be displayed relative to the logged-in or selected Person.,Member,Profile/tree shows “Your …” only when resolvable.,MANDATORY_RELEASE_1,ACCEPTANCE_NOT_CLOSED,services/api/src/modules/cultural-rules,Existing rule machinery must be reconciled with all requirements; unapproved cultural gates stay closed,0d93525ffa473617bd9cc43cbb36a00a0aa31814,PARTIALLY_COMPLETED,services/api/src/modules/cultural-rules/cultural-rules.service.ts,services/api/test/cultural-rules.service.spec.ts,Selected-person lookup exists; complete relationship-relative member tree/profile UX.,
REL-FR-006,The engine shall support approved Nepali Nata/Saino terminology.,System/Religious Representative,Versioned rule maps verified path to approved term.,MANDATORY_RELEASE_1,ACCEPTANCE_NOT_CLOSED,services/api/src/modules/cultural-rules,Existing rule machinery must be reconciled with all requirements; unapproved cultural gates stay closed,0d93525ffa473617bd9cc43cbb36a00a0aa31814,EXTERNAL_GATE,services/api/src/modules/cultural-rules/cultural-rules.service.ts,services/api/test/cultural-rules.service.spec.ts,HG-002 authority-approved Nata/Saino catalogue and signed cases remain required; drafts cannot be authoritative.,
REL-FR-007,The engine shall provide English relationship terminology.,System,English label is available for supported paths.,MANDATORY_RELEASE_1,ACCEPTANCE_NOT_CLOSED,services/api/src/modules/cultural-rules,Existing rule machinery must be reconciled with all requirements; unapproved cultural gates stay closed,0d93525ffa473617bd9cc43cbb36a00a0aa31814,PARTIALLY_COMPLETED,services/api/src/modules/cultural-rules/cultural-rules.service.ts,services/api/test/cultural-rules.service.spec.ts,Draft English mappings exist; unsupported/cousin results and approved-path coverage remain.,
REL-FR-008,The system shall expose a relationship-path explanation where permitted.,Member/Admin,User can see connecting chain without private-field leakage.,MANDATORY_RELEASE_1,ACCEPTANCE_NOT_CLOSED,services/api/src/modules/cultural-rules,Existing rule machinery must be reconciled with all requirements; unapproved cultural gates stay closed,0d93525ffa473617bd9cc43cbb36a00a0aa31814,PARTIALLY_COMPLETED,services/api/src/modules/cultural-rules/cultural-rules.service.ts,services/api/test/cultural-rules.service.spec.ts,Path codes/steps exist; permission-safe connecting Person-chain explanation remains.,
REL-FR-009,Multiple valid paths shall produce a deterministic canonical display while retaining alternatives for administrative review.,System,Same graph produces stable result.,MANDATORY_RELEASE_1,ACCEPTANCE_NOT_CLOSED,services/api/src/modules/cultural-rules,Existing rule machinery must be reconciled with all requirements; unapproved cultural gates stay closed,0d93525ffa473617bd9cc43cbb36a00a0aa31814,PARTIALLY_COMPLETED,services/api/src/modules/cultural-rules/cultural-rules.service.ts,services/api/test/cultural-rules.service.spec.ts,BFS has no deterministic database edge ordering; sibling fallbacks are not enumeration of valid graph alternatives.,
REL-FR-010,Interactive relationship search shall enforce maximum traversal depth and resource limits.,System,Query cannot cause unbounded traversal.,MANDATORY_RELEASE_1,ACCEPTANCE_NOT_CLOSED,services/api/src/modules/cultural-rules,Existing rule machinery must be reconciled with all requirements; unapproved cultural gates stay closed,0d93525ffa473617bd9cc43cbb36a00a0aa31814,COMPLETED,services/api/src/modules/cultural-rules/cultural-rules.service.ts,services/api/test/cultural-rules.service.spec.ts,Bounded behavior is implemented in the cited module with relevant regression suite context. Release-wide device/security/production approval is still open; this is not a signed acceptance closure.,
REL-FR-011,Relationship caches/results shall invalidate when relevant verified links change.,System,No stale result remains after genealogy mutation.,MANDATORY_RELEASE_1,ACCEPTANCE_NOT_CLOSED,services/api/src/modules/cultural-rules,Existing rule machinery must be reconciled with all requirements; unapproved cultural gates stay closed,0d93525ffa473617bd9cc43cbb36a00a0aa31814,PARTIALLY_COMPLETED,services/api/src/modules/cultural-rules/cultural-rules.service.ts,services/api/test/cultural-rules.service.spec.ts,No persistent relationship-result cache found; prove mutation freshness and eventual cache invalidation before acceptance.,
REL-FR-012,Unsupported path shall not receive invented cultural terminology.,System,Neutral path/unmapped state is displayed.,MANDATORY_RELEASE_1,ACCEPTANCE_NOT_CLOSED,services/api/src/modules/cultural-rules,Existing rule machinery must be reconciled with all requirements; unapproved cultural gates stay closed,0d93525ffa473617bd9cc43cbb36a00a0aa31814,COMPLETED,services/api/src/modules/cultural-rules/cultural-rules.service.ts,services/api/test/cultural-rules.service.spec.ts,Bounded behavior is implemented in the cited module with relevant regression suite context. Release-wide device/security/production approval is still open; this is not a signed acceptance closure.,
REL-FR-013,Relationship-rule versions shall require approval and effective-date metadata.,Religious Representative/Admin,Only approved effective version produces authoritative Nata/Saino.,MANDATORY_RELEASE_1,ACCEPTANCE_NOT_CLOSED,services/api/src/modules/cultural-rules,Existing rule machinery must be reconciled with all requirements; unapproved cultural gates stay closed,0d93525ffa473617bd9cc43cbb36a00a0aa31814,PARTIALLY_COMPLETED,services/api/src/modules/cultural-rules/cultural-rules.service.ts,services/api/test/cultural-rules.service.spec.ts,Database activation gate exists; proposal/review/approval currently use in-memory proposedRules and do not durably activate versions.,
CUL-FR-001,"The application shall provide authoritative sections for Kashyap Rishi, Bindabasini Devi, Adhikari history, Goth Puja, Dewali/Devali, Shraddha and other approved traditions.",Member,Published sections are navigable in both supported languages where translations exist.,MANDATORY_RELEASE_1,ACCEPTANCE_NOT_CLOSED,services/api/src/database/repositories/cultural-article.repository.ts,Governed cultural content CMS and publication/translation workflows need completion; authoritative content remains approval-gated,0d93525ffa473617bd9cc43cbb36a00a0aa31814,EXTERNAL_GATE,services/api/src/modules/cultural-rules/cultural-rules.service.ts,services/api/test/m4-cultural-observances.integration.spec.ts,External authority/provider/production acceptance is required. Published-read API/model exists; durable cultural revision CMS and authority publication workflow are missing.,
CUL-FR-002,Cultural content shall be managed from the administration portal and shall not require a mobile-app release for normal content updates.,Content Manager,Published revision becomes available through content APIs.,MANDATORY_RELEASE_1,ACCEPTANCE_NOT_CLOSED,services/api/src/database/repositories/cultural-article.repository.ts,Governed cultural content CMS and publication/translation workflows need completion; authoritative content remains approval-gated,0d93525ffa473617bd9cc43cbb36a00a0aa31814,PARTIALLY_COMPLETED,services/api/src/modules/cultural-rules/cultural-rules.service.ts;database/migrations/041_cultural_revision_cms.sql;services/api/src/modules/cultural-rules/cultural-content.service.ts;services/api/src/modules/cultural-rules/cultural-content.controller.ts;apps/admin/src/app/cultural/page.tsx;apps/mobile/lib/screens/cultural_content_screen.dart;docs/execution/CULTURAL_REVISION_CMS_REPORT.md,services/api/test/m4-cultural-observances.integration.spec.ts;services/api/test/cultural-content.integration.spec.ts;e2e/cultural-content.spec.ts;apps/mobile/test/cultural_content_screen_test.dart,"Durable versioned document CMS, independent review and explicit designated approval, historical supersession, published-only title/body/keyword search and web/native read surfaces implemented. Signed authority content, broader workflow/device/accessibility acceptance and production evidence remain; cultural rule proposal activation is separate. See CULTURAL_REVISION_CMS_REPORT.md; exact-head CI pending.",
CUL-FR-003,"Content shall support draft, review, approved, published, archived and superseded lifecycle states.",Content Manager/Religious Representative,Invalid state transitions are rejected.,MANDATORY_RELEASE_1,ACCEPTANCE_NOT_CLOSED,services/api/src/database/repositories/cultural-article.repository.ts,Governed cultural content CMS and publication/translation workflows need completion; authoritative content remains approval-gated,0d93525ffa473617bd9cc43cbb36a00a0aa31814,PARTIALLY_COMPLETED,services/api/src/modules/cultural-rules/cultural-rules.service.ts;database/migrations/041_cultural_revision_cms.sql;services/api/src/modules/cultural-rules/cultural-content.service.ts;services/api/src/modules/cultural-rules/cultural-content.controller.ts;apps/admin/src/app/cultural/page.tsx;apps/mobile/lib/screens/cultural_content_screen.dart;docs/execution/CULTURAL_REVISION_CMS_REPORT.md,services/api/test/m4-cultural-observances.integration.spec.ts;services/api/test/cultural-content.integration.spec.ts;e2e/cultural-content.spec.ts;apps/mobile/test/cultural_content_screen_test.dart,"Durable versioned document CMS, independent review and explicit designated approval, historical supersession, published-only title/body/keyword search and web/native read surfaces implemented. Signed authority content, broader workflow/device/accessibility acceptance and production evidence remain; cultural rule proposal activation is separate. See CULTURAL_REVISION_CMS_REPORT.md; exact-head CI pending.",
CUL-FR-004,Authoritative religious/cultural content shall require approval by an assigned Community/Religious Representative before publication.,Religious Representative,Unapproved authoritative revision cannot be published.,MANDATORY_RELEASE_1,ACCEPTANCE_NOT_CLOSED,services/api/src/database/repositories/cultural-article.repository.ts,Governed cultural content CMS and publication/translation workflows need completion; authoritative content remains approval-gated,0d93525ffa473617bd9cc43cbb36a00a0aa31814,PARTIALLY_COMPLETED,services/api/src/modules/cultural-rules/cultural-rules.service.ts;database/migrations/041_cultural_revision_cms.sql;services/api/src/modules/cultural-rules/cultural-content.service.ts;services/api/src/modules/cultural-rules/cultural-content.controller.ts;apps/admin/src/app/cultural/page.tsx;apps/mobile/lib/screens/cultural_content_screen.dart;docs/execution/CULTURAL_REVISION_CMS_REPORT.md,services/api/test/m4-cultural-observances.integration.spec.ts;services/api/test/cultural-content.integration.spec.ts;e2e/cultural-content.spec.ts;apps/mobile/test/cultural_content_screen_test.dart,"Durable versioned document CMS, independent review and explicit designated approval, historical supersession, published-only title/body/keyword search and web/native read surfaces implemented. Signed authority content, broader workflow/device/accessibility acceptance and production evidence remain; cultural rule proposal activation is separate. See CULTURAL_REVISION_CMS_REPORT.md; exact-head CI pending.",
CUL-FR-005,"Content shall support structured headings, rich text, images, references, attachments and related-content links.",Content Manager,Valid content renders consistently on mobile and admin preview.,MANDATORY_RELEASE_1,ACCEPTANCE_NOT_CLOSED,services/api/src/database/repositories/cultural-article.repository.ts,Governed cultural content CMS and publication/translation workflows need completion; authoritative content remains approval-gated,0d93525ffa473617bd9cc43cbb36a00a0aa31814,PARTIALLY_COMPLETED,services/api/src/modules/cultural-rules/cultural-rules.service.ts,services/api/test/m4-cultural-observances.integration.spec.ts,"Article fields support bilingual text/cover image; structured rich content, references, attachments and preview are incomplete.",
CUL-FR-006,"Every published revision shall retain version, author, reviewer, approval, publish date and provenance.",System,Admin can reconstruct publication history.,MANDATORY_RELEASE_1,ACCEPTANCE_NOT_CLOSED,services/api/src/database/repositories/cultural-article.repository.ts,Governed cultural content CMS and publication/translation workflows need completion; authoritative content remains approval-gated,0d93525ffa473617bd9cc43cbb36a00a0aa31814,PARTIALLY_COMPLETED,services/api/src/modules/cultural-rules/cultural-rules.service.ts;database/migrations/041_cultural_revision_cms.sql;services/api/src/modules/cultural-rules/cultural-content.service.ts;services/api/src/modules/cultural-rules/cultural-content.controller.ts;apps/admin/src/app/cultural/page.tsx;apps/mobile/lib/screens/cultural_content_screen.dart;docs/execution/CULTURAL_REVISION_CMS_REPORT.md,services/api/test/m4-cultural-observances.integration.spec.ts;services/api/test/cultural-content.integration.spec.ts;e2e/cultural-content.spec.ts;apps/mobile/test/cultural_content_screen_test.dart,"Durable versioned document CMS, independent review and explicit designated approval, historical supersession, published-only title/body/keyword search and web/native read surfaces implemented. Signed authority content, broader workflow/device/accessibility acceptance and production evidence remain; cultural rule proposal activation is separate. See CULTURAL_REVISION_CMS_REPORT.md; exact-head CI pending.",
CUL-FR-007,Published content shall support Nepali and English variants linked to the same content concept.,Content Manager,Language switch preserves article context when translation exists.,MANDATORY_RELEASE_1,ACCEPTANCE_NOT_CLOSED,services/api/src/database/repositories/cultural-article.repository.ts,Governed cultural content CMS and publication/translation workflows need completion; authoritative content remains approval-gated,0d93525ffa473617bd9cc43cbb36a00a0aa31814,PARTIALLY_COMPLETED,services/api/src/modules/cultural-rules/cultural-rules.service.ts,services/api/test/m4-cultural-observances.integration.spec.ts,Bilingual columns exist; concept-linked published revisions and language-context member UI are incomplete.,
CUL-FR-008,Superseding a cultural rule/article shall not silently overwrite historical revisions.,System,Prior revision remains auditable.,MANDATORY_RELEASE_1,ACCEPTANCE_NOT_CLOSED,services/api/src/database/repositories/cultural-article.repository.ts,Governed cultural content CMS and publication/translation workflows need completion; authoritative content remains approval-gated,0d93525ffa473617bd9cc43cbb36a00a0aa31814,PARTIALLY_COMPLETED,services/api/src/modules/cultural-rules/cultural-rules.service.ts;database/migrations/041_cultural_revision_cms.sql;services/api/src/modules/cultural-rules/cultural-content.service.ts;services/api/src/modules/cultural-rules/cultural-content.controller.ts;apps/admin/src/app/cultural/page.tsx;apps/mobile/lib/screens/cultural_content_screen.dart;docs/execution/CULTURAL_REVISION_CMS_REPORT.md,services/api/test/m4-cultural-observances.integration.spec.ts;services/api/test/cultural-content.integration.spec.ts;e2e/cultural-content.spec.ts;apps/mobile/test/cultural_content_screen_test.dart,"Durable versioned document CMS, independent review and explicit designated approval, historical supersession, published-only title/body/keyword search and web/native read surfaces implemented. Signed authority content, broader workflow/device/accessibility acceptance and production evidence remain; cultural rule proposal activation is separate. See CULTURAL_REVISION_CMS_REPORT.md; exact-head CI pending.",
CUL-FR-009,"Content search shall index title, approved keywords and body text subject to publication state.",Member,Published relevant content is searchable.,MANDATORY_RELEASE_1,ACCEPTANCE_NOT_CLOSED,services/api/src/database/repositories/cultural-article.repository.ts,Governed cultural content CMS and publication/translation workflows need completion; authoritative content remains approval-gated,0d93525ffa473617bd9cc43cbb36a00a0aa31814,PARTIALLY_COMPLETED,services/api/src/modules/cultural-rules/cultural-rules.service.ts;database/migrations/041_cultural_revision_cms.sql;services/api/src/modules/cultural-rules/cultural-content.service.ts;services/api/src/modules/cultural-rules/cultural-content.controller.ts;apps/admin/src/app/cultural/page.tsx;apps/mobile/lib/screens/cultural_content_screen.dart;docs/execution/CULTURAL_REVISION_CMS_REPORT.md,services/api/test/m4-cultural-observances.integration.spec.ts;services/api/test/cultural-content.integration.spec.ts;e2e/cultural-content.spec.ts;apps/mobile/test/cultural_content_screen_test.dart,"Durable versioned document CMS, independent review and explicit designated approval, historical supersession, published-only title/body/keyword search and web/native read surfaces implemented. Signed authority content, broader workflow/device/accessibility acceptance and production evidence remain; cultural rule proposal activation is separate. See CULTURAL_REVISION_CMS_REPORT.md; exact-head CI pending.",
CUL-FR-010,Removed or unpublished content shall stop appearing in member surfaces while remaining available to authorized audit users.,System,Member API returns no unpublished revision.,MANDATORY_RELEASE_1,ACCEPTANCE_NOT_CLOSED,services/api/src/database/repositories/cultural-article.repository.ts,Governed cultural content CMS and publication/translation workflows need completion; authoritative content remains approval-gated,0d93525ffa473617bd9cc43cbb36a00a0aa31814,COMPLETED,services/api/src/modules/cultural-rules/cultural-rules.service.ts,services/api/test/m4-cultural-observances.integration.spec.ts,Bounded behavior is implemented in the cited module with relevant regression suite context. Release-wide device/security/production approval is still open; this is not a signed acceptance closure.,
CAL-FR-001,"The system shall support Gregorian (AD), Bikram Sambat (BS) and Tithi-based date representations required by the business.",System,Approved reference dates render correctly.,MANDATORY_RELEASE_1,ACCEPTANCE_NOT_CLOSED,services/api/src/modules/calendar,"M4 event/RSVP checks exist; recurrence, date-source and full scope/audience acceptance remain",0d93525ffa473617bd9cc43cbb36a00a0aa31814,PARTIALLY_COMPLETED,services/api/src/modules/calendar/calendar.service.ts,services/api/test/m4-profile-calendar.integration.spec.ts,BS source values and unavailable Tithi are present; complete approved AD/BS/Tithi conversion representations.,
CAL-FR-002,"Date storage shall preserve source calendar, source value, conversion metadata and confidence/provenance where applicable.",System,Original source date is never lost through conversion.,MANDATORY_RELEASE_1,ACCEPTANCE_NOT_CLOSED,services/api/src/modules/calendar,"M4 event/RSVP checks exist; recurrence, date-source and full scope/audience acceptance remain",0d93525ffa473617bd9cc43cbb36a00a0aa31814,PARTIALLY_COMPLETED,services/api/src/modules/calendar/calendar.service.ts,services/api/test/m4-profile-calendar.integration.spec.ts,Creation retains BS/Tithi provenance; updates do not refresh complete conversion metadata/source history.,
CAL-FR-003,"Members shall view a family/community calendar with birthday, death/Shraddha, 84 Puja, marriage, Bratabandha, Dewali/Goth Puja, family gathering and community-event categories.",Member,Each supported event type appears with permission-respecting details.,MANDATORY_RELEASE_1,ACCEPTANCE_NOT_CLOSED,services/api/src/modules/calendar,"M4 event/RSVP checks exist; recurrence, date-source and full scope/audience acceptance remain",0d93525ffa473617bd9cc43cbb36a00a0aa31814,PARTIALLY_COMPLETED,services/api/src/modules/calendar/calendar.service.ts,services/api/test/m4-profile-calendar.integration.spec.ts,Basic event categories exist; derived family occurrences and full approved category/device evidence remain.,
CAL-FR-004,Authorized users shall create and manage family/community events.,Authorized Member/Admin,"Event validates title, date model, visibility and organizer authority.",MANDATORY_RELEASE_1,ACCEPTANCE_NOT_CLOSED,services/api/src/modules/calendar,"M4 event/RSVP checks exist; recurrence, date-source and full scope/audience acceptance remain",0d93525ffa473617bd9cc43cbb36a00a0aa31814,PARTIALLY_COMPLETED,services/api/src/modules/calendar/calendar.service.ts,services/api/test/m4-profile-calendar.integration.spec.ts,Create/update authorization exists; event management/cancellation lifecycle is incomplete.,
CAL-FR-005,The system shall derive approved recurring family reminders from verified Person/event data.,System,Reference recurrence cases produce expected occurrence dates.,MANDATORY_RELEASE_1,ACCEPTANCE_NOT_CLOSED,services/api/src/modules/calendar,"M4 event/RSVP checks exist; recurrence, date-source and full scope/audience acceptance remain",0d93525ffa473617bd9cc43cbb36a00a0aa31814,MISSING,services/api/src/modules/calendar/calendar.service.ts,services/api/test/m4-profile-calendar.integration.spec.ts,"No complete production workflow or requirement-specific acceptance evidence found. BS/Tithi metadata and basic events exist; AD conversions, recurrence, range views and update/cancel notification lifecycle remain.",
CAL-FR-006,"Tithi calculation/integration shall use an approved, versioned calendar rule/source.",System/Religious Representative,Only approved rule/source can produce authoritative Tithi.,MANDATORY_RELEASE_1,ACCEPTANCE_NOT_CLOSED,services/api/src/modules/calendar,"M4 event/RSVP checks exist; recurrence, date-source and full scope/audience acceptance remain",0d93525ffa473617bd9cc43cbb36a00a0aa31814,EXTERNAL_GATE,services/api/src/modules/calendar/calendar.service.ts,services/api/test/m4-profile-calendar.integration.spec.ts,"External authority/provider/production acceptance is required. BS/Tithi metadata and basic events exist; AD conversions, recurrence, range views and update/cancel notification lifecycle remain.",
CAL-FR-007,Tithi results shall store the rule/source version used for reproducibility.,System,Historic calculation can be traced to its rule version.,MANDATORY_RELEASE_1,ACCEPTANCE_NOT_CLOSED,services/api/src/modules/calendar,"M4 event/RSVP checks exist; recurrence, date-source and full scope/audience acceptance remain",0d93525ffa473617bd9cc43cbb36a00a0aa31814,EXTERNAL_GATE,services/api/src/modules/calendar/calendar.service.ts,services/api/test/m4-profile-calendar.integration.spec.ts,"External authority/provider/production acceptance is required. BS/Tithi metadata and basic events exist; AD conversions, recurrence, range views and update/cancel notification lifecycle remain.",
CAL-FR-008,"When an authoritative Tithi cannot be calculated, the system shall display a clear unavailable/pending state rather than inventing a date.",System,No fabricated Tithi is shown.,MANDATORY_RELEASE_1,ACCEPTANCE_NOT_CLOSED,services/api/src/modules/calendar,"M4 event/RSVP checks exist; recurrence, date-source and full scope/audience acceptance remain",0d93525ffa473617bd9cc43cbb36a00a0aa31814,COMPLETED,services/api/src/modules/calendar/calendar.service.ts,services/api/test/m4-profile-calendar.integration.spec.ts,Bounded behavior is implemented in the cited module with relevant regression suite context. Release-wide device/security/production approval is still open; this is not a signed acceptance closure.,
CAL-FR-009,Members shall switch calendar display between supported representations without changing the underlying event.,Member,Switching representation preserves event identity.,MANDATORY_RELEASE_1,ACCEPTANCE_NOT_CLOSED,services/api/src/modules/calendar,"M4 event/RSVP checks exist; recurrence, date-source and full scope/audience acceptance remain",0d93525ffa473617bd9cc43cbb36a00a0aa31814,PARTIALLY_COMPLETED,services/api/src/modules/calendar/calendar.service.ts,services/api/test/m4-profile-calendar.integration.spec.ts,BS/Tithi UI exists; actual supported-representation switching without identity mutation remains.,
CAL-FR-010,"Calendar shall support day, month and agenda views appropriate to mobile.",Member,Navigation returns correct events for selected range.,MANDATORY_RELEASE_1,ACCEPTANCE_NOT_CLOSED,services/api/src/modules/calendar,"M4 event/RSVP checks exist; recurrence, date-source and full scope/audience acceptance remain",0d93525ffa473617bd9cc43cbb36a00a0aa31814,PARTIALLY_COMPLETED,services/api/src/modules/calendar/calendar.service.ts,services/api/test/m4-profile-calendar.integration.spec.ts,Basic listing exists; monthBs filter is ignored in service and complete day/month/agenda range views remain.,
CAL-FR-011,"Event visibility shall honor family, branch, invitee, community and administrative access rules.",System,Unauthorized events are not disclosed.,MANDATORY_RELEASE_1,ACCEPTANCE_NOT_CLOSED,services/api/src/modules/calendar,"M4 event/RSVP checks exist; recurrence, date-source and full scope/audience acceptance remain",0d93525ffa473617bd9cc43cbb36a00a0aa31814,PARTIALLY_COMPLETED,services/api/src/modules/calendar/calendar.service.ts,services/api/test/m4-profile-calendar.integration.spec.ts,Audience checks exist; FAMILY currently covers only immediate parent/child/spouse links plus invitees; full family policy remains.,
CAL-FR-012,Event changes/cancellations shall notify affected invitees/followers according to preference and policy.,System,Relevant notification is generated after committed change.,MANDATORY_RELEASE_1,ACCEPTANCE_NOT_CLOSED,services/api/src/modules/calendar,"M4 event/RSVP checks exist; recurrence, date-source and full scope/audience acceptance remain",0d93525ffa473617bd9cc43cbb36a00a0aa31814,PARTIALLY_COMPLETED,services/api/src/modules/calendar/calendar.service.ts,services/api/test/calendar-delivery.integration.spec.ts,Versioned event update/cancellation fanout and recipient eligibility implemented; complete follower audiences and production delivery acceptance remain.,
CAL-FR-013,Calendar conversions and recurrence logic shall be covered by signed reference-case tests.,QA/Religious Representative,All approved reference cases pass before release.,MANDATORY_RELEASE_1,ACCEPTANCE_NOT_CLOSED,services/api/src/modules/calendar,"M4 event/RSVP checks exist; recurrence, date-source and full scope/audience acceptance remain",0d93525ffa473617bd9cc43cbb36a00a0aa31814,EXTERNAL_GATE,services/api/src/modules/calendar/calendar.service.ts,services/api/test/m4-profile-calendar.integration.spec.ts,"External authority/provider/production acceptance is required. BS/Tithi metadata and basic events exist; AD conversions, recurrence, range views and update/cancel notification lifecycle remain.",
JUT-FR-001,The Release 1.0 product shall implement Jutho determination from a verified deceased Person to a viewing/selected Person using approved relationship rules.,System,Signed reference cases return the approved result.,MANDATORY_RELEASE_1,ACCEPTANCE_NOT_CLOSED,services/api/src/modules/cultural-rules,Existing closed-gate behavior; approved schedules and full calculation acceptance required,0d93525ffa473617bd9cc43cbb36a00a0aa31814,EXTERNAL_GATE,services/api/src/modules/cultural-rules/cultural-rules.service.ts,services/api/test/m4-cultural-observances.integration.spec.ts,"External authority/provider/production acceptance is required. Gated calculator exists; signed HG-003 rule catalogue, exceptions, UI and reference cases remain. Do not activate draft cultural guidance.",
JUT-FR-002,Jutho rules shall be stored as versioned configuration/rule data rather than embedded as unreviewable application logic.,System/Admin,Active result records reference rule-set version.,MANDATORY_RELEASE_1,ACCEPTANCE_NOT_CLOSED,services/api/src/modules/cultural-rules,Existing closed-gate behavior; approved schedules and full calculation acceptance required,0d93525ffa473617bd9cc43cbb36a00a0aa31814,COMPLETED,services/api/src/modules/cultural-rules/cultural-rules.service.ts,services/api/test/m4-cultural-observances.integration.spec.ts,Bounded behavior is implemented in the cited module with relevant regression suite context. Release-wide device/security/production approval is still open; this is not a signed acceptance closure.,
JUT-FR-003,Only an approved and effective Jutho rule set may be used for authoritative member guidance.,Religious Representative/Super Admin,Draft rule sets cannot drive production results.,MANDATORY_RELEASE_1,ACCEPTANCE_NOT_CLOSED,services/api/src/modules/cultural-rules,Existing closed-gate behavior; approved schedules and full calculation acceptance required,0d93525ffa473617bd9cc43cbb36a00a0aa31814,COMPLETED,services/api/src/modules/cultural-rules/cultural-rules.service.ts,services/api/test/m4-cultural-observances.integration.spec.ts,Bounded behavior is implemented in the cited module with relevant regression suite context. Release-wide device/security/production approval is still open; this is not a signed acceptance closure.,
JUT-FR-004,"The system shall support the documented indication classes: 13 days, 5 days, 3 days, 1 day and not applicable, with final relationship mapping signed by designated representatives.",System,Every approved mapped relationship returns exactly one applicable class.,MANDATORY_RELEASE_1,ACCEPTANCE_NOT_CLOSED,services/api/src/modules/cultural-rules,Existing closed-gate behavior; approved schedules and full calculation acceptance required,0d93525ffa473617bd9cc43cbb36a00a0aa31814,EXTERNAL_GATE,services/api/src/modules/cultural-rules/cultural-rules.service.ts,services/api/test/m4-cultural-observances.integration.spec.ts,"External authority/provider/production acceptance is required. Gated calculator exists; signed HG-003 rule catalogue, exceptions, UI and reference cases remain. Do not activate draft cultural guidance.",
JUT-FR-005,"The member interface shall present Jutho duration, approved indication/color, relationship basis and a cultural-guidance disclaimer/context supplied by authorized content managers.",Member,Result page explains basis without exposing unauthorized genealogy.,MANDATORY_RELEASE_1,ACCEPTANCE_NOT_CLOSED,services/api/src/modules/cultural-rules,Existing closed-gate behavior; approved schedules and full calculation acceptance required,0d93525ffa473617bd9cc43cbb36a00a0aa31814,PARTIALLY_COMPLETED,services/api/src/modules/cultural-rules/cultural-rules.service.ts,services/api/test/m4-cultural-observances.integration.spec.ts,"Calculator returns classes/observances; approved context, colors and complete member result page remain.",
JUT-FR-006,Exceptions shall be expressible in the approved rule catalogue with priority and applicability criteria.,Religious Representative/Admin,Exception reference tests override general rule deterministically.,MANDATORY_RELEASE_1,ACCEPTANCE_NOT_CLOSED,services/api/src/modules/cultural-rules,Existing closed-gate behavior; approved schedules and full calculation acceptance required,0d93525ffa473617bd9cc43cbb36a00a0aa31814,PARTIALLY_COMPLETED,services/api/src/modules/cultural-rules/cultural-rules.service.ts,services/api/test/m4-cultural-observances.integration.spec.ts,Configurable thresholds/classes exist; prioritized exception catalogue/override tests are incomplete.,
JUT-FR-007,"If genealogy is incomplete, disputed or unverified, the system shall state that Jutho cannot yet be determined authoritatively.",System,No authoritative result is generated from unverified path.,MANDATORY_RELEASE_1,ACCEPTANCE_NOT_CLOSED,services/api/src/modules/cultural-rules,Existing closed-gate behavior; approved schedules and full calculation acceptance required,0d93525ffa473617bd9cc43cbb36a00a0aa31814,COMPLETED,services/api/src/modules/cultural-rules/cultural-rules.service.ts,services/api/test/m4-cultural-observances.integration.spec.ts,Bounded behavior is implemented in the cited module with relevant regression suite context. Release-wide device/security/production approval is still open; this is not a signed acceptance closure.,
JUT-FR-008,Changes to genealogy or active Jutho rules shall invalidate affected cached determinations.,System,Recalculation uses current approved facts/rules.,MANDATORY_RELEASE_1,ACCEPTANCE_NOT_CLOSED,services/api/src/modules/cultural-rules,Existing closed-gate behavior; approved schedules and full calculation acceptance required,0d93525ffa473617bd9cc43cbb36a00a0aa31814,PARTIALLY_COMPLETED,services/api/src/modules/cultural-rules/cultural-rules.service.ts,services/api/test/m4-cultural-observances.integration.spec.ts,Fresh lookups exist; genealogy/rule mutation freshness and any cache invalidation require acceptance.,
JUT-FR-009,Jutho rule changes and calculations used for material notifications shall be auditable.,System,Admin can identify rule version and relationship path used.,MANDATORY_RELEASE_1,ACCEPTANCE_NOT_CLOSED,services/api/src/modules/cultural-rules,Existing closed-gate behavior; approved schedules and full calculation acceptance required,0d93525ffa473617bd9cc43cbb36a00a0aa31814,PARTIALLY_COMPLETED,services/api/src/modules/cultural-rules/cultural-rules.service.ts,services/api/test/m4-cultural-observances.integration.spec.ts,Stored ruleset signatures exist; material calculation audit with used version and relationship path remains.,
NOT-FR-001,"Members shall follow selected People, immediate-family scopes, branches, generations and supported relationship groups.",Member,Follow target is saved only if member has permission to reference it.,MANDATORY_RELEASE_1,ACCEPTANCE_NOT_CLOSED,services/api/src/modules/notifications,"Durable dispatcher exists; inbox, follows, scheduled events, broadcast UI and live provider acceptance outstanding",0d93525ffa473617bd9cc43cbb36a00a0aa31814,COMPLETED,services/api/src/modules/notifications/notification-dispatcher.service.ts,services/api/test/notification-inbox.integration.spec.ts,Bounded behavior is implemented in the cited module with relevant regression suite context. Release-wide device/security/production approval is still open; this is not a signed acceptance closure.,
NOT-FR-002,Members shall unfollow any self-selected follow target.,Member,Future non-mandatory notifications for that target stop.,MANDATORY_RELEASE_1,ACCEPTANCE_NOT_CLOSED,services/api/src/modules/notifications,"Durable dispatcher exists; inbox, follows, scheduled events, broadcast UI and live provider acceptance outstanding",0d93525ffa473617bd9cc43cbb36a00a0aa31814,COMPLETED,services/api/src/modules/notifications/notification-dispatcher.service.ts,services/api/test/notification-inbox.integration.spec.ts,Bounded behavior is implemented in the cited module with relevant regression suite context. Release-wide device/security/production approval is still open; this is not a signed acceptance closure.,
NOT-FR-003,"The system shall generate relevant reminders/updates for birthdays, 84 Puja, death/Shraddha, marriage, Bratabandha, puja, gatherings, approved genealogy changes and community announcements.",System,Eligible events create notification records.,MANDATORY_RELEASE_1,ACCEPTANCE_NOT_CLOSED,services/api/src/modules/notifications,"Durable dispatcher exists; inbox, follows, scheduled events, broadcast UI and live provider acceptance outstanding",0d93525ffa473617bd9cc43cbb36a00a0aa31814,PARTIALLY_COMPLETED,services/api/src/modules/notifications/notification-dispatcher.service.ts,services/api/test/notification-inbox.integration.spec.ts,Genealogy/chat/broadcast updates exist; scheduled birthday/puja/Shraddha/marriage/gathering reminders are missing.,
NOT-FR-004,Members shall configure notification categories independently.,Member,Disabled category is suppressed except legally/security-mandatory notices.,MANDATORY_RELEASE_1,ACCEPTANCE_NOT_CLOSED,services/api/src/modules/notifications,"Durable dispatcher exists; inbox, follows, scheduled events, broadcast UI and live provider acceptance outstanding",0d93525ffa473617bd9cc43cbb36a00a0aa31814,PARTIALLY_COMPLETED,services/api/src/modules/notifications/notification-dispatcher.service.ts,services/api/test/notification-inbox.integration.spec.ts,Inbox category switches exist; at reviewed base external delivery ignores them. This change adds shared category suppression/retry checks; full category/provider acceptance remains.,
NOT-FR-005,Members shall configure push and in-app delivery preferences where supported.,Member,Preference is honored by dispatch service.,MANDATORY_RELEASE_1,ACCEPTANCE_NOT_CLOSED,services/api/src/modules/notifications,"Durable dispatcher exists; inbox, follows, scheduled events, broadcast UI and live provider acceptance outstanding",0d93525ffa473617bd9cc43cbb36a00a0aa31814,PARTIALLY_COMPLETED,services/api/src/modules/notifications/notification-dispatcher.service.ts,services/api/test/notification-inbox.integration.spec.ts,In-app/channel preferences exist; native push registration/provider acceptance remains. This change rechecks channels before retries.,
NOT-FR-006,Notification payloads displayed on a locked device shall minimize sensitive family information.,System,Push preview follows configured privacy-safe template.,MANDATORY_RELEASE_1,ACCEPTANCE_NOT_CLOSED,services/api/src/modules/notifications,"Durable dispatcher exists; inbox, follows, scheduled events, broadcast UI and live provider acceptance outstanding",0d93525ffa473617bd9cc43cbb36a00a0aa31814,COMPLETED,services/api/src/modules/notifications/notification-dispatcher.service.ts,services/api/test/notification-inbox.integration.spec.ts,Bounded behavior is implemented in the cited module with relevant regression suite context. Release-wide device/security/production approval is still open; this is not a signed acceptance closure.,
NOT-FR-007,Notifications shall deep-link to an authorized application destination.,Member,Tap opens intended accessible screen or safe fallback.,MANDATORY_RELEASE_1,ACCEPTANCE_NOT_CLOSED,services/api/src/modules/notifications,"Durable dispatcher exists; inbox, follows, scheduled events, broadcast UI and live provider acceptance outstanding",0d93525ffa473617bd9cc43cbb36a00a0aa31814,PARTIALLY_COMPLETED,services/api/src/modules/notifications/notification-dispatcher.service.ts,services/api/test/notification-inbox.integration.spec.ts,Workflow notice-to-person-search and generic destinations exist; every notice type needs authorized deep-link/fallback device acceptance.,
NOT-FR-008,The system shall avoid duplicate notifications for the same event/user/channel through idempotency keys.,System,Retry does not create duplicate user-visible notification.,MANDATORY_RELEASE_1,ACCEPTANCE_NOT_CLOSED,services/api/src/modules/notifications,"Durable dispatcher exists; inbox, follows, scheduled events, broadcast UI and live provider acceptance outstanding",0d93525ffa473617bd9cc43cbb36a00a0aa31814,COMPLETED,services/api/src/modules/notifications/notification-dispatcher.service.ts,services/api/test/notification-inbox.integration.spec.ts,Bounded behavior is implemented in the cited module with relevant regression suite context. Release-wide device/security/production approval is still open; this is not a signed acceptance closure.,
NOT-FR-009,Members shall view notification history and mark items read/unread.,Member,State persists across devices.,MANDATORY_RELEASE_1,ACCEPTANCE_NOT_CLOSED,services/api/src/modules/notifications,"Durable dispatcher exists; inbox, follows, scheduled events, broadcast UI and live provider acceptance outstanding",0d93525ffa473617bd9cc43cbb36a00a0aa31814,COMPLETED,services/api/src/modules/notifications/notification-dispatcher.service.ts,services/api/test/notification-inbox.integration.spec.ts,Bounded behavior is implemented in the cited module with relevant regression suite context. Release-wide device/security/production approval is still open; this is not a signed acceptance closure.,
NOT-FR-010,"Administrative broadcast notices shall support target scopes such as all members, branch, generation or defined audience.",Authorized Admin,Only authorized scope is selectable and delivery is audited.,MANDATORY_RELEASE_1,ACCEPTANCE_NOT_CLOSED,services/api/src/modules/notifications,All/branch/generation migration 017 with disposable PostgreSQL and browser checks passed PR CI 36743123612; defined audience and full release acceptance outstanding,0d93525ffa473617bd9cc43cbb36a00a0aa31814,COMPLETED,services/api/src/modules/notifications/notification-dispatcher.service.ts,services/api/test/notification-inbox.integration.spec.ts,Bounded behavior is implemented in the cited module with relevant regression suite context. Release-wide device/security/production approval is still open; this is not a signed acceptance closure.,
NOT-FR-011,Notification delivery failures shall be logged/retried according to provider policy without blocking primary business transactions.,System,Core transaction succeeds even when provider is temporarily unavailable.,MANDATORY_RELEASE_1,ACCEPTANCE_NOT_CLOSED,services/api/src/modules/notifications,"Durable dispatcher exists; inbox, follows, scheduled events, broadcast UI and live provider acceptance outstanding",0d93525ffa473617bd9cc43cbb36a00a0aa31814,PARTIALLY_COMPLETED,services/api/src/modules/notifications/notification-dispatcher.service.ts,services/api/test/notification-inbox.integration.spec.ts,"Durable retry/backoff/recovery exists; this change rechecks account/chat permission and preferences. Provider idempotency, crash/lease races and delivery callbacks remain.",
INV-FR-001,"Authorized members shall create invitations for marriage, Bratabandha, 84 Puja, puja, family gathering and approved event types.",Member,"Invitation validates organizer, event type, date, venue and audience.",MANDATORY_RELEASE_1,ACCEPTANCE_NOT_CLOSED,services/api/src/modules/calendar,"Calendar RSVP exists; audience preview, snapshots, invitation templates and sending require completion",0d93525ffa473617bd9cc43cbb36a00a0aa31814,PARTIALLY_COMPLETED,services/api/src/modules/calendar/calendar.service.ts,services/api/test/m4-profile-calendar.integration.spec.ts,"Event creation stores explicit invited users; complete invitation validation, approved types and audience workflows.",
INV-FR-002,"Invitation shall include card/presentation, title, details, date/time, venue and map location where provided.",Member,Invitee sees complete approved invitation detail.,MANDATORY_RELEASE_1,ACCEPTANCE_NOT_CLOSED,services/api/src/modules/calendar,"Calendar RSVP exists; audience preview, snapshots, invitation templates and sending require completion",0d93525ffa473617bd9cc43cbb36a00a0aa31814,PARTIALLY_COMPLETED,services/api/src/modules/calendar/calendar.service.ts,services/api/test/m4-profile-calendar.integration.spec.ts,Title/detail/date/location exist; card/time/venue/map invitation presentation is incomplete.,
INV-FR-003,Creator shall select individual invitees from permitted genealogy records.,Member,Selection resolves to valid Person/User recipients without exposing private data.,MANDATORY_RELEASE_1,ACCEPTANCE_NOT_CLOSED,services/api/src/modules/calendar,"Calendar RSVP exists; audience preview, snapshots, invitation templates and sending require completion",0d93525ffa473617bd9cc43cbb36a00a0aa31814,PARTIALLY_COMPLETED,services/api/src/modules/calendar/calendar.service.ts,services/api/test/m4-profile-calendar.integration.spec.ts,Raw invitedUserIds persist; a privacy-filtered genealogy member picker is incomplete.,
INV-FR-004,"Creator shall select genealogy-derived audiences including approved relationship groups, descendants of an ancestor, branch and generation.",Member,Recipient preview accurately resolves against verified graph.,MANDATORY_RELEASE_1,ACCEPTANCE_NOT_CLOSED,services/api/src/modules/calendar,"Calendar RSVP exists; audience preview, snapshots, invitation templates and sending require completion",0d93525ffa473617bd9cc43cbb36a00a0aa31814,PARTIALLY_COMPLETED,services/api/src/modules/calendar/calendar-audience.service.ts;services/api/src/modules/calendar/calendar.service.ts;database/migrations/043_genealogy_invitation_snapshots.sql;apps/admin/src/app/calendar/genealogy-audience.tsx;apps/mobile/lib/screens/calendar_audience_picker.dart;docs/execution/GENEALOGY_INVITATION_AUDIENCE_REPORT.md,services/api/test/calendar-audience.integration.spec.ts;e2e/calendar-audience.spec.ts;apps/mobile/test/calendar_audience_test.dart,"Durable actor-bound previews resolve branch, generation and verified descendants with current role/claim/privacy checks; atomic single-use confirmation retains immutable graph/recipient/query context per event revision. Approved relationship-group configuration, full client acceptance, invitation-edit interfaces, production-scale evidence and retention operations remain open. No inferred historical evidence or signed acceptance closure.",
INV-FR-005,"Before send, the system shall show recipient count and a preview to reduce accidental mass sends.",Member,Send action requires explicit confirmation.,MANDATORY_RELEASE_1,ACCEPTANCE_NOT_CLOSED,services/api/src/modules/calendar,"Calendar RSVP exists; audience preview, snapshots, invitation templates and sending require completion",0d93525ffa473617bd9cc43cbb36a00a0aa31814,PARTIALLY_COMPLETED,services/api/src/modules/calendar/calendar.service.ts,services/api/test/calendar-delivery.integration.spec.ts,Authorized recipient count/preview implemented for supported audiences; full genealogy-derived audiences and native selection remain.,
INV-FR-006,Registered invitees shall receive in-app/push invitation notification according to delivery policy.,System,Invitation appears in invitee inbox/history.,MANDATORY_RELEASE_1,ACCEPTANCE_NOT_CLOSED,services/api/src/modules/calendar,"Calendar RSVP exists; audience preview, snapshots, invitation templates and sending require completion",0d93525ffa473617bd9cc43cbb36a00a0aa31814,PARTIALLY_COMPLETED,services/api/src/modules/calendar/calendar.service.ts,services/api/test/m4-profile-calendar.integration.spec.ts,Invitations persist but calendar outbox currently notifies actor instead of all eligible invitees; push/inbox fanout is incomplete.,
INV-FR-007,"Invitees shall respond Attending, Not Attending or Maybe where the event enables RSVP.",Member,Latest valid response is visible to invitee and organizer.,MANDATORY_RELEASE_1,ACCEPTANCE_NOT_CLOSED,services/api/src/modules/calendar,"Calendar RSVP exists; audience preview, snapshots, invitation templates and sending require completion",0d93525ffa473617bd9cc43cbb36a00a0aa31814,COMPLETED,services/api/src/modules/calendar/calendar.service.ts,services/api/test/m4-profile-calendar.integration.spec.ts,Bounded behavior is implemented in the cited module with relevant regression suite context. Release-wide device/security/production approval is still open; this is not a signed acceptance closure.,
INV-FR-008,Organizer shall see RSVP summary and permitted attendee responses.,Member,Counts match current recipient-response records.,MANDATORY_RELEASE_1,ACCEPTANCE_NOT_CLOSED,services/api/src/modules/calendar,"Calendar RSVP exists; audience preview, snapshots, invitation templates and sending require completion",0d93525ffa473617bd9cc43cbb36a00a0aa31814,PARTIALLY_COMPLETED,services/api/src/modules/calendar/calendar.service.ts,services/api/test/calendar-delivery.integration.spec.ts,Organizer RSVP summaries and permission-filtered attendee response reads implemented; full audience and production acceptance remain.,
INV-FR-009,Invitation updates/cancellations shall be versioned and notify affected invitees.,System,Invitee sees current state and update notice.,MANDATORY_RELEASE_1,ACCEPTANCE_NOT_CLOSED,services/api/src/modules/calendar,"Calendar RSVP exists; audience preview, snapshots, invitation templates and sending require completion",0d93525ffa473617bd9cc43cbb36a00a0aa31814,PARTIALLY_COMPLETED,services/api/src/modules/calendar/calendar.service.ts,services/api/test/calendar-delivery.integration.spec.ts,Versioned invitation/event update and cancellation with transactional notification intent implemented; broader audience/provider acceptance remains.,
INV-FR-010,Genealogy-based recipient resolution shall be reproducible using the verified graph snapshot/query context used at send time.,System,Audit can reconstruct selection basis.,MANDATORY_RELEASE_1,ACCEPTANCE_NOT_CLOSED,services/api/src/modules/calendar,"Calendar RSVP exists; audience preview, snapshots, invitation templates and sending require completion",0d93525ffa473617bd9cc43cbb36a00a0aa31814,PARTIALLY_COMPLETED,services/api/src/modules/calendar/calendar-audience.service.ts;services/api/src/modules/calendar/calendar.service.ts;database/migrations/043_genealogy_invitation_snapshots.sql;apps/admin/src/app/calendar/genealogy-audience.tsx;apps/mobile/lib/screens/calendar_audience_picker.dart;docs/execution/GENEALOGY_INVITATION_AUDIENCE_REPORT.md,services/api/test/calendar-audience.integration.spec.ts;e2e/calendar-audience.spec.ts;apps/mobile/test/calendar_audience_test.dart,"Durable actor-bound previews resolve branch, generation and verified descendants with current role/claim/privacy checks; atomic single-use confirmation retains immutable graph/recipient/query context per event revision. Approved relationship-group configuration, full client acceptance, invitation-edit interfaces, production-scale evidence and retention operations remain open. No inferred historical evidence or signed acceptance closure.",
INV-FR-011,Invitation visibility shall not grant unrelated access to private Person data.,System,Recipient list/detail follows privacy policy.,MANDATORY_RELEASE_1,ACCEPTANCE_NOT_CLOSED,services/api/src/modules/calendar,"Calendar RSVP exists; audience preview, snapshots, invitation templates and sending require completion",0d93525ffa473617bd9cc43cbb36a00a0aa31814,COMPLETED,services/api/src/modules/calendar/calendar.service.ts,services/api/test/m4-profile-calendar.integration.spec.ts,Bounded behavior is implemented in the cited module with relevant regression suite context. Release-wide device/security/production approval is still open; this is not a signed acceptance closure.,
INV-FR-012,"Invitation send, resend, cancellation and audience-changing actions shall be rate-limited and audited.",System,Abuse controls and audit entries are present.,MANDATORY_RELEASE_1,ACCEPTANCE_NOT_CLOSED,services/api/src/modules/calendar,"Calendar RSVP exists; audience preview, snapshots, invitation templates and sending require completion",0d93525ffa473617bd9cc43cbb36a00a0aa31814,PARTIALLY_COMPLETED,services/api/src/modules/calendar/calendar.service.ts,services/api/test/calendar-delivery.integration.spec.ts,Versioned invitation mutations and audit evidence implemented; dedicated send/resend/audience rate controls and production acceptance remain.,
COM-FR-001,"Verified members shall create community-relevant posts in approved categories including announcements, missing-person notices, property/room availability, assistance requests and community programs.",Member,Valid post is created with category and visibility.,MANDATORY_RELEASE_1,ACCEPTANCE_NOT_CLOSED,services/api/src/modules/community; apps/admin/src/app/community; apps/mobile/lib/screens/community_screen.dart,"Community checkpoint CI 35514832719 passed; attachments, keyword handling, edit history, moderation appeals and threaded mobile UI still require completion",0d93525ffa473617bd9cc43cbb36a00a0aa31814,PARTIALLY_COMPLETED,services/api/src/modules/community/community.service.ts,services/api/test/community-http.integration.spec.ts,Current categories are ANNOUNCEMENT/DISCUSSION/RITUAL/ACHIEVEMENT; required missing-person/property/assistance/program categories are incomplete.,
COM-FR-002,"Posts shall support text, approved images/media, location and contact information subject to privacy controls.",Member,File/field validation and visibility rules are applied.,MANDATORY_RELEASE_1,ACCEPTANCE_NOT_CLOSED,services/api/src/modules/community; apps/admin/src/app/community; apps/mobile/lib/screens/community_screen.dart,"Community checkpoint CI 35514832719 passed; attachments, keyword handling, edit history, moderation appeals and threaded mobile UI still require completion",0d93525ffa473617bd9cc43cbb36a00a0aa31814,PARTIALLY_COMPLETED,services/api/src/modules/community/community.service.ts,services/api/test/community-http.integration.spec.ts,Text exists; approved media/location/contact field schema and controls are incomplete.,
COM-FR-003,Release 1.0 shall implement a configurable moderation policy by post category and risk level.,Moderator/Admin,Each category has explicit pre-publication or post-publication rule.,MANDATORY_RELEASE_1,ACCEPTANCE_NOT_CLOSED,services/api/src/modules/community; apps/admin/src/app/community; apps/mobile/lib/screens/community_screen.dart,"Community checkpoint CI 35514832719 passed; attachments, keyword handling, edit history, moderation appeals and threaded mobile UI still require completion",0d93525ffa473617bd9cc43cbb36a00a0aa31814,PARTIALLY_COMPLETED,services/api/src/modules/community/community.service.ts,services/api/test/community-http.integration.spec.ts,All posts enter PENDING; configurable category/risk-specific pre/post publication policy is missing.,
COM-FR-004,Official announcements shall require an authorized publishing role.,Authorized Admin/Moderator,Normal member cannot impersonate official announcement.,MANDATORY_RELEASE_1,ACCEPTANCE_NOT_CLOSED,services/api/src/modules/community; apps/admin/src/app/community; apps/mobile/lib/screens/community_screen.dart,"Community checkpoint CI 35514832719 passed; attachments, keyword handling, edit history, moderation appeals and threaded mobile UI still require completion",0d93525ffa473617bd9cc43cbb36a00a0aa31814,COMPLETED,services/api/src/modules/community/community.service.ts,services/api/test/community-http.integration.spec.ts,Bounded behavior is implemented in the cited module with relevant regression suite context. Release-wide device/security/production approval is still open; this is not a signed acceptance closure.,
COM-FR-005,Members shall report posts/users using configured reason categories and explanatory detail.,Member,Report is recorded and enters moderation queue.,MANDATORY_RELEASE_1,ACCEPTANCE_NOT_CLOSED,services/api/src/modules/community; apps/admin/src/app/community; apps/mobile/lib/screens/community_screen.dart,"Community checkpoint CI 35514832719 passed; attachments, keyword handling, edit history, moderation appeals and threaded mobile UI still require completion",0d93525ffa473617bd9cc43cbb36a00a0aa31814,PARTIALLY_COMPLETED,services/api/src/modules/community/community.service.ts,services/api/test/community-http.integration.spec.ts,Post reporting with free-text reason exists; configured reason categories/user reports are incomplete.,
COM-FR-006,Members shall block another user.,Member,Block affects permitted social/contact surfaces according to policy.,MANDATORY_RELEASE_1,ACCEPTANCE_NOT_CLOSED,services/api/src/modules/community; apps/admin/src/app/community; apps/mobile/lib/screens/community_screen.dart,"Community checkpoint CI 35514832719 passed; attachments, keyword handling, edit history, moderation appeals and threaded mobile UI still require completion",0d93525ffa473617bd9cc43cbb36a00a0aa31814,PARTIALLY_COMPLETED,services/api/src/modules/community/community.service.ts,services/api/test/community-http.integration.spec.ts,Chat blocks exist; social feed/contact block effects are incomplete.,
COM-FR-007,"Moderators shall review reports with content, reporter context, prior actions and applicable policy.",Moderator,Review screen contains required evidence without excessive private data.,MANDATORY_RELEASE_1,ACCEPTANCE_NOT_CLOSED,services/api/src/modules/community; apps/admin/src/app/community; apps/mobile/lib/screens/community_screen.dart,"Community checkpoint CI 35514832719 passed; attachments, keyword handling, edit history, moderation appeals and threaded mobile UI still require completion",0d93525ffa473617bd9cc43cbb36a00a0aa31814,PARTIALLY_COMPLETED,services/api/src/modules/community/community.service.ts,services/api/test/community-http.integration.spec.ts,"Queue/counts exist; full report evidence, prior actions and applicable policy console remain.",
COM-FR-008,"Moderators shall keep, restrict, remove, restore or escalate content according to authority.",Moderator/Super Admin,"Action validates state, authority and reason.",MANDATORY_RELEASE_1,ACCEPTANCE_NOT_CLOSED,services/api/src/modules/community; apps/admin/src/app/community; apps/mobile/lib/screens/community_screen.dart,"Community checkpoint CI 35514832719 passed; attachments, keyword handling, edit history, moderation appeals and threaded mobile UI still require completion",0d93525ffa473617bd9cc43cbb36a00a0aa31814,PARTIALLY_COMPLETED,services/api/src/modules/community/community.service.ts,services/api/test/community-http.integration.spec.ts,Publish/reject/delete exist; restrict/restore/escalate authority/state actions remain.,
COM-FR-009,Moderation actions shall notify affected author where policy permits and provide reason/appeal path when applicable.,System,User receives appropriate status communication.,MANDATORY_RELEASE_1,ACCEPTANCE_NOT_CLOSED,services/api/src/modules/community; apps/admin/src/app/community; apps/mobile/lib/screens/community_screen.dart,"Community checkpoint CI 35514832719 passed; attachments, keyword handling, edit history, moderation appeals and threaded mobile UI still require completion",0d93525ffa473617bd9cc43cbb36a00a0aa31814,PARTIALLY_COMPLETED,services/api/src/modules/community/community.service.ts,services/api/test/community-http.integration.spec.ts,Author post decisions/notices and versioned appeals implemented; comment-author outcomes/appeals and complete configured policy remain.,
COM-FR-010,Posts shall support edit history; materially edited moderated content may re-enter review according to policy.,Member/System,Revision history is retained.,MANDATORY_RELEASE_1,ACCEPTANCE_NOT_CLOSED,services/api/src/modules/community; apps/admin/src/app/community; apps/mobile/lib/screens/community_screen.dart,"Community checkpoint CI 35514832719 passed; attachments, keyword handling, edit history, moderation appeals and threaded mobile UI still require completion",0d93525ffa473617bd9cc43cbb36a00a0aa31814,PARTIALLY_COMPLETED,services/api/src/modules/community/community.service.ts;database/migrations/029_community_revisions.sql;apps/admin/src/app/community/page.tsx;apps/mobile/lib/screens/community_screen.dart,services/api/test/community-http.integration.spec.ts;e2e/community.spec.ts;apps/mobile/test/community_screen_test.dart,"Author-only version-checked text/category edits retain durable snapshots and return changed content to independent moderation;scoped author/moderator history in web and Flutter. Existing posts receive a rollout snapshot, not reconstructed past edits. Media revision integration and configurable material-change policy remain open;signed acceptance unchanged.",
COM-FR-011,Deleted/removed community content shall be soft-deleted/retained according to retention and legal policy rather than silently destroyed.,System,Authorized audit can inspect retained record within policy.,MANDATORY_RELEASE_1,ACCEPTANCE_NOT_CLOSED,services/api/src/modules/community; apps/admin/src/app/community; apps/mobile/lib/screens/community_screen.dart,"Community checkpoint CI 35514832719 passed; attachments, keyword handling, edit history, moderation appeals and threaded mobile UI still require completion",0d93525ffa473617bd9cc43cbb36a00a0aa31814,COMPLETED,services/api/src/modules/community/community.service.ts,services/api/test/community-http.integration.spec.ts,Bounded behavior is implemented in the cited module with relevant regression suite context. Release-wide device/security/production approval is still open; this is not a signed acceptance closure.,
COM-FR-012,"Feed shall support pagination, category filters, search and deterministic ordering.",Member,Results paginate without gaps/duplicates.,MANDATORY_RELEASE_1,ACCEPTANCE_NOT_CLOSED,services/api/src/modules/community; apps/admin/src/app/community; apps/mobile/lib/screens/community_screen.dart,"Community checkpoint CI 35514832719 passed; attachments, keyword handling, edit history, moderation appeals and threaded mobile UI still require completion",0d93525ffa473617bd9cc43cbb36a00a0aa31814,PARTIALLY_COMPLETED,services/api/src/modules/community/community.service.ts,services/api/test/community-http.integration.spec.ts,Offset feed pagination exists; category/search filters and concurrent-insert pagination acceptance remain.,
COM-FR-013,"Community interactions shall be protected by rate limits, file scanning and anti-abuse controls.",System,Repeated abuse attempts are throttled/logged.,MANDATORY_RELEASE_1,ACCEPTANCE_NOT_CLOSED,services/api/src/modules/community; apps/admin/src/app/community; apps/mobile/lib/screens/community_screen.dart,"Community checkpoint CI 35514832719 passed; attachments, keyword handling, edit history, moderation appeals and threaded mobile UI still require completion",0d93525ffa473617bd9cc43cbb36a00a0aa31814,PARTIALLY_COMPLETED,services/api/src/modules/community/community.service.ts,services/api/test/community-http.integration.spec.ts,Text endpoints are guarded/throttled; media scan and broader keyword/anti-abuse workflow remain.,
COM-FR-014,"Community moderation policy, actions and administrator overrides shall be auditable.",System,"Audit identifies actor, target, reason, previous/new state and timestamp.",MANDATORY_RELEASE_1,ACCEPTANCE_NOT_CLOSED,services/api/src/modules/community; apps/admin/src/app/community; apps/mobile/lib/screens/community_screen.dart,"Community checkpoint CI 35514832719 passed; attachments, keyword handling, edit history, moderation appeals and threaded mobile UI still require completion",0d93525ffa473617bd9cc43cbb36a00a0aa31814,PARTIALLY_COMPLETED,services/api/src/modules/community/community.service.ts,services/api/test/community-http.integration.spec.ts,Post actions write durable audit intent; configurable moderation policy/override history remain.,
MAP-FR-001,Release 1.0 shall provide a map view of households/approved community locations.,Member,Map loads only locations authorized for viewer.,MANDATORY_RELEASE_1,ACCEPTANCE_NOT_CLOSED,services/api/src/modules/map; apps/admin/src/app/map; apps/mobile/lib/screens/household_map_screen.dart,Local governed generalized-location checkpoint; real PostgreSQL/browser/device acceptance pending. Household consent reconciliation and configured map provider remain,0d93525ffa473617bd9cc43cbb36a00a0aa31814,PARTIALLY_COMPLETED,services/api/src/modules/map/map.service.ts,services/api/test/map-http.integration.spec.ts,Authorized generalized location list exists; actual map-provider marker rendering is incomplete.,
MAP-FR-002,Household location shall be a distinct governed entity and shall not expose a member’s precise location by default.,System/Admin,Profile privacy and map payload use approved precision level.,MANDATORY_RELEASE_1,ACCEPTANCE_NOT_CLOSED,services/api/src/modules/map; apps/admin/src/app/map; apps/mobile/lib/screens/household_map_screen.dart,Local governed generalized-location checkpoint; real PostgreSQL/browser/device acceptance pending. Household consent reconciliation and configured map provider remain,0d93525ffa473617bd9cc43cbb36a00a0aa31814,COMPLETED,services/api/src/modules/map/map.service.ts,services/api/test/map-http.integration.spec.ts,Bounded behavior is implemented in the cited module with relevant regression suite context. Release-wide device/security/production approval is still open; this is not a signed acceptance closure.,
MAP-FR-003,Authorized household representatives/admins shall propose or manage household location information according to policy.,Member/Admin,Changes follow validation/approval rule.,MANDATORY_RELEASE_1,ACCEPTANCE_NOT_CLOSED,services/api/src/modules/map; apps/admin/src/app/map; apps/mobile/lib/screens/household_map_screen.dart,Local governed generalized-location checkpoint; real PostgreSQL/browser/device acceptance pending. Household consent reconciliation and configured map provider remain,0d93525ffa473617bd9cc43cbb36a00a0aa31814,COMPLETED,services/api/src/modules/map/map.service.ts,services/api/test/map-http.integration.spec.ts,Bounded behavior is implemented in the cited module with relevant regression suite context. Release-wide device/security/production approval is still open; this is not a signed acceptance closure.,
MAP-FR-004,Map shall support search/filter by branch and permitted geographic attributes.,Member,Filter returns only permitted map points.,MANDATORY_RELEASE_1,ACCEPTANCE_NOT_CLOSED,services/api/src/modules/map; apps/admin/src/app/map; apps/mobile/lib/screens/household_map_screen.dart,Local governed generalized-location checkpoint; real PostgreSQL/browser/device acceptance pending. Household consent reconciliation and configured map provider remain,0d93525ffa473617bd9cc43cbb36a00a0aa31814,PARTIALLY_COMPLETED,services/api/src/modules/map/map.service.ts,services/api/test/map-http.integration.spec.ts,Branch/bounds filtering exists; full geographic search/filter UI acceptance remains.,
MAP-FR-005,Sensitive exact coordinates/addresses shall be field-level protected and may be generalized to locality/district for broader viewers.,System,Unauthorized viewer receives no precise coordinate.,MANDATORY_RELEASE_1,ACCEPTANCE_NOT_CLOSED,services/api/src/modules/map; apps/admin/src/app/map; apps/mobile/lib/screens/household_map_screen.dart,Local governed generalized-location checkpoint; real PostgreSQL/browser/device acceptance pending. Household consent reconciliation and configured map provider remain,0d93525ffa473617bd9cc43cbb36a00a0aa31814,COMPLETED,services/api/src/modules/map/map.service.ts,services/api/test/map-http.integration.spec.ts,Bounded behavior is implemented in the cited module with relevant regression suite context. Release-wide device/security/production approval is still open; this is not a signed acceptance closure.,
MAP-FR-006,Invitation/event venues may use map/location services independently of household residence privacy.,Member/System,Venue selection does not alter household location.,MANDATORY_RELEASE_1,ACCEPTANCE_NOT_CLOSED,services/api/src/modules/map; apps/admin/src/app/map; apps/mobile/lib/screens/household_map_screen.dart,Local governed generalized-location checkpoint; real PostgreSQL/browser/device acceptance pending. Household consent reconciliation and configured map provider remain,0d93525ffa473617bd9cc43cbb36a00a0aa31814,PARTIALLY_COMPLETED,services/api/src/modules/map/map.service.ts,services/api/test/map-http.integration.spec.ts,Event location text is separate; independent venue-map selection/service remains.,
MAP-FR-007,Location access and administrative edits shall be auditable where sensitivity requires it.,System,Audit captures authorized changes/access events defined by policy.,MANDATORY_RELEASE_1,ACCEPTANCE_NOT_CLOSED,services/api/src/modules/map; apps/admin/src/app/map; apps/mobile/lib/screens/household_map_screen.dart,Local governed generalized-location checkpoint; real PostgreSQL/browser/device acceptance pending. Household consent reconciliation and configured map provider remain,0d93525ffa473617bd9cc43cbb36a00a0aa31814,PARTIALLY_COMPLETED,services/api/src/modules/map/map.service.ts,services/api/test/map-http.integration.spec.ts,Proposals/reviews/withdrawals audited; sensitive location access logging policy and multi-member reconciliation remain.,
CHAT-FR-001,Registered members shall start one-to-one conversations with other eligible registered members.,Member,Conversation respects block/privacy policy.,MANDATORY_RELEASE_1,ACCEPTANCE_NOT_CLOSED,services/api/src/modules/chat; apps/admin/src/app/chat; apps/mobile/lib/screens/chat_screen.dart,"Local text messaging checkpoint; remote tests pending. Media, general group roles, reporting, durable offline outbox and scale tests outstanding",0d93525ffa473617bd9cc43cbb36a00a0aa31814,PARTIALLY_COMPLETED,services/api/src/modules/chat/chat.service.ts,services/api/test/chat-http.integration.spec.ts,Verified eligible-profile direct conversation API exists; complete registered-member eligibility/product acceptance.,
CHAT-FR-002,Release 1.0 shall support group conversations with membership and group-information management.,Member,Authorized creator can create group and manage permitted members.,MANDATORY_RELEASE_1,ACCEPTANCE_NOT_CLOSED,services/api/src/modules/chat; apps/admin/src/app/chat; apps/mobile/lib/screens/chat_screen.dart,"Local text messaging checkpoint; remote tests pending. Media, general group roles, reporting, durable offline outbox and scale tests outstanding",0d93525ffa473617bd9cc43cbb36a00a0aa31814,PARTIALLY_COMPLETED,services/api/src/modules/chat/chat.service.ts,services/api/test/chat-http.integration.spec.ts,One group per branch with join/leave exists; arbitrary group membership/information management is incomplete.,
CHAT-FR-003,Members shall send and receive text messages in near real time.,Member,Sent message reaches connected recipient within performance target.,MANDATORY_RELEASE_1,ACCEPTANCE_NOT_CLOSED,services/api/src/modules/chat; apps/admin/src/app/chat; apps/mobile/lib/screens/chat_screen.dart,"Local text messaging checkpoint; remote tests pending. Media, general group roles, reporting, durable offline outbox and scale tests outstanding",0d93525ffa473617bd9cc43cbb36a00a0aa31814,PARTIALLY_COMPLETED,services/api/src/modules/chat/chat.service.ts,services/api/test/chat-http.integration.spec.ts,Authenticated WebSocket transport passes functional tests; p95 real-time load target remains untested.,
CHAT-FR-004,Messages shall support approved images and files subject to size/type/security policy.,Member,Unsafe/unapproved media is rejected or quarantined.,MANDATORY_RELEASE_1,ACCEPTANCE_NOT_CLOSED,services/api/src/modules/chat; apps/admin/src/app/chat; apps/mobile/lib/screens/chat_screen.dart,"Local text messaging checkpoint; remote tests pending. Media, general group roles, reporting, durable offline outbox and scale tests outstanding",0d93525ffa473617bd9cc43cbb36a00a0aa31814,PARTIALLY_COMPLETED,services/api/src/modules/chat/chat-attachments.service.ts,services/api/test/chat-attachments.integration.spec.ts,"Scanned private image/file attachments, limits, retry identity and web/native controls implemented; broader provider/device/security acceptance remains.",
CHAT-FR-005,Messaging shall provide sent/delivered/read state where privacy/product policy enables it.,Member,State changes are consistent across devices.,MANDATORY_RELEASE_1,ACCEPTANCE_NOT_CLOSED,services/api/src/modules/chat; apps/admin/src/app/chat; apps/mobile/lib/screens/chat_screen.dart,"Local text messaging checkpoint; remote tests pending. Media, general group roles, reporting, durable offline outbox and scale tests outstanding",0d93525ffa473617bd9cc43cbb36a00a0aa31814,PARTIALLY_COMPLETED,services/api/src/modules/chat/chat.service.ts,services/api/test/chat-http.integration.spec.ts,Persistent sends/monotonic reads exist; delivered-state lifecycle is missing.,
CHAT-FR-006,Conversation history shall synchronize across authenticated devices subject to retention policy.,Member,Re-login restores authorized retained history.,MANDATORY_RELEASE_1,ACCEPTANCE_NOT_CLOSED,services/api/src/modules/chat; apps/admin/src/app/chat; apps/mobile/lib/screens/chat_screen.dart,"Local text messaging checkpoint; remote tests pending. Media, general group roles, reporting, durable offline outbox and scale tests outstanding",0d93525ffa473617bd9cc43cbb36a00a0aa31814,PARTIALLY_COMPLETED,services/api/src/modules/chat/chat.service.ts,services/api/test/chat-http.integration.spec.ts,Database history exists; pagination/reconnect/multi-device retention acceptance remains.,
CHAT-FR-007,Offline/temporarily disconnected clients shall queue/retry outgoing messages without unintended duplicates.,System,Idempotency prevents duplicate committed messages.,MANDATORY_RELEASE_1,ACCEPTANCE_NOT_CLOSED,services/api/src/modules/chat; apps/admin/src/app/chat; apps/mobile/lib/screens/chat_screen.dart,"Local text messaging checkpoint; remote tests pending. Media, general group roles, reporting, durable offline outbox and scale tests outstanding",0d93525ffa473617bd9cc43cbb36a00a0aa31814,PARTIALLY_COMPLETED,services/api/src/modules/chat/chat.service.ts,services/api/test/chat-http.integration.spec.ts,Server idempotency exists; persistent mobile offline outbox/retry/conflict recovery is missing.,
CHAT-FR-008,Members shall block another member and blocked-user behavior shall apply immediately to new direct communication.,Member,New blocked direct messages are prevented.,MANDATORY_RELEASE_1,ACCEPTANCE_NOT_CLOSED,services/api/src/modules/chat; apps/admin/src/app/chat; apps/mobile/lib/screens/chat_screen.dart,"Local text messaging checkpoint; remote tests pending. Media, general group roles, reporting, durable offline outbox and scale tests outstanding",0d93525ffa473617bd9cc43cbb36a00a0aa31814,COMPLETED,services/api/src/modules/chat/chat.service.ts,services/api/test/chat-http.integration.spec.ts,Bounded behavior is implemented in the cited module with relevant regression suite context. Release-wide device/security/production approval is still open; this is not a signed acceptance closure.,
CHAT-FR-009,Members shall report messages/conversations/users to moderators with selected context.,Member,Report captures permitted message references and enters queue.,MANDATORY_RELEASE_1,ACCEPTANCE_NOT_CLOSED,services/api/src/modules/chat; apps/admin/src/app/chat; apps/mobile/lib/screens/chat_screen.dart,"Local text messaging checkpoint; remote tests pending. Media, general group roles, reporting, durable offline outbox and scale tests outstanding",0d93525ffa473617bd9cc43cbb36a00a0aa31814,PARTIALLY_COMPLETED,services/api/src/modules/chat/chat.service.ts,services/api/test/chat-reports.integration.spec.ts,"Durable message-context reporting and independent review implemented; conversation/user reporting, appeals and full case operations remain.",
CHAT-FR-010,Group roles shall support at least owner/admin/member with controlled member and group-setting actions.,Member,Unauthorized member cannot alter restricted group settings.,MANDATORY_RELEASE_1,ACCEPTANCE_NOT_CLOSED,services/api/src/modules/chat; apps/admin/src/app/chat; apps/mobile/lib/screens/chat_screen.dart,"Local text messaging checkpoint; remote tests pending. Media, general group roles, reporting, durable offline outbox and scale tests outstanding",0d93525ffa473617bd9cc43cbb36a00a0aa31814,PARTIALLY_COMPLETED,services/api/src/modules/chat/chat.service.ts,services/api/test/chat-groups.integration.spec.ts,"Selected-member groups, owner/admin/member controls, transfer and independent authorization implemented; broader ownership recovery/device/production acceptance remains.",
CHAT-FR-011,Push notification previews shall not reveal sensitive message content when member privacy setting suppresses previews.,System,Notification template follows preference.,MANDATORY_RELEASE_1,ACCEPTANCE_NOT_CLOSED,services/api/src/modules/chat; apps/admin/src/app/chat; apps/mobile/lib/screens/chat_screen.dart,"Local text messaging checkpoint; remote tests pending. Media, general group roles, reporting, durable offline outbox and scale tests outstanding",0d93525ffa473617bd9cc43cbb36a00a0aa31814,COMPLETED,services/api/src/modules/chat/chat.service.ts,services/api/test/chat-http.integration.spec.ts,Bounded behavior is implemented in the cited module with relevant regression suite context. Release-wide device/security/production approval is still open; this is not a signed acceptance closure.,
CHAT-FR-012,Message/media deletion behavior shall follow documented retention and participant visibility rules.,Member/System,UI state matches server retention model.,MANDATORY_RELEASE_1,ACCEPTANCE_NOT_CLOSED,services/api/src/modules/chat; apps/admin/src/app/chat; apps/mobile/lib/screens/chat_screen.dart,"Local text messaging checkpoint; remote tests pending. Media, general group roles, reporting, durable offline outbox and scale tests outstanding",0d93525ffa473617bd9cc43cbb36a00a0aa31814,PARTIALLY_COMPLETED,services/api/src/modules/chat/chat.service.ts,services/api/test/chat-http.integration.spec.ts,Sender-only soft delete exists; media deletion and full participant retention UI policy remain.,
CHAT-FR-013,"Messaging endpoints shall enforce rate limits, authorization and abuse controls.",System,Non-participant cannot read/send; abuse is throttled.,MANDATORY_RELEASE_1,ACCEPTANCE_NOT_CLOSED,services/api/src/modules/chat; apps/admin/src/app/chat; apps/mobile/lib/screens/chat_screen.dart,"Local text messaging checkpoint; remote tests pending. Media, general group roles, reporting, durable offline outbox and scale tests outstanding",0d93525ffa473617bd9cc43cbb36a00a0aa31814,PARTIALLY_COMPLETED,services/api/src/modules/chat/chat.service.ts,services/api/test/chat-http.integration.spec.ts,JWT/membership/rate controls exist; full abuse and concurrency/load acceptance remains.,
CHAT-FR-014,"Administrative access to message content, if legally/policy permitted at all, shall be exceptional, role-restricted and auditable.",Super Admin/System,No routine admin browsing of private messages.,MANDATORY_RELEASE_1,ACCEPTANCE_NOT_CLOSED,services/api/src/modules/chat; apps/admin/src/app/chat; apps/mobile/lib/screens/chat_screen.dart,"Local text messaging checkpoint; remote tests pending. Media, general group roles, reporting, durable offline outbox and scale tests outstanding",0d93525ffa473617bd9cc43cbb36a00a0aa31814,PARTIALLY_COMPLETED,services/api/src/modules/chat/chat.service.ts,services/api/test/chat-http.integration.spec.ts,Ordinary admin cannot browse nonmember conversations; exceptional content access and its audited policy remain unspecified.,
ADM-FR-001,Authorized administrators shall authenticate separately into the web administration portal with stronger session controls.,Admin,Unauthorized member credentials do not grant admin access.,MANDATORY_RELEASE_1,ACCEPTANCE_NOT_CLOSED,apps/admin/src/app,"Partially implemented queues and real dashboard; remaining account/role, cultural, import and operations consoles must be completed",0d93525ffa473617bd9cc43cbb36a00a0aa31814,PARTIALLY_COMPLETED,services/api/src/modules/auth/mfa.service.ts;services/api/src/modules/auth/guards/jwt.strategy.ts;services/api/src/modules/auth/privileged-session.policy.ts;database/migrations/040_authenticator_verification.sql;apps/admin/src/app/mfa/page.tsx;apps/mobile/lib/screens/authenticator_screen.dart;docs/execution/NATIVE_AUTHENTICATOR_REPORT.md;docs/execution/NATIVE_AUTHENTICATOR_DEVICE_REPORT.md;docs/execution/AUTHENTICATOR_LIFECYCLE_REPORT.md,services/api/test/mfa.crypto.spec.ts;services/api/test/auth-m2-hardening.integration.spec.ts;e2e/mfa.spec.ts;apps/mobile/test/authenticator_screen_test.dart;apps/mobile/integration_test/m4_live_api_device_test.dart,"Encrypted authenticator verification and native device suite implemented. Fresh-code-protected authenticator replacement and recovery-code renewal added; exact-head CI evidence required. Governed emergency reset, stronger distinct-factor admin login, production key operations and broader signed release acceptance remain.",
ADM-FR-002,Dashboard shall show role-appropriate operational queues and key health/workload indicators.,Admin,Each role sees only permitted widgets/data.,MANDATORY_RELEASE_1,ACCEPTANCE_NOT_CLOSED,apps/admin/src/app,"Partially implemented queues and real dashboard; remaining account/role, cultural, import and operations consoles must be completed",0d93525ffa473617bd9cc43cbb36a00a0aa31814,PARTIALLY_COMPLETED,services/api/src/modules/audit/audit.service.ts,services/api/test/map-http.integration.spec.ts,Role-scoped durable queue counts exist; integration health/workload widgets remain.,
ADM-FR-003,Verifiers shall review profile claims and genealogy change requests within assigned authority.,Verifier,Branch/scope enforcement is server-side.,MANDATORY_RELEASE_1,ACCEPTANCE_NOT_CLOSED,apps/admin/src/app,"Partially implemented queues and real dashboard; remaining account/role, cultural, import and operations consoles must be completed",0d93525ffa473617bd9cc43cbb36a00a0aa31814,COMPLETED,services/api/src/modules/audit/audit.service.ts,services/api/test/map-http.integration.spec.ts,Bounded behavior is implemented in the cited module with relevant regression suite context. Release-wide device/security/production approval is still open; this is not a signed acceptance closure.,
ADM-FR-004,Admins shall search and inspect Person records and direct family links according to role.,Admin,Search and detail respect privilege.,MANDATORY_RELEASE_1,ACCEPTANCE_NOT_CLOSED,apps/admin/src/app,"Partially implemented queues and real dashboard; remaining account/role, cultural, import and operations consoles must be completed",0d93525ffa473617bd9cc43cbb36a00a0aa31814,COMPLETED,services/api/src/modules/audit/audit.service.ts,services/api/test/map-http.integration.spec.ts,Bounded behavior is implemented in the cited module with relevant regression suite context. Release-wide device/security/production approval is still open; this is not a signed acceptance closure.,
ADM-FR-005,Authorized admins shall create/correct direct genealogy facts through governed workflows.,Admin,Mutations validate invariants and audit.,MANDATORY_RELEASE_1,ACCEPTANCE_NOT_CLOSED,apps/admin/src/app,"Partially implemented queues and real dashboard; remaining account/role, cultural, import and operations consoles must be completed",0d93525ffa473617bd9cc43cbb36a00a0aa31814,COMPLETED,services/api/src/modules/audit/audit.service.ts,services/api/test/map-http.integration.spec.ts,Bounded behavior is implemented in the cited module with relevant regression suite context. Release-wide device/security/production approval is still open; this is not a signed acceptance closure.,
ADM-FR-006,Super Admin/delegated authority shall resolve duplicate Person records.,Super Admin,Merge console enforces conflict resolution and audit.,MANDATORY_RELEASE_1,ACCEPTANCE_NOT_CLOSED,apps/admin/src/app,"Partially implemented queues and real dashboard; remaining account/role, cultural, import and operations consoles must be completed",0d93525ffa473617bd9cc43cbb36a00a0aa31814,COMPLETED,services/api/src/modules/audit/audit.service.ts,services/api/test/map-http.integration.spec.ts,Bounded behavior is implemented in the cited module with relevant regression suite context. Release-wide device/security/production approval is still open; this is not a signed acceptance closure.,
ADM-FR-007,"Super Admin shall manage branches, generations and cross-branch connections.",Super Admin,Changes are validated and auditable.,MANDATORY_RELEASE_1,ACCEPTANCE_NOT_CLOSED,apps/admin/src/app,"Partially implemented queues and real dashboard; remaining account/role, cultural, import and operations consoles must be completed",0d93525ffa473617bd9cc43cbb36a00a0aa31814,PARTIALLY_COMPLETED,services/api/src/modules/branch-administration/branch-administration.service.ts;apps/admin/src/app/branches/page.tsx,services/api/test/branch-administration.integration.spec.ts;e2e/branch-administration.spec.ts,"Versioned Super Admin branch metadata and branch-scoped generation labels, immutable history and transactional audit are implemented. Person generation corrections, complete cross-branch administration/repair UI, metadata writer reconciliation, full accessibility and production acceptance remain open. See BRANCH_ADMINISTRATION_REPORT.md; dedicated exact-head CI evidence is recorded in PR #5 when complete.",
ADM-FR-008,"Super Admin shall manage user status, roles, permissions and verifier assignments.",Super Admin,Permission changes take effect predictably and are audited.,MANDATORY_RELEASE_1,ACCEPTANCE_NOT_CLOSED,apps/admin/src/app,"Partially implemented queues and real dashboard; remaining account/role, cultural, import and operations consoles must be completed",0d93525ffa473617bd9cc43cbb36a00a0aa31814,PARTIALLY_COMPLETED,services/api/src/modules/audit/audit.service.ts,services/api/test/map-http.integration.spec.ts,Server role assign/revoke exists; user-status/assignment account management console is incomplete.,
ADM-FR-009,Content managers and designated approvers shall manage cultural/historical content lifecycle.,Content Manager/Religious Representative,Draft-review-publish rules are enforced.,MANDATORY_RELEASE_1,ACCEPTANCE_NOT_CLOSED,apps/admin/src/app,"Partially implemented queues and real dashboard; remaining account/role, cultural, import and operations consoles must be completed",0d93525ffa473617bd9cc43cbb36a00a0aa31814,PARTIALLY_COMPLETED,services/api/src/modules/audit/audit.service.ts;database/migrations/041_cultural_revision_cms.sql;services/api/src/modules/cultural-rules/cultural-content.service.ts;services/api/src/modules/cultural-rules/cultural-content.controller.ts;apps/admin/src/app/cultural/page.tsx;apps/mobile/lib/screens/cultural_content_screen.dart;docs/execution/CULTURAL_REVISION_CMS_REPORT.md,services/api/test/map-http.integration.spec.ts;services/api/test/cultural-content.integration.spec.ts;e2e/cultural-content.spec.ts;apps/mobile/test/cultural_content_screen_test.dart,"Durable versioned document CMS, independent review and explicit designated approval, historical supersession, published-only title/body/keyword search and web/native read surfaces implemented. Signed authority content, broader workflow/device/accessibility acceptance and production evidence remain; cultural rule proposal activation is separate. See CULTURAL_REVISION_CMS_REPORT.md; exact-head CI pending.",
ADM-FR-010,"Authorized users shall manage events, invitations and broadcasts within assigned authority.",Admin,Audience and send actions are permission checked.,MANDATORY_RELEASE_1,ACCEPTANCE_NOT_CLOSED,apps/admin/src/app,"Partially implemented queues and real dashboard; remaining account/role, cultural, import and operations consoles must be completed",0d93525ffa473617bd9cc43cbb36a00a0aa31814,PARTIALLY_COMPLETED,services/api/src/modules/audit/audit.service.ts,services/api/test/map-http.integration.spec.ts,Events and broadcast composer exist; complete invitation audience/send lifecycle remains.,
ADM-FR-011,Moderators shall manage reports and community-content moderation.,Moderator,Moderation queue and decisions are auditable.,MANDATORY_RELEASE_1,ACCEPTANCE_NOT_CLOSED,apps/admin/src/app,"Partially implemented queues and real dashboard; remaining account/role, cultural, import and operations consoles must be completed",0d93525ffa473617bd9cc43cbb36a00a0aa31814,PARTIALLY_COMPLETED,services/api/src/modules/audit/audit.service.ts,services/api/test/map-http.integration.spec.ts,Community queue/publication decisions exist; complete reports/evidence/appeals console remains.,
ADM-FR-012,"Authorized domain administrators shall manage versioned Nata/Saino, Jutho and calendar/Tithi rule sets with approval workflow.",Religious Representative/Super Admin,Only approved effective versions are active.,MANDATORY_RELEASE_1,ACCEPTANCE_NOT_CLOSED,apps/admin/src/app,"Partially implemented queues and real dashboard; remaining account/role, cultural, import and operations consoles must be completed",0d93525ffa473617bd9cc43cbb36a00a0aa31814,PARTIALLY_COMPLETED,services/api/src/modules/audit/audit.service.ts,services/api/test/map-http.integration.spec.ts,"Active database rule predicate exists; proposal/review/approval is in-memory, without durable rule-management activation.",
ADM-FR-013,Admin portal shall provide import/dry-run/reconciliation tooling for genealogy migration.,Data Steward/Super Admin,Import cannot commit without validation summary and authorization.,MANDATORY_RELEASE_1,ACCEPTANCE_NOT_CLOSED,apps/admin/src/app,"Partially implemented queues and real dashboard; remaining account/role, cultural, import and operations consoles must be completed",0d93525ffa473617bd9cc43cbb36a00a0aa31814,MISSING,services/api/src/modules/audit/audit.service.ts,services/api/test/map-http.integration.spec.ts,"No complete production workflow or requirement-specific acceptance evidence found. Operational admin is incomplete: accounts/roles UI, branches, durable rule CMS, imports, typed settings and queue consoles remain.",
ADM-FR-014,"Authorized administrators shall inspect audit history using filters for actor, action, entity, date and correlation/request ID.",Admin,Search returns immutable audit records in scope.,MANDATORY_RELEASE_1,ACCEPTANCE_NOT_CLOSED,apps/admin/src/app,"Partially implemented queues and real dashboard; remaining account/role, cultural, import and operations consoles must be completed",0d93525ffa473617bd9cc43cbb36a00a0aa31814,PARTIALLY_COMPLETED,services/api/src/modules/audit/audit.service.ts,services/api/test/map-http.integration.spec.ts,Actor/action/entity/date/cursor filters exist; correlation/request-ID filter is absent.,
ADM-FR-015,"System configuration shall be managed through typed, permissioned settings with change history.",Super Admin,Invalid configuration is rejected; prior value is recorded.,MANDATORY_RELEASE_1,ACCEPTANCE_NOT_CLOSED,apps/admin/src/app,"Partially implemented queues and real dashboard; remaining account/role, cultural, import and operations consoles must be completed",54495384ede7b11b261e26bfa76e2cf7bcda10b7,PARTIALLY_COMPLETED,services/api/src/modules/application-settings/application-settings.service.ts;services/api/src/modules/application-settings/application-settings.catalog.ts;database/migrations/044_typed_application_settings.sql;apps/admin/src/app/settings/page.tsx;services/api/src/modules/calendar/calendar-audience.service.ts;services/api/src/modules/calendar/calendar.service.ts,services/api/test/application-settings.integration.spec.ts;e2e/application-settings.spec.ts,"Bounded integer calendar invitation/graph limits and preview TTL are durable, current phone-verified Super Admin only, version checked and audit-atomic with append-only prior values/history. Calendar workflows consume policy without cache; versions invalidate prior previews. Broader approved typed configuration catalogue and full production acceptance remain open; secrets and authority gates cannot be edited here.",
ADM-FR-016,Operational administration shall expose integration/queue/import status without exposing secrets.,Admin/Operations,Health visibility exists while credentials remain secret.,MANDATORY_RELEASE_1,ACCEPTANCE_NOT_CLOSED,apps/admin/src/app,"Partially implemented queues and real dashboard; remaining account/role, cultural, import and operations consoles must be completed",0d93525ffa473617bd9cc43cbb36a00a0aa31814,PARTIALLY_COMPLETED,services/api/src/media/media-inventory.service.ts;apps/admin/src/app/media-operations/page.tsx;services/api/src/media/orphan-cleanup.service.ts;database/migrations/027_media_write_journal.sql;services/api/src/media/legacy-media-migration.service.ts;database/migrations/028_legacy_media_migration.sql,services/api/test/media-inventory.integration.spec.ts;services/api/test/s3-media.integration.spec.ts;e2e/media-operations.spec.ts;services/api/test/media-write-journal.integration.spec.ts;services/api/test/legacy-media-migration.integration.spec.ts,"Durable write journaling, reviewed orphan cleanup and audited checksum-verified legacy migration advance media operations. Migration preserves IDs, authorization, holds and original local files (LEGACY_MEDIA_MIGRATION_REPORT.md). Real source/provider/backups acceptance, untracked reconciliation, broader integrations/retention policies and complete dashboards remain open.",
AUD-FR-001,"Material genealogy, identity, role, moderation, rule, import and configuration changes shall generate append-only audit events.",System,Required event classes are present for reference workflows.,MANDATORY_RELEASE_1,ACCEPTANCE_NOT_CLOSED,services/api/src/modules/audit; services/api/src/database/repositories/audit.repository.ts,Persistent audit metadata UI added locally; legacy hash writer concurrency/integrity and access-audit coverage require verification,0d93525ffa473617bd9cc43cbb36a00a0aa31814,PARTIALLY_COMPLETED,services/api/src/modules/audit/audit.service.ts,services/api/test/audit-chain.integration.spec.ts,Existing mutations emit intent/append-only records; unfinished rule/import/config workflows have no complete event coverage.,
AUD-FR-002,"Audit event shall capture actor, action, target, timestamp, correlation ID, decision/reason and safe before/after metadata where applicable.",System,Audit schema contains required fields.,MANDATORY_RELEASE_1,ACCEPTANCE_NOT_CLOSED,services/api/src/modules/audit; services/api/src/database/repositories/audit.repository.ts,Persistent audit metadata UI added locally; legacy hash writer concurrency/integrity and access-audit coverage require verification,0d93525ffa473617bd9cc43cbb36a00a0aa31814,PARTIALLY_COMPLETED,services/api/src/modules/audit/audit.service.ts,services/api/test/audit-chain.integration.spec.ts,Audit actor/action/target/time/reason fields exist; consistent correlation and safe before/after coverage remain.,
AUD-FR-003,Audit records shall be tamper-resistant to normal application/admin users.,System,No normal API exists to update/delete audit events.,MANDATORY_RELEASE_1,ACCEPTANCE_NOT_CLOSED,services/api/src/modules/audit; services/api/src/database/repositories/audit.repository.ts,Persistent audit metadata UI added locally; legacy hash writer concurrency/integrity and access-audit coverage require verification,0d93525ffa473617bd9cc43cbb36a00a0aa31814,COMPLETED,services/api/src/modules/audit/audit.service.ts,services/api/test/audit-chain.integration.spec.ts,Bounded behavior is implemented in the cited module with relevant regression suite context. Release-wide device/security/production approval is still open; this is not a signed acceptance closure.,
AUD-FR-004,"Evidence files shall retain provenance, checksum, access metadata and relationship to governing request/decision.",System,Evidence can be traced without exposing it broadly.,MANDATORY_RELEASE_1,ACCEPTANCE_NOT_CLOSED,services/api/src/modules/audit; services/api/src/database/repositories/audit.repository.ts,Persistent audit metadata UI added locally; legacy hash writer concurrency/integrity and access-audit coverage require verification,0d93525ffa473617bd9cc43cbb36a00a0aa31814,COMPLETED,services/api/src/modules/audit/audit.service.ts,services/api/test/audit-chain.integration.spec.ts,Bounded behavior is implemented in the cited module with relevant regression suite context. Release-wide device/security/production approval is still open; this is not a signed acceptance closure.,
AUD-FR-005,Audit/evidence access shall itself be permission-controlled and logged where required.,Admin/System,Unauthorized users cannot access audit/evidence.,MANDATORY_RELEASE_1,ACCEPTANCE_NOT_CLOSED,services/api/src/modules/audit; services/api/src/database/repositories/audit.repository.ts,Persistent audit metadata UI added locally; legacy hash writer concurrency/integrity and access-audit coverage require verification,0d93525ffa473617bd9cc43cbb36a00a0aa31814,PARTIALLY_COMPLETED,services/api/src/modules/audit/audit.service.ts,services/api/test/audit-chain.integration.spec.ts,Role-filtered audit and evidence authorization exist; audit-read access logging coverage remains.,
PRIV-FR-001,Profile and genealogy fields shall be classified by visibility/sensitivity and enforced server-side.,System,Direct API requests cannot bypass visibility.,MANDATORY_RELEASE_1,ACCEPTANCE_NOT_CLOSED,services/api/src/modules/genealogy/privacy; services/api/src/modules/profile,"Existing M4 privacy coverage; consent, retention, minors and cross-module review remain mandatory",0d93525ffa473617bd9cc43cbb36a00a0aa31814,COMPLETED,services/api/src/modules/genealogy/privacy/privacy-engine.service.ts,services/api/test/genealogy-http.integration.spec.ts,Bounded behavior is implemented in the cited module with relevant regression suite context. Release-wide device/security/production approval is still open; this is not a signed acceptance closure.,
PRIV-FR-002,Members shall manage allowed visibility for configurable personal fields within policy bounds.,Member,Saved setting changes subsequent responses.,MANDATORY_RELEASE_1,ACCEPTANCE_NOT_CLOSED,services/api/src/modules/genealogy/privacy; services/api/src/modules/profile,"Existing M4 privacy coverage; consent, retention, minors and cross-module review remain mandatory",0d93525ffa473617bd9cc43cbb36a00a0aa31814,COMPLETED,services/api/src/modules/genealogy/privacy/privacy-engine.service.ts,services/api/test/genealogy-http.integration.spec.ts,Bounded behavior is implemented in the cited module with relevant regression suite context. Release-wide device/security/production approval is still open; this is not a signed acceptance closure.,
PRIV-FR-003,The product shall provide a privacy-safe treatment for children/minors and non-user Person records.,System/Admin,Restricted fields are not broadly exposed.,MANDATORY_RELEASE_1,ACCEPTANCE_NOT_CLOSED,services/api/src/modules/genealogy/privacy; services/api/src/modules/profile,"Existing M4 privacy coverage; consent, retention, minors and cross-module review remain mandatory",0d93525ffa473617bd9cc43cbb36a00a0aa31814,COMPLETED,services/api/src/modules/genealogy/privacy/privacy-engine.service.ts,services/api/test/genealogy-http.integration.spec.ts,Bounded behavior is implemented in the cited module with relevant regression suite context. Release-wide device/security/production approval is still open; this is not a signed acceptance closure.,
PRIV-FR-004,Precise household/location data shall require explicit authorized collection and controlled visibility.,Member/System,Location is not collected merely to browse the application.,MANDATORY_RELEASE_1,ACCEPTANCE_NOT_CLOSED,services/api/src/modules/genealogy/privacy; services/api/src/modules/profile,"Existing M4 privacy coverage; consent, retention, minors and cross-module review remain mandatory",0d93525ffa473617bd9cc43cbb36a00a0aa31814,COMPLETED,services/api/src/modules/genealogy/privacy/privacy-engine.service.ts,services/api/test/genealogy-http.integration.spec.ts,Bounded behavior is implemented in the cited module with relevant regression suite context. Release-wide device/security/production approval is still open; this is not a signed acceptance closure.,
PRIV-FR-005,"Members shall be able to request correction, deactivation/de-linking and account deletion handling according to governing data policy while preserving necessary genealogy/audit integrity.",Member/Admin,Account action does not improperly erase shared historical genealogy.,MANDATORY_RELEASE_1,ACCEPTANCE_NOT_CLOSED,services/api/src/modules/genealogy/privacy; services/api/src/modules/profile,"Existing M4 privacy coverage; consent, retention, minors and cross-module review remain mandatory",0d93525ffa473617bd9cc43cbb36a00a0aa31814,COMPLETED,services/api/src/modules/genealogy/privacy/privacy-engine.service.ts,services/api/test/genealogy-http.integration.spec.ts,Bounded behavior is implemented in the cited module with relevant regression suite context. Release-wide device/security/production approval is still open; this is not a signed acceptance closure.,
PRIV-FR-006,Consent/policy acknowledgements required by the product shall be versioned with user acceptance timestamp.,System,Current acceptance can be proven.,MANDATORY_RELEASE_1,ACCEPTANCE_NOT_CLOSED,services/api/src/modules/genealogy/privacy; services/api/src/modules/profile,"Existing M4 privacy coverage; consent, retention, minors and cross-module review remain mandatory",0d93525ffa473617bd9cc43cbb36a00a0aa31814,PARTIALLY_COMPLETED,services/api/src/modules/genealogy/privacy/privacy-engine.service.ts,services/api/test/genealogy-http.integration.spec.ts,Policy/consent schema exists; versioned user acknowledgement/acceptance flow needs implementation and proof.,
PRIV-FR-007,"Data exports or administrative reports containing personal information shall be role-limited, minimized and auditable.",Admin,Export cannot exceed role scope.,MANDATORY_RELEASE_1,ACCEPTANCE_NOT_CLOSED,services/api/src/modules/genealogy/privacy; services/api/src/modules/profile,"Existing M4 privacy coverage; consent, retention, minors and cross-module review remain mandatory",0d93525ffa473617bd9cc43cbb36a00a0aa31814,COMPLETED,services/api/src/modules/genealogy/privacy/privacy-engine.service.ts,services/api/test/genealogy-http.integration.spec.ts,Bounded behavior is implemented in the cited module with relevant regression suite context. Release-wide device/security/production approval is still open; this is not a signed acceptance closure.,
PRIV-FR-008,Privacy settings shall be understandable in Nepali and English with safe defaults.,Member,New account starts with approved default visibility configuration.,MANDATORY_RELEASE_1,ACCEPTANCE_NOT_CLOSED,services/api/src/modules/genealogy/privacy; services/api/src/modules/profile,"Existing M4 privacy coverage; consent, retention, minors and cross-module review remain mandatory",0d93525ffa473617bd9cc43cbb36a00a0aa31814,PARTIALLY_COMPLETED,services/api/src/modules/genealogy/privacy/privacy-engine.service.ts,services/api/test/genealogy-http.integration.spec.ts,Safe default server filtering exists; complete Nepali/English privacy explanation UX remains.,
I18N-FR-001,Member application shall support Nepali and English throughout Release 1.0 core and extended modules.,Member,No production feature is inaccessible solely because selected language is Nepali/English.,MANDATORY_RELEASE_1,ACCEPTANCE_NOT_CLOSED,packages/localization; apps/mobile/lib; apps/admin/src,"Bilingual inline labels exist; full key externalization, locale switch and accessibility verification outstanding",0d93525ffa473617bd9cc43cbb36a00a0aa31814,PARTIALLY_COMPLETED,services/api/src/modules/genealogy/genealogy.service.ts,services/api/test/localization.spec.ts,Both languages appear in core screens; complete translation of newer modules remains.,
I18N-FR-002,UI text shall be externalized from code and managed with stable localization keys.,Engineering,Language text can be updated without changing business logic.,MANDATORY_RELEASE_1,ACCEPTANCE_NOT_CLOSED,packages/localization; apps/mobile/lib; apps/admin/src,"Bilingual inline labels exist; full key externalization, locale switch and accessibility verification outstanding",0d93525ffa473617bd9cc43cbb36a00a0aa31814,PARTIALLY_COMPLETED,services/api/src/modules/genealogy/genealogy.service.ts,services/api/test/localization.spec.ts,Shared stable localization keys exist; many newer admin/mobile strings remain hard-coded.,
I18N-FR-003,Names shall preserve original script while supporting aliases/transliteration for search and display.,System,Original Person name is never replaced by a generated transliteration.,MANDATORY_RELEASE_1,ACCEPTANCE_NOT_CLOSED,packages/localization; apps/mobile/lib; apps/admin/src,"Bilingual inline labels exist; full key externalization, locale switch and accessibility verification outstanding",0d93525ffa473617bd9cc43cbb36a00a0aa31814,COMPLETED,services/api/src/modules/genealogy/genealogy.service.ts,services/api/test/localization.spec.ts,Bounded behavior is implemented in the cited module with relevant regression suite context. Release-wide device/security/production approval is still open; this is not a signed acceptance closure.,
I18N-FR-004,"Date, time, number and calendar formatting shall follow selected locale and domain context.",System,Approved locale examples render correctly.,MANDATORY_RELEASE_1,ACCEPTANCE_NOT_CLOSED,packages/localization; apps/mobile/lib; apps/admin/src,"Bilingual inline labels exist; full key externalization, locale switch and accessibility verification outstanding",0d93525ffa473617bd9cc43cbb36a00a0aa31814,PARTIALLY_COMPLETED,services/api/src/modules/genealogy/genealogy.service.ts,services/api/test/localization.spec.ts,BS/date helpers exist; complete locale-consistent dates/times/numbers needs QA.,
I18N-FR-005,Mobile and admin experiences shall meet the accessibility requirements defined in the NFR section.,Engineering/QA,Accessibility acceptance tests pass.,MANDATORY_RELEASE_1,ACCEPTANCE_NOT_CLOSED,packages/localization; apps/mobile/lib; apps/admin/src,"Bilingual inline labels exist; full key externalization, locale switch and accessibility verification outstanding",0d93525ffa473617bd9cc43cbb36a00a0aa31814,PARTIALLY_COMPLETED,services/api/src/modules/genealogy/genealogy.service.ts,services/api/test/localization.spec.ts,No full WCAG 2.2 AA/mobile accessibility evidence found.,
MEDIA-FR-001,"Media uploads shall use authenticated, short-lived upload authorization and private-by-default storage.",System,Unauthorized object cannot be uploaded/read.,MANDATORY_RELEASE_1,ACCEPTANCE_NOT_CLOSED,services/api/src/modules/media; services/api/src/modules/profile,"Real ClamAV CI 35514467567 passed. Complete S3-compatible storage, derivatives, EXIF removal and owning-entity lifecycle acceptance outstanding",0d93525ffa473617bd9cc43cbb36a00a0aa31814,PARTIALLY_COMPLETED,services/api/src/modules/profile/profile.service.ts,services/api/test/m4-media-http.integration.spec.ts,Authenticated upload and private signed read exist; short-lived upload authorization/object storage lifecycle is incomplete.,
MEDIA-FR-002,"Server shall validate allowed file type, content type, extension, size and checksum.",System,Invalid file is rejected.,MANDATORY_RELEASE_1,ACCEPTANCE_NOT_CLOSED,services/api/src/modules/media; services/api/src/modules/profile,"Real ClamAV CI 35514467567 passed. Complete S3-compatible storage, derivatives, EXIF removal and owning-entity lifecycle acceptance outstanding",0d93525ffa473617bd9cc43cbb36a00a0aa31814,COMPLETED,services/api/src/modules/profile/profile.service.ts,services/api/test/m4-media-http.integration.spec.ts,Bounded behavior is implemented in the cited module with relevant regression suite context. Release-wide device/security/production approval is still open; this is not a signed acceptance closure.,
MEDIA-FR-003,Uploaded files shall be scanned/validated before public/community/message availability according to security policy.,System,Unsafe file remains quarantined or rejected.,MANDATORY_RELEASE_1,ACCEPTANCE_NOT_CLOSED,services/api/src/modules/media; services/api/src/modules/profile,"Real ClamAV CI 35514467567 passed. Complete S3-compatible storage, derivatives, EXIF removal and owning-entity lifecycle acceptance outstanding",0d93525ffa473617bd9cc43cbb36a00a0aa31814,COMPLETED,services/api/src/modules/profile/profile.service.ts,services/api/test/m4-media-http.integration.spec.ts,Bounded behavior is implemented in the cited module with relevant regression suite context. Release-wide device/security/production approval is still open; this is not a signed acceptance closure.,
MEDIA-FR-004,Images shall support safe derivative generation (thumbnail/display size) without overwriting source.,System,Original and derivative provenance is retained.,MANDATORY_RELEASE_1,ACCEPTANCE_NOT_CLOSED,services/api/src/modules/media; services/api/src/modules/profile,"Real ClamAV CI 35514467567 passed. Complete S3-compatible storage, derivatives, EXIF removal and owning-entity lifecycle acceptance outstanding",0d93525ffa473617bd9cc43cbb36a00a0aa31814,PARTIALLY_COMPLETED,services/api/src/media/image-derivatives.service.ts;services/api/src/media/image-processor.service.ts,services/api/test/image-processor.spec.ts;services/api/test/image-derivatives.integration.spec.ts;services/api/test/s3-media.integration.spec.ts,"Private thumbnail/display generation preserves originals, strips derivative metadata, stores provenance and retries durably. Profile/chat paths are integrated; community/gallery and broader codec/load/security acceptance remain mandatory.",
MEDIA-FR-005,Media access shall use authorization or time-limited delivery URLs appropriate to visibility.,System,Copying a private object URL does not grant indefinite access.,MANDATORY_RELEASE_1,ACCEPTANCE_NOT_CLOSED,services/api/src/modules/media; services/api/src/modules/profile,"Real ClamAV CI 35514467567 passed. Complete S3-compatible storage, derivatives, EXIF removal and owning-entity lifecycle acceptance outstanding",0d93525ffa473617bd9cc43cbb36a00a0aa31814,COMPLETED,services/api/src/modules/profile/profile.service.ts,services/api/test/m4-media-http.integration.spec.ts,Bounded behavior is implemented in the cited module with relevant regression suite context. Release-wide device/security/production approval is still open; this is not a signed acceptance closure.,
MEDIA-FR-006,Retention/deletion of media shall follow owning entity’s retention policy and legal/audit constraints.,System,Lifecycle job behavior matches documented policy.,MANDATORY_RELEASE_1,ACCEPTANCE_NOT_CLOSED,services/api/src/modules/media; services/api/src/modules/profile,"Real ClamAV CI 35514467567 passed. Complete S3-compatible storage, derivatives, EXIF removal and owning-entity lifecycle acceptance outstanding",0d93525ffa473617bd9cc43cbb36a00a0aa31814,PARTIALLY_COMPLETED,services/api/src/modules/profile/profile.service.ts;database/migrations/025_private_image_derivatives.sql;services/api/src/media/media-inventory.service.ts;services/api/src/media/orphan-cleanup.service.ts;database/migrations/027_media_write_journal.sql;services/api/src/media/legacy-media-migration.service.ts;database/migrations/028_legacy_media_migration.sql,services/api/test/image-derivatives.integration.spec.ts;services/api/test/s3-media.integration.spec.ts;services/api/test/media-inventory.integration.spec.ts;services/api/test/media-write-journal.integration.spec.ts;services/api/test/legacy-media-migration.integration.spec.ts,"Durable write journaling, reviewed orphan cleanup and audited checksum-verified legacy migration advance media operations. Migration preserves IDs, authorization, holds and original local files (LEGACY_MEDIA_MIGRATION_REPORT.md). Real source/provider/backups acceptance, untracked reconciliation, broader integrations/retention policies and complete dashboards remain open.",
NFR-PERF-001,API latency,"Normal cached/simple read endpoints p95 <= 500 ms at target load, excluding third-party latency.",Load test/APM,MANDATORY_RELEASE_1,ACCEPTANCE_NOT_CLOSED,Cross-cutting platform,"Production load, security, iOS/device compatibility, accessibility, operations, restore and cost evidence remain release gates",0d93525ffa473617bd9cc43cbb36a00a0aa31814,MISSING,services/api/src/modules/audit/audit.service.ts,services/api/test/audit-chain.integration.spec.ts,"Frozen target: Normal cached/simple read endpoints p95 <= 500 ms at target load, excluding third-party latency.. No complete production workflow or requirement-specific acceptance evidence found. Requirement-specific production/quality evidence remains; functional CI alone does not satisfy this NFR.","Normal cached/simple read endpoints p95 <= 500 ms at target load, excluding third-party latency."
NFR-PERF-002,API latency,"Normal transactional writes p95 <= 800 ms at target load, excluding OTP/map/calendar providers.",Load test/APM,MANDATORY_RELEASE_1,ACCEPTANCE_NOT_CLOSED,Cross-cutting platform,"Production load, security, iOS/device compatibility, accessibility, operations, restore and cost evidence remain release gates",0d93525ffa473617bd9cc43cbb36a00a0aa31814,MISSING,services/api/src/modules/audit/audit.service.ts,services/api/test/audit-chain.integration.spec.ts,"Frozen target: Normal transactional writes p95 <= 800 ms at target load, excluding OTP/map/calendar providers.. No complete production workflow or requirement-specific acceptance evidence found. Requirement-specific production/quality evidence remains; functional CI alone does not satisfy this NFR.","Normal transactional writes p95 <= 800 ms at target load, excluding OTP/map/calendar providers."
NFR-PERF-003,Search,Person search first page p95 <= 1.0 s for production-scale test dataset.,Load test,MANDATORY_RELEASE_1,ACCEPTANCE_NOT_CLOSED,Cross-cutting platform,"Production load, security, iOS/device compatibility, accessibility, operations, restore and cost evidence remain release gates",0d93525ffa473617bd9cc43cbb36a00a0aa31814,MISSING,services/api/src/modules/audit/audit.service.ts,services/api/test/audit-chain.integration.spec.ts,Frozen target: Person search first page p95 <= 1.0 s for production-scale test dataset.. No complete production workflow or requirement-specific acceptance evidence found. Requirement-specific production/quality evidence remains; functional CI alone does not satisfy this NFR.,Person search first page p95 <= 1.0 s for production-scale test dataset.
NFR-PERF-004,Family tree,Initial visible tree context p95 <= 2.0 s on supported network profile; deeper graph loads incrementally.,Mobile/API test,MANDATORY_RELEASE_1,ACCEPTANCE_NOT_CLOSED,Cross-cutting platform,"Production load, security, iOS/device compatibility, accessibility, operations, restore and cost evidence remain release gates",0d93525ffa473617bd9cc43cbb36a00a0aa31814,MISSING,services/api/src/modules/audit/audit.service.ts,services/api/test/audit-chain.integration.spec.ts,Frozen target: Initial visible tree context p95 <= 2.0 s on supported network profile; deeper graph loads incrementally.. No complete production workflow or requirement-specific acceptance evidence found. Requirement-specific production/quality evidence remains; functional CI alone does not satisfy this NFR.,Initial visible tree context p95 <= 2.0 s on supported network profile; deeper graph loads incrementally.
NFR-PERF-005,Messaging,Connected message send-to-receive p95 <= 2 s under target real-time load.,Real-time load test,MANDATORY_RELEASE_1,ACCEPTANCE_NOT_CLOSED,Cross-cutting platform,"Production load, security, iOS/device compatibility, accessibility, operations, restore and cost evidence remain release gates",0d93525ffa473617bd9cc43cbb36a00a0aa31814,MISSING,services/api/src/modules/audit/audit.service.ts,services/api/test/audit-chain.integration.spec.ts,Frozen target: Connected message send-to-receive p95 <= 2 s under target real-time load.. No complete production workflow or requirement-specific acceptance evidence found. Requirement-specific production/quality evidence remains; functional CI alone does not satisfy this NFR.,Connected message send-to-receive p95 <= 2 s under target real-time load.
NFR-SCALE-001,Scale,"Architecture shall support at least 1,000,000 Person records without redesign of the core domain model.",Scale test/review,MANDATORY_RELEASE_1,ACCEPTANCE_NOT_CLOSED,Cross-cutting platform,"Production load, security, iOS/device compatibility, accessibility, operations, restore and cost evidence remain release gates",0d93525ffa473617bd9cc43cbb36a00a0aa31814,MISSING,services/api/src/modules/audit/audit.service.ts,services/api/test/audit-chain.integration.spec.ts,"Frozen target: Architecture shall support at least 1,000,000 Person records without redesign of the core domain model.. No complete production workflow or requirement-specific acceptance evidence found. Requirement-specific production/quality evidence remains; functional CI alone does not satisfy this NFR.","Architecture shall support at least 1,000,000 Person records without redesign of the core domain model."
NFR-SCALE-002,Scale,"Architecture baseline shall support at least 100,000 registered users and 10,000 concurrent real-time connections with horizontal scaling.",Capacity test/review,MANDATORY_RELEASE_1,ACCEPTANCE_NOT_CLOSED,Cross-cutting platform,"Production load, security, iOS/device compatibility, accessibility, operations, restore and cost evidence remain release gates",0d93525ffa473617bd9cc43cbb36a00a0aa31814,MISSING,services/api/src/modules/audit/audit.service.ts,services/api/test/audit-chain.integration.spec.ts,"Frozen target: Architecture baseline shall support at least 100,000 registered users and 10,000 concurrent real-time connections with horizontal scaling.. No complete production workflow or requirement-specific acceptance evidence found. Requirement-specific production/quality evidence remains; functional CI alone does not satisfy this NFR.","Architecture baseline shall support at least 100,000 registered users and 10,000 concurrent real-time connections with horizontal scaling."
NFR-AVL-001,Availability,Core production APIs target >= 99.9% monthly availability excluding approved maintenance windows.,Monitoring/SLO report,MANDATORY_RELEASE_1,ACCEPTANCE_NOT_CLOSED,Cross-cutting platform,"Production load, security, iOS/device compatibility, accessibility, operations, restore and cost evidence remain release gates",0d93525ffa473617bd9cc43cbb36a00a0aa31814,EXTERNAL_GATE,services/api/src/modules/audit/audit.service.ts,services/api/test/audit-chain.integration.spec.ts,Frozen target: Core production APIs target >= 99.9% monthly availability excluding approved maintenance windows.. External authority/provider/production acceptance is required. Requirement-specific production/quality evidence remains; functional CI alone does not satisfy this NFR.,Core production APIs target >= 99.9% monthly availability excluding approved maintenance windows.
NFR-REL-001,Reliability,Business mutations shall be transactional/idempotent where retries can occur.,Integration tests,MANDATORY_RELEASE_1,ACCEPTANCE_NOT_CLOSED,Cross-cutting platform,"Production load, security, iOS/device compatibility, accessibility, operations, restore and cost evidence remain release gates",0d93525ffa473617bd9cc43cbb36a00a0aa31814,PARTIALLY_COMPLETED,services/api/src/modules/audit/audit.service.ts,services/api/test/audit-chain.integration.spec.ts,Frozen target: Business mutations shall be transactional/idempotent where retries can occur.. Requirement-specific production/quality evidence remains; functional CI alone does not satisfy this NFR.,Business mutations shall be transactional/idempotent where retries can occur.
NFR-REL-002,Reliability,Notification/integration failures shall not corrupt committed genealogy/business data.,Fault-injection tests,MANDATORY_RELEASE_1,ACCEPTANCE_NOT_CLOSED,Cross-cutting platform,"Production load, security, iOS/device compatibility, accessibility, operations, restore and cost evidence remain release gates",0d93525ffa473617bd9cc43cbb36a00a0aa31814,PARTIALLY_COMPLETED,services/api/src/modules/audit/audit.service.ts,services/api/test/audit-chain.integration.spec.ts,Frozen target: Notification/integration failures shall not corrupt committed genealogy/business data.. Requirement-specific production/quality evidence remains; functional CI alone does not satisfy this NFR.,Notification/integration failures shall not corrupt committed genealogy/business data.
NFR-DATA-001,Integrity,"Genealogy invariants, FK/unique constraints and application validation shall prevent invalid trusted graph states.",DB/integration tests,MANDATORY_RELEASE_1,ACCEPTANCE_NOT_CLOSED,Cross-cutting platform,"Production load, security, iOS/device compatibility, accessibility, operations, restore and cost evidence remain release gates",0d93525ffa473617bd9cc43cbb36a00a0aa31814,PARTIALLY_COMPLETED,services/api/src/modules/audit/audit.service.ts,services/api/test/audit-chain.integration.spec.ts,"Frozen target: Genealogy invariants, FK/unique constraints and application validation shall prevent invalid trusted graph states.. Requirement-specific production/quality evidence remains; functional CI alone does not satisfy this NFR.","Genealogy invariants, FK/unique constraints and application validation shall prevent invalid trusted graph states."
NFR-DATA-002,Durability,"Approved genealogy, audit and identity records shall use durable managed database storage with backup/PITR.",Operations review,MANDATORY_RELEASE_1,ACCEPTANCE_NOT_CLOSED,Cross-cutting platform,"Production load, security, iOS/device compatibility, accessibility, operations, restore and cost evidence remain release gates",0d93525ffa473617bd9cc43cbb36a00a0aa31814,EXTERNAL_GATE,services/api/src/modules/audit/audit.service.ts,services/api/test/audit-chain.integration.spec.ts,"Frozen target: Approved genealogy, audit and identity records shall use durable managed database storage with backup/PITR.. External authority/provider/production acceptance is required. Requirement-specific production/quality evidence remains; functional CI alone does not satisfy this NFR.","Approved genealogy, audit and identity records shall use durable managed database storage with backup/PITR."
NFR-SEC-001,Transport,External and service-to-service sensitive traffic shall use TLS 1.2+ with TLS 1.3 preferred where supported.,Security scan/config review,MANDATORY_RELEASE_1,ACCEPTANCE_NOT_CLOSED,Cross-cutting platform,"Production load, security, iOS/device compatibility, accessibility, operations, restore and cost evidence remain release gates",0d93525ffa473617bd9cc43cbb36a00a0aa31814,EXTERNAL_GATE,services/api/src/modules/audit/audit.service.ts,services/api/test/audit-chain.integration.spec.ts,Frozen target: External and service-to-service sensitive traffic shall use TLS 1.2+ with TLS 1.3 preferred where supported.. External authority/provider/production acceptance is required. Requirement-specific production/quality evidence remains; functional CI alone does not satisfy this NFR.,External and service-to-service sensitive traffic shall use TLS 1.2+ with TLS 1.3 preferred where supported.
NFR-SEC-002,Secrets,Secrets shall be stored in managed secret storage; never committed to source control/mobile bundle.,CI scan/review,MANDATORY_RELEASE_1,ACCEPTANCE_NOT_CLOSED,Cross-cutting platform,"Production load, security, iOS/device compatibility, accessibility, operations, restore and cost evidence remain release gates",0d93525ffa473617bd9cc43cbb36a00a0aa31814,EXTERNAL_GATE,services/api/src/modules/audit/audit.service.ts,services/api/test/audit-chain.integration.spec.ts,Frozen target: Secrets shall be stored in managed secret storage; never committed to source control/mobile bundle.. External authority/provider/production acceptance is required. Requirement-specific production/quality evidence remains; functional CI alone does not satisfy this NFR.,Secrets shall be stored in managed secret storage; never committed to source control/mobile bundle.
NFR-SEC-003,Mobile tokens,Refresh/auth secrets shall use Android Keystore/iOS Keychain-backed secure storage.,Mobile security test,MANDATORY_RELEASE_1,ACCEPTANCE_NOT_CLOSED,Cross-cutting platform,"Production load, security, iOS/device compatibility, accessibility, operations, restore and cost evidence remain release gates",0d93525ffa473617bd9cc43cbb36a00a0aa31814,PARTIALLY_COMPLETED,services/api/src/modules/audit/audit.service.ts,services/api/test/audit-chain.integration.spec.ts,Frozen target: Refresh/auth secrets shall use Android Keystore/iOS Keychain-backed secure storage.. Requirement-specific production/quality evidence remains; functional CI alone does not satisfy this NFR.,Refresh/auth secrets shall use Android Keystore/iOS Keychain-backed secure storage.
NFR-SEC-004,Web security,"Admin portal/API shall implement OWASP-aligned controls for authentication, authorization, input validation, CSRF/XSS/SSRF/SQLi and secure headers.",SAST/DAST/penetration test,MANDATORY_RELEASE_1,ACCEPTANCE_NOT_CLOSED,Cross-cutting platform,"Production load, security, iOS/device compatibility, accessibility, operations, restore and cost evidence remain release gates",0d93525ffa473617bd9cc43cbb36a00a0aa31814,PARTIALLY_COMPLETED,services/api/src/modules/audit/audit.service.ts,services/api/test/audit-chain.integration.spec.ts,"Frozen target: Admin portal/API shall implement OWASP-aligned controls for authentication, authorization, input validation, CSRF/XSS/SSRF/SQLi and secure headers.. Requirement-specific production/quality evidence remains; functional CI alone does not satisfy this NFR.","Admin portal/API shall implement OWASP-aligned controls for authentication, authorization, input validation, CSRF/XSS/SSRF/SQLi and secure headers."
NFR-SEC-005,Abuse,"OTP, search, messaging, posts, invitations and sensitive admin endpoints shall be rate-limited.",Security/integration test,MANDATORY_RELEASE_1,ACCEPTANCE_NOT_CLOSED,Cross-cutting platform,"Production load, security, iOS/device compatibility, accessibility, operations, restore and cost evidence remain release gates",0d93525ffa473617bd9cc43cbb36a00a0aa31814,PARTIALLY_COMPLETED,services/api/src/modules/audit/audit.service.ts,services/api/test/audit-chain.integration.spec.ts,"Frozen target: OTP, search, messaging, posts, invitations and sensitive admin endpoints shall be rate-limited.. Requirement-specific production/quality evidence remains; functional CI alone does not satisfy this NFR.","OTP, search, messaging, posts, invitations and sensitive admin endpoints shall be rate-limited."
NFR-PRIV-001,Privacy,APIs shall minimize returned personal data and enforce field-level/relationship-aware visibility server-side.,Privacy test,MANDATORY_RELEASE_1,ACCEPTANCE_NOT_CLOSED,Cross-cutting platform,"Production load, security, iOS/device compatibility, accessibility, operations, restore and cost evidence remain release gates",0d93525ffa473617bd9cc43cbb36a00a0aa31814,PARTIALLY_COMPLETED,services/api/src/modules/audit/audit.service.ts,services/api/test/audit-chain.integration.spec.ts,Frozen target: APIs shall minimize returned personal data and enforce field-level/relationship-aware visibility server-side.. Requirement-specific production/quality evidence remains; functional CI alone does not satisfy this NFR.,APIs shall minimize returned personal data and enforce field-level/relationship-aware visibility server-side.
NFR-PRIV-002,Privacy,"Logs/telemetry shall not contain OTPs, access tokens, raw passwords/secrets or unnecessary sensitive personal data.",Log audit,MANDATORY_RELEASE_1,ACCEPTANCE_NOT_CLOSED,Cross-cutting platform,"Production load, security, iOS/device compatibility, accessibility, operations, restore and cost evidence remain release gates",0d93525ffa473617bd9cc43cbb36a00a0aa31814,PARTIALLY_COMPLETED,services/api/src/modules/audit/audit.service.ts,services/api/test/audit-chain.integration.spec.ts,"Frozen target: Logs/telemetry shall not contain OTPs, access tokens, raw passwords/secrets or unnecessary sensitive personal data.. Requirement-specific production/quality evidence remains; functional CI alone does not satisfy this NFR.","Logs/telemetry shall not contain OTPs, access tokens, raw passwords/secrets or unnecessary sensitive personal data."
NFR-A11Y-001,Accessibility,"Admin web shall target WCAG 2.2 AA; mobile shall implement platform accessibility semantics, scalable text and adequate touch targets.",Automated/manual a11y test,MANDATORY_RELEASE_1,ACCEPTANCE_NOT_CLOSED,Cross-cutting platform,"Production load, security, iOS/device compatibility, accessibility, operations, restore and cost evidence remain release gates",0d93525ffa473617bd9cc43cbb36a00a0aa31814,MISSING,services/api/src/modules/audit/audit.service.ts,services/api/test/audit-chain.integration.spec.ts,"Frozen target: Admin web shall target WCAG 2.2 AA; mobile shall implement platform accessibility semantics, scalable text and adequate touch targets.. No complete production workflow or requirement-specific acceptance evidence found. Requirement-specific production/quality evidence remains; functional CI alone does not satisfy this NFR.","Admin web shall target WCAG 2.2 AA; mobile shall implement platform accessibility semantics, scalable text and adequate touch targets."
NFR-I18N-001,Localization,"Nepali and English shall be production-complete, Unicode-safe and regression tested.",Localization QA,MANDATORY_RELEASE_1,ACCEPTANCE_NOT_CLOSED,Cross-cutting platform,"Production load, security, iOS/device compatibility, accessibility, operations, restore and cost evidence remain release gates",0d93525ffa473617bd9cc43cbb36a00a0aa31814,PARTIALLY_COMPLETED,services/api/src/modules/audit/audit.service.ts,services/api/test/audit-chain.integration.spec.ts,"Frozen target: Nepali and English shall be production-complete, Unicode-safe and regression tested.. Requirement-specific production/quality evidence remains; functional CI alone does not satisfy this NFR.","Nepali and English shall be production-complete, Unicode-safe and regression tested."
NFR-COMP-001,Mobile compatibility,Support policy shall cover current mainstream Android/iOS versions selected before implementation and documented in release matrix.,Device matrix,MANDATORY_RELEASE_1,ACCEPTANCE_NOT_CLOSED,Cross-cutting platform,"Production load, security, iOS/device compatibility, accessibility, operations, restore and cost evidence remain release gates",0d93525ffa473617bd9cc43cbb36a00a0aa31814,PARTIALLY_COMPLETED,services/api/src/modules/audit/audit.service.ts,services/api/test/audit-chain.integration.spec.ts,Frozen target: Support policy shall cover current mainstream Android/iOS versions selected before implementation and documented in release matrix.. Requirement-specific production/quality evidence remains; functional CI alone does not satisfy this NFR.,Support policy shall cover current mainstream Android/iOS versions selected before implementation and documented in release matrix.
NFR-OBS-001,Observability,"Every production request/job shall have correlation/trace identifiers with structured logs, metrics and error reporting.",Operations review,MANDATORY_RELEASE_1,ACCEPTANCE_NOT_CLOSED,Cross-cutting platform,"Production load, security, iOS/device compatibility, accessibility, operations, restore and cost evidence remain release gates",0d93525ffa473617bd9cc43cbb36a00a0aa31814,PARTIALLY_COMPLETED,services/api/src/modules/audit/audit.service.ts,services/api/test/audit-chain.integration.spec.ts,"Frozen target: Every production request/job shall have correlation/trace identifiers with structured logs, metrics and error reporting.. Requirement-specific production/quality evidence remains; functional CI alone does not satisfy this NFR.","Every production request/job shall have correlation/trace identifiers with structured logs, metrics and error reporting."
NFR-OBS-002,Alerting,"Availability, error rate, queue lag, DB saturation, integration failures and backup failures shall alert operations.",Alert drill,MANDATORY_RELEASE_1,ACCEPTANCE_NOT_CLOSED,Cross-cutting platform,"Production load, security, iOS/device compatibility, accessibility, operations, restore and cost evidence remain release gates",0d93525ffa473617bd9cc43cbb36a00a0aa31814,MISSING,services/api/src/modules/audit/audit.service.ts,services/api/test/audit-chain.integration.spec.ts,"Frozen target: Availability, error rate, queue lag, DB saturation, integration failures and backup failures shall alert operations.. No complete production workflow or requirement-specific acceptance evidence found. Requirement-specific production/quality evidence remains; functional CI alone does not satisfy this NFR.","Availability, error rate, queue lag, DB saturation, integration failures and backup failures shall alert operations."
NFR-DR-001,RPO,Target Recovery Point Objective for critical database data <= 15 minutes.,DR test,MANDATORY_RELEASE_1,ACCEPTANCE_NOT_CLOSED,Cross-cutting platform,"Production load, security, iOS/device compatibility, accessibility, operations, restore and cost evidence remain release gates",0d93525ffa473617bd9cc43cbb36a00a0aa31814,MISSING,services/api/src/modules/audit/audit.service.ts,services/api/test/audit-chain.integration.spec.ts,Frozen target: Target Recovery Point Objective for critical database data <= 15 minutes.. No complete production workflow or requirement-specific acceptance evidence found. Requirement-specific production/quality evidence remains; functional CI alone does not satisfy this NFR.,Target Recovery Point Objective for critical database data <= 15 minutes.
NFR-DR-002,RTO,Target Recovery Time Objective for critical service <= 4 hours.,DR test,MANDATORY_RELEASE_1,ACCEPTANCE_NOT_CLOSED,Cross-cutting platform,"Production load, security, iOS/device compatibility, accessibility, operations, restore and cost evidence remain release gates",0d93525ffa473617bd9cc43cbb36a00a0aa31814,MISSING,services/api/src/modules/audit/audit.service.ts,services/api/test/audit-chain.integration.spec.ts,Frozen target: Target Recovery Time Objective for critical service <= 4 hours.. No complete production workflow or requirement-specific acceptance evidence found. Requirement-specific production/quality evidence remains; functional CI alone does not satisfy this NFR.,Target Recovery Time Objective for critical service <= 4 hours.
NFR-DR-003,Restore,A production-like restore rehearsal shall be completed at least quarterly after launch.,Restore report,MANDATORY_RELEASE_1,ACCEPTANCE_NOT_CLOSED,Cross-cutting platform,"Production load, security, iOS/device compatibility, accessibility, operations, restore and cost evidence remain release gates",0d93525ffa473617bd9cc43cbb36a00a0aa31814,MISSING,services/api/src/modules/audit/audit.service.ts,services/api/test/audit-chain.integration.spec.ts,Frozen target: A production-like restore rehearsal shall be completed at least quarterly after launch.. No complete production workflow or requirement-specific acceptance evidence found. Requirement-specific production/quality evidence remains; functional CI alone does not satisfy this NFR.,A production-like restore rehearsal shall be completed at least quarterly after launch.
NFR-MAINT-001,Maintainability,"Automated linting, unit/integration tests, API contract checks and migration checks shall gate merges.",CI evidence,MANDATORY_RELEASE_1,ACCEPTANCE_NOT_CLOSED,Cross-cutting platform,"Production load, security, iOS/device compatibility, accessibility, operations, restore and cost evidence remain release gates",0d93525ffa473617bd9cc43cbb36a00a0aa31814,PARTIALLY_COMPLETED,services/api/src/modules/audit/audit.service.ts,services/api/test/audit-chain.integration.spec.ts,"Frozen target: Automated linting, unit/integration tests, API contract checks and migration checks shall gate merges.. Requirement-specific production/quality evidence remains; functional CI alone does not satisfy this NFR.","Automated linting, unit/integration tests, API contract checks and migration checks shall gate merges."
NFR-PORT-001,Portability,Services shall be containerized or packaged in reproducible deployable units with infrastructure as code.,Deployment review,MANDATORY_RELEASE_1,ACCEPTANCE_NOT_CLOSED,Cross-cutting platform,"Production load, security, iOS/device compatibility, accessibility, operations, restore and cost evidence remain release gates",0d93525ffa473617bd9cc43cbb36a00a0aa31814,PARTIALLY_COMPLETED,services/api/src/modules/audit/audit.service.ts,services/api/test/audit-chain.integration.spec.ts,Frozen target: Services shall be containerized or packaged in reproducible deployable units with infrastructure as code.. Requirement-specific production/quality evidence remains; functional CI alone does not satisfy this NFR.,Services shall be containerized or packaged in reproducible deployable units with infrastructure as code.
NFR-NET-001,Weak connectivity,"Mobile shall degrade gracefully on slow/intermittent networks: cached safe reads where feasible, retry state, explicit sync/error feedback.",Network-condition tests,MANDATORY_RELEASE_1,ACCEPTANCE_NOT_CLOSED,Cross-cutting platform,"Production load, security, iOS/device compatibility, accessibility, operations, restore and cost evidence remain release gates",0d93525ffa473617bd9cc43cbb36a00a0aa31814,PARTIALLY_COMPLETED,services/api/src/modules/audit/audit.service.ts,services/api/test/audit-chain.integration.spec.ts,"Frozen target: Mobile shall degrade gracefully on slow/intermittent networks: cached safe reads where feasible, retry state, explicit sync/error feedback.. Requirement-specific production/quality evidence remains; functional CI alone does not satisfy this NFR.","Mobile shall degrade gracefully on slow/intermittent networks: cached safe reads where feasible, retry state, explicit sync/error feedback."
NFR-COST-001,Cost control,"Storage, notifications, maps, OTP and compute usage shall expose measurable consumption and budget alerts.",Cloud billing/alerts,MANDATORY_RELEASE_1,ACCEPTANCE_NOT_CLOSED,Cross-cutting platform,"Production load, security, iOS/device compatibility, accessibility, operations, restore and cost evidence remain release gates",0d93525ffa473617bd9cc43cbb36a00a0aa31814,MISSING,services/api/src/modules/audit/audit.service.ts,services/api/test/audit-chain.integration.spec.ts,"Frozen target: Storage, notifications, maps, OTP and compute usage shall expose measurable consumption and budget alerts.. No complete production workflow or requirement-specific acceptance evidence found. Requirement-specific production/quality evidence remains; functional CI alone does not satisfy this NFR.","Storage, notifications, maps, OTP and compute usage shall expose measurable consumption and budget alerts."
