Requirement ID,Record Type,Source Document,Section / Table Location,Title,Required Behaviour & Acceptance Criteria,Implementation Code Files,Acceptance Test File,Specific Test Name / Procedure,Verification Evidence (Commit: 4bac6fa),Status,Human Approval Gate
Business Sponsor / Steering Committee,REQUIREMENT,Kashyap_Adhikari_Master_Requirements_SDLC_Specification.docx,Document Control,"Business scope, budget, launch approval",__________,services/api/src/,services/api/test/,Planned for Phase W2 execution,Specification and data schema complete; automated test pending,PLANNED,None
Product Owner,REQUIREMENT,Kashyap_Adhikari_Master_Requirements_SDLC_Specification.docx,Document Control,"Product requirements, prioritization, acceptance",__________,services/api/src/,services/api/test/,Planned for Phase W2 execution,Specification and data schema complete; automated test pending,PLANNED,None
Genealogy Governance Lead,REQUIREMENT,Kashyap_Adhikari_Master_Requirements_SDLC_Specification.docx,Document Control,"Genealogy integrity, branch governance, verification rules",__________,services/api/src/,services/api/test/,Planned for Phase W2 execution,Specification and data schema complete; automated test pending,PLANNED,None
Community / Religious Representative,REQUIREMENT,Kashyap_Adhikari_Master_Requirements_SDLC_Specification.docx,Document Control,"Nata/Saino, Jutho, Tithi, Shraddha, rituals and authoritative cultural content",__________,services/api/src/,services/api/test/,Planned for Phase W2 execution,Specification and data schema complete; automated test pending,PLANNED,None
Technical Lead / Architect,REQUIREMENT,Kashyap_Adhikari_Master_Requirements_SDLC_Specification.docx,Document Control,"Architecture, data, APIs, security and engineering feasibility",__________,services/api/src/,services/api/test/,Planned for Phase W2 execution,Specification and data schema complete; automated test pending,PLANNED,None
Security & Privacy Lead,REQUIREMENT,Kashyap_Adhikari_Master_Requirements_SDLC_Specification.docx,Document Control,"Privacy, access control, security controls, incident readiness",__________,services/api/src/,services/api/test/,Planned for Phase W2 execution,Specification and data schema complete; automated test pending,PLANNED,None
QA / UAT Lead,REQUIREMENT,Kashyap_Adhikari_Master_Requirements_SDLC_Specification.docx,Document Control,"Traceability, test coverage, release quality gates",__________,services/api/src/,services/api/test/,Planned for Phase W2 execution,Specification and data schema complete; automated test pending,PLANNED,None
Part A,REQUIREMENT,Kashyap_Adhikari_Master_Requirements_SDLC_Specification.docx,Document Map,"SDLC Step 1 — Product, Business and Software Scope","SDLC Step 1 — Product, Business and Software Scope",services/api/src/,services/api/test/,Planned for Phase W2 execution,Specification and data schema complete; automated test pending,PLANNED,None
Part B,REQUIREMENT,Kashyap_Adhikari_Master_Requirements_SDLC_Specification.docx,Document Map,"SDLC Step 2 — UX, Domain, Data, Architecture and API Design","SDLC Step 2 — UX, Domain, Data, Architecture and API Design",services/api/src/,services/api/test/,Planned for Phase W2 execution,Specification and data schema complete; automated test pending,PLANNED,None
Part C,REQUIREMENT,Kashyap_Adhikari_Master_Requirements_SDLC_Specification.docx,Document Map,SDLC Step 3 — Engineering and Development Standards,SDLC Step 3 — Engineering and Development Standards,services/api/src/,services/api/test/,Planned for Phase W2 execution,Specification and data schema complete; automated test pending,PLANNED,None
Part D,REQUIREMENT,Kashyap_Adhikari_Master_Requirements_SDLC_Specification.docx,Document Map,"SDLC Step 4 — Integration, Testing, UAT and Release Gates","SDLC Step 4 — Integration, Testing, UAT and Release Gates",services/api/src/,services/api/test/,Planned for Phase W2 execution,Specification and data schema complete; automated test pending,PLANNED,None
Part E,REQUIREMENT,Kashyap_Adhikari_Master_Requirements_SDLC_Specification.docx,Document Map,"SDLC Step 5 — Operations, Security, Backup, Support and Maintenance","SDLC Step 5 — Operations, Security, Backup, Support and Maintenance",services/api/src/,services/api/test/,Planned for Phase W2 execution,Specification and data schema complete; automated test pending,PLANNED,None
Appendices,REQUIREMENT,Kashyap_Adhikari_Master_Requirements_SDLC_Specification.docx,Document Map,"Permissions, business rules, screens, APIs, errors, data dictionary, traceability and sign-off templates","Permissions, business rules, screens, APIs, errors, data dictionary, traceability and sign-off templates",services/api/src/,services/api/test/,Planned for Phase W2 execution,Specification and data schema complete; automated test pending,PLANNED,None
Genealogy governance,REQUIREMENT,Kashyap_Adhikari_Master_Requirements_SDLC_Specification.docx,1.5 Success Metrics and Release Quality Targets,"100% of official genealogy mutations originate from authorized admin actions, approved requests or controlled imports with audit evidence.","100% of official genealogy mutations originate from authorized admin actions, approved requests or controlled imports with audit evidence.",services/api/src/,services/api/test/,Planned for Phase W2 execution,Specification and data schema complete; automated test pending,PLANNED,None
Audit coverage,REQUIREMENT,Kashyap_Adhikari_Master_Requirements_SDLC_Specification.docx,1.5 Success Metrics and Release Quality Targets,"100% of material administrative, merge, verification, moderation and rule-publication actions are auditable.","100% of material administrative, merge, verification, moderation and rule-publication actions are auditable.",services/api/src/,services/api/test/,Planned for Phase W2 execution,Specification and data schema complete; automated test pending,PLANNED,None
Duplicate prevention,REQUIREMENT,Kashyap_Adhikari_Master_Requirements_SDLC_Specification.docx,1.5 Success Metrics and Release Quality Targets,100% of Person creation/import paths execute duplicate-candidate evaluation.,100% of Person creation/import paths execute duplicate-candidate evaluation.,services/api/src/,services/api/test/,Planned for Phase W2 execution,Specification and data schema complete; automated test pending,PLANNED,None
Relationship correctness,REQUIREMENT,Kashyap_Adhikari_Master_Requirements_SDLC_Specification.docx,1.5 Success Metrics and Release Quality Targets,100% pass rate on the signed domain relationship-rule test suite; no known critical kinship-rule defects at launch.,100% pass rate on the signed domain relationship-rule test suite; no known critical kinship-rule defects at launch.,services/api/src/,services/api/test/,Planned for Phase W2 execution,Specification and data schema complete; automated test pending,PLANNED,None
Jutho/Tithi correctness,REQUIREMENT,Kashyap_Adhikari_Master_Requirements_SDLC_Specification.docx,1.5 Success Metrics and Release Quality Targets,100% pass rate against signed religious/domain reference cases.,100% pass rate against signed religious/domain reference cases.,services/api/src/,services/api/test/,Planned for Phase W2 execution,Specification and data schema complete; automated test pending,PLANNED,None
Availability,REQUIREMENT,Kashyap_Adhikari_Master_Requirements_SDLC_Specification.docx,1.5 Success Metrics and Release Quality Targets,99.9% monthly service availability target excluding announced maintenance.,99.9% monthly service availability target excluding announced maintenance.,services/api/src/,services/api/test/,Planned for Phase W2 execution,Specification and data schema complete; automated test pending,PLANNED,None
Search performance,REQUIREMENT,Kashyap_Adhikari_Master_Requirements_SDLC_Specification.docx,1.5 Success Metrics and Release Quality Targets,p95 ≤ 1 second for normal search requests at baseline load.,p95 ≤ 1 second for normal search requests at baseline load.,services/api/src/,services/api/test/,Planned for Phase W2 execution,Specification and data schema complete; automated test pending,PLANNED,None
Core API performance,REQUIREMENT,Kashyap_Adhikari_Master_Requirements_SDLC_Specification.docx,1.5 Success Metrics and Release Quality Targets,"p95 ≤ 500 ms reads and ≤ 800 ms standard writes, excluding third-party latency.","p95 ≤ 500 ms reads and ≤ 800 ms standard writes, excluding third-party latency.",services/api/src/,services/api/test/,Planned for Phase W2 execution,Specification and data schema complete; automated test pending,PLANNED,None
Mobile quality,REQUIREMENT,Kashyap_Adhikari_Master_Requirements_SDLC_Specification.docx,1.5 Success Metrics and Release Quality Targets,≥99.5% crash-free sessions target.,≥99.5% crash-free sessions target.,services/api/src/,services/api/test/,Planned for Phase W2 execution,Specification and data schema complete; automated test pending,PLANNED,None
Security,REQUIREMENT,Kashyap_Adhikari_Master_Requirements_SDLC_Specification.docx,1.5 Success Metrics and Release Quality Targets,Zero known Critical/High exploitable vulnerabilities at release.,Zero known Critical/High exploitable vulnerabilities at release.,services/api/src/,services/api/test/,Planned for Phase W2 execution,Specification and data schema complete; automated test pending,PLANNED,None
Backup,REQUIREMENT,Kashyap_Adhikari_Master_Requirements_SDLC_Specification.docx,1.5 Success Metrics and Release Quality Targets,Automated backup success ≥99.9%; quarterly restore test passes.,Automated backup success ≥99.9%; quarterly restore test passes.,services/api/src/,services/api/test/,Planned for Phase W2 execution,Specification and data schema complete; automated test pending,PLANNED,None
Localization,REQUIREMENT,Kashyap_Adhikari_Master_Requirements_SDLC_Specification.docx,1.5 Success Metrics and Release Quality Targets,100% user-visible system strings available in Nepali and English.,100% user-visible system strings available in Nepali and English.,services/api/src/,services/api/test/,Planned for Phase W2 execution,Specification and data schema complete; automated test pending,PLANNED,None
Accessibility,REQUIREMENT,Kashyap_Adhikari_Master_Requirements_SDLC_Specification.docx,1.5 Success Metrics and Release Quality Targets,"Critical member and admin workflows support screen readers, scalable text and keyboard navigation where applicable.","Critical member and admin workflows support screen readers, scalable text and keyboard navigation where applicable.",services/api/src/,services/api/test/,Planned for Phase W2 execution,Specification and data schema complete; automated test pending,PLANNED,None
Member,GOVERNANCE_CONTROL,Kashyap_Adhikari_Master_Requirements_SDLC_Specification.docx,"2. Users, Personas and Governance","Register, claim a Person profile, view permitted genealogy, submit changes, follow relatives/branches, use culture, events, invitations, community, map and chat.",Cannot directly alter the trusted genealogy. Privacy and moderation rules apply.,services/api/src/,services/api/test/,Planned for Phase W2 execution,Specification and data schema complete; automated test pending,PLANNED,None
Family/Branch Verifier,GOVERNANCE_CONTROL,Kashyap_Adhikari_Master_Requirements_SDLC_Specification.docx,"2. Users, Personas and Governance",Review claims and genealogy requests within assigned family/branch scope.,"Can approve, reject, request correction and escalate. Cannot decide outside assigned authority.",services/api/src/,services/api/test/,Planned for Phase W2 execution,Specification and data schema complete; automated test pending,PLANNED,None
Content/Community Moderator,GOVERNANCE_CONTROL,Kashyap_Adhikari_Master_Requirements_SDLC_Specification.docx,"2. Users, Personas and Governance","Manage community content, reports and assigned cultural content.",Can hide/remove/reinstate content and take authorized moderation action; all material actions audited.,services/api/src/,services/api/test/,Planned for Phase W2 execution,Specification and data schema complete; automated test pending,PLANNED,None
Super Admin,GOVERNANCE_CONTROL,Kashyap_Adhikari_Master_Requirements_SDLC_Specification.docx,"2. Users, Personas and Governance",Highest operational authority.,"Manages users/roles, branches, cross-branch links, disputes, duplicates, sensitive corrections, rules, settings and audit oversight.",services/api/src/,services/api/test/,Planned for Phase W2 execution,Specification and data schema complete; automated test pending,PLANNED,None
Community/Religious Representative,GOVERNANCE_CONTROL,Kashyap_Adhikari_Master_Requirements_SDLC_Specification.docx,"2. Users, Personas and Governance",Authoritative cultural/domain approver.,"Signs off Nata/Saino, Jutho, Tithi/Shraddha, rituals and authoritative cultural/historical content.",services/api/src/,services/api/test/,Planned for Phase W2 execution,Specification and data schema complete; automated test pending,PLANNED,None
Content Editor,GOVERNANCE_CONTROL,Kashyap_Adhikari_Master_Requirements_SDLC_Specification.docx,"2. Users, Personas and Governance",Draft and maintain server-managed cultural/history content.,Cannot publish authoritative content unless approval workflow permits.,services/api/src/,services/api/test/,Planned for Phase W2 execution,Specification and data schema complete; automated test pending,PLANNED,None
Support/Operations,GOVERNANCE_CONTROL,Kashyap_Adhikari_Master_Requirements_SDLC_Specification.docx,"2. Users, Personas and Governance",Handle technical support and operational incidents.,No business-data override unless separately authorized; privileged support access is audited.,services/api/src/,services/api/test/,Planned for Phase W2 execution,Specification and data schema complete; automated test pending,PLANNED,None
Identity & Authentication,REQUIREMENT,Kashyap_Adhikari_Master_Requirements_SDLC_Specification.docx,4. Release 1.0 — Complete Mandatory Scope,"Mobile registration, OTP, secure session/device management, logout, account restriction handling.","Mobile registration, OTP, secure session/device management, logout, account restriction handling.",services/api/src/,services/api/test/,Planned for Phase W2 execution,Specification and data schema complete; automated test pending,PLANNED,None
Profiles & Privacy,REQUIREMENT,Kashyap_Adhikari_Master_Requirements_SDLC_Specification.docx,4. Release 1.0 — Complete Mandatory Scope,"Profile photo, basic/detailed information, visibility controls, consent/preferences, account/person separation.","Profile photo, basic/detailed information, visibility controls, consent/preferences, account/person separation.",services/api/src/,services/api/test/,Planned for Phase W2 execution,Specification and data schema complete; automated test pending,PLANNED,None
Genealogy & Family Tree,REQUIREMENT,Kashyap_Adhikari_Master_Requirements_SDLC_Specification.docx,4. Release 1.0 — Complete Mandatory Scope,"Initial import, Person records, branches, generations, parents, spouses, children, siblings, ancestors, descendants, deceased/historical members.","Initial import, Person records, branches, generations, parents, spouses, children, siblings, ancestors, descendants, deceased/historical members.",services/api/src/,services/api/test/,Planned for Phase W2 execution,Specification and data schema complete; automated test pending,PLANNED,None
Profile Claiming,REQUIREMENT,Kashyap_Adhikari_Master_Requirements_SDLC_Specification.docx,4. Release 1.0 — Complete Mandatory Scope,"Search, claim existing Person, evidence, verifier review, correction, approval/rejection and account-person linking.","Search, claim existing Person, evidence, verifier review, correction, approval/rejection and account-person linking.",services/api/src/,services/api/test/,Planned for Phase W2 execution,Specification and data schema complete; automated test pending,PLANNED,None
Genealogy Change Management,REQUIREMENT,Kashyap_Adhikari_Master_Requirements_SDLC_Specification.docx,4. Release 1.0 — Complete Mandatory Scope,"Add/correct relatives, correct Person information, record death, cross-branch links, approval workflow and history.","Add/correct relatives, correct Person information, record death, cross-branch links, approval workflow and history.",services/api/src/,services/api/test/,Planned for Phase W2 execution,Specification and data schema complete; automated test pending,PLANNED,None
Duplicate Detection & Merge,REQUIREMENT,Kashyap_Adhikari_Master_Requirements_SDLC_Specification.docx,4. Release 1.0 — Complete Mandatory Scope,"Candidate scoring, review queue, merge preview, canonical Person selection, conflict resolution and preserved history.","Candidate scoring, review queue, merge preview, canonical Person selection, conflict resolution and preserved history.",services/api/src/,services/api/test/,Planned for Phase W2 execution,Specification and data schema complete; automated test pending,PLANNED,None
Relationship & Nata/Saino Engine,REQUIREMENT,Kashyap_Adhikari_Master_Requirements_SDLC_Specification.docx,4. Release 1.0 — Complete Mandatory Scope,"Graph traversal, English relationship labels, approved Nepali Nata/Saino terms and relationship-path explanation.","Graph traversal, English relationship labels, approved Nepali Nata/Saino terms and relationship-path explanation.",services/api/src/,services/api/test/,Planned for Phase W2 execution,Specification and data schema complete; automated test pending,PLANNED,None
Cultural & Historical Hub,REQUIREMENT,Kashyap_Adhikari_Master_Requirements_SDLC_Specification.docx,4. Release 1.0 — Complete Mandatory Scope,"Kashyap Rishi, Bindabasini Devi, Adhikari history, Goth Puja, Dewali/Devali, Shraddha and other approved traditions.","Kashyap Rishi, Bindabasini Devi, Adhikari history, Goth Puja, Dewali/Devali, Shraddha and other approved traditions.",services/api/src/,services/api/test/,Planned for Phase W2 execution,Specification and data schema complete; automated test pending,PLANNED,None
Calendar & Tithi,REQUIREMENT,Kashyap_Adhikari_Master_Requirements_SDLC_Specification.docx,4. Release 1.0 — Complete Mandatory Scope,"Bikram Sambat, Gregorian and approved Tithi support; birthdays, death/Shraddha, 84 Puja, marriage, Bratabandha, puja and gatherings.","Bikram Sambat, Gregorian and approved Tithi support; birthdays, death/Shraddha, 84 Puja, marriage, Bratabandha, puja and gatherings.",services/api/src/,services/api/test/,Planned for Phase W2 execution,Specification and data schema complete; automated test pending,PLANNED,None
Jutho Engine,REQUIREMENT,Kashyap_Adhikari_Master_Requirements_SDLC_Specification.docx,4. Release 1.0 — Complete Mandatory Scope,"Relationship-aware Jutho result, approved duration/color rule sets, exceptions, rule version and explanation.","Relationship-aware Jutho result, approved duration/color rule sets, exceptions, rule version and explanation.",services/api/src/,services/api/test/,Planned for Phase W2 execution,Specification and data schema complete; automated test pending,PLANNED,None
Follow & Notifications,REQUIREMENT,Kashyap_Adhikari_Master_Requirements_SDLC_Specification.docx,4. Release 1.0 — Complete Mandatory Scope,Follow people/family/branch/generation; genealogy/event/community/invitation/message notifications and preferences.,Follow people/family/branch/generation; genealogy/event/community/invitation/message notifications and preferences.,services/api/src/,services/api/test/,Planned for Phase W2 execution,Specification and data schema complete; automated test pending,PLANNED,None
Digital Invitations,REQUIREMENT,Kashyap_Adhikari_Master_Requirements_SDLC_Specification.docx,4. Release 1.0 — Complete Mandatory Scope,"Templates/cards, genealogy-based recipients, advanced relationship selection, date/time, venue/map, notifications and RSVP.","Templates/cards, genealogy-based recipients, advanced relationship selection, date/time, venue/map, notifications and RSVP.",services/api/src/,services/api/test/,Planned for Phase W2 execution,Specification and data schema complete; automated test pending,PLANNED,None
Community,REQUIREMENT,Kashyap_Adhikari_Master_Requirements_SDLC_Specification.docx,4. Release 1.0 — Complete Mandatory Scope,"Posts, announcements, missing-person, property/room availability, assistance requests, programs, media, location, reporting, blocking and moderation.","Posts, announcements, missing-person, property/room availability, assistance requests, programs, media, location, reporting, blocking and moderation.",services/api/src/,services/api/test/,Planned for Phase W2 execution,Specification and data schema complete; automated test pending,PLANNED,None
Family / Household Map,REQUIREMENT,Kashyap_Adhikari_Master_Requirements_SDLC_Specification.docx,4. Release 1.0 — Complete Mandatory Scope,Privacy-aware map of consenting households or community locations; coarse location by default and precise location only with permission.,Privacy-aware map of consenting households or community locations; coarse location by default and precise location only with permission.,services/api/src/,services/api/test/,Planned for Phase W2 execution,Specification and data schema complete; automated test pending,PLANNED,None
Private Communication,REQUIREMENT,Kashyap_Adhikari_Master_Requirements_SDLC_Specification.docx,4. Release 1.0 — Complete Mandatory Scope,"One-to-one and group chat, message notifications, images/files, read status, blocking, reporting and moderation support.","One-to-one and group chat, message notifications, images/files, read status, blocking, reporting and moderation support.",services/api/src/,services/api/test/,Planned for Phase W2 execution,Specification and data schema complete; automated test pending,PLANNED,None
Administration Portal,REQUIREMENT,Kashyap_Adhikari_Master_Requirements_SDLC_Specification.docx,4. Release 1.0 — Complete Mandatory Scope,"Claims, genealogy changes/editing, duplicates, users, roles, branches, content, events, invitations, moderation, rules, imports and audit.","Claims, genealogy changes/editing, duplicates, users, roles, branches, content, events, invitations, moderation, rules, imports and audit.",services/api/src/,services/api/test/,Planned for Phase W2 execution,Specification and data schema complete; automated test pending,PLANNED,None
Search,REQUIREMENT,Kashyap_Adhikari_Master_Requirements_SDLC_Specification.docx,4. Release 1.0 — Complete Mandatory Scope,"People, branches, generations, locations, cultural content, events and community content with Nepali/English normalization.","People, branches, generations, locations, cultural content, events and community content with Nepali/English normalization.",services/api/src/,services/api/test/,Planned for Phase W2 execution,Specification and data schema complete; automated test pending,PLANNED,None
Localization & Accessibility,REQUIREMENT,Kashyap_Adhikari_Master_Requirements_SDLC_Specification.docx,4. Release 1.0 — Complete Mandatory Scope,"Full Nepali/English localization, BS/AD/Tithi display, accessible typography/components and responsive admin UX.","Full Nepali/English localization, BS/AD/Tithi display, accessible typography/components and responsive admin UX.",services/api/src/,services/api/test/,Planned for Phase W2 execution,Specification and data schema complete; automated test pending,PLANNED,None
"Security, Audit & Operations",REQUIREMENT,Kashyap_Adhikari_Master_Requirements_SDLC_Specification.docx,4. Release 1.0 — Complete Mandatory Scope,"RBAC/branch scope, encryption, audit, rate limits, secure media, backups, monitoring, incident response, support and maintenance.","RBAC/branch scope, encryption, audit, rate limits, secure media, backups, monitoring, incident response, support and maintenance.",services/api/src/,services/api/test/,Planned for Phase W2 execution,Specification and data schema complete; automated test pending,PLANNED,None
A-001,REQUIREMENT,Kashyap_Adhikari_Master_Requirements_SDLC_Specification.docx,6. Product Assumptions and Hard Dependencies,Initial genealogy source data will be supplied in one or more importable formats; controlled staging/import is mandatory.,Initial genealogy source data will be supplied in one or more importable formats; controlled staging/import is mandatory.,services/api/src/,services/api/test/,Planned for Phase W2 execution,Specification and data schema complete; automated test pending,PLANNED,None
A-002,REQUIREMENT,Kashyap_Adhikari_Master_Requirements_SDLC_Specification.docx,6. Product Assumptions and Hard Dependencies,Authoritative genealogy reviewers can be assigned to defined branches/families.,Authoritative genealogy reviewers can be assigned to defined branches/families.,services/api/src/,services/api/test/,Planned for Phase W2 execution,Specification and data schema complete; automated test pending,PLANNED,None
A-003,REQUIREMENT,Kashyap_Adhikari_Master_Requirements_SDLC_Specification.docx,6. Product Assumptions and Hard Dependencies,A Person may exist without a User Account; a User Account controls no Person until an approved link exists.,A Person may exist without a User Account; a User Account controls no Person until an approved link exists.,services/api/src/,services/api/test/,Planned for Phase W2 execution,Specification and data schema complete; automated test pending,PLANNED,None
A-004,REQUIREMENT,Kashyap_Adhikari_Master_Requirements_SDLC_Specification.docx,6. Product Assumptions and Hard Dependencies,"Historical records may contain incomplete dates, spelling variants, aliases and uncertainty; the model must preserve uncertainty rather than fabricate values.","Historical records may contain incomplete dates, spelling variants, aliases and uncertainty; the model must preserve uncertainty rather than fabricate values.",services/api/src/,services/api/test/,Planned for Phase W2 execution,Specification and data schema complete; automated test pending,PLANNED,None
A-005,REQUIREMENT,Kashyap_Adhikari_Master_Requirements_SDLC_Specification.docx,6. Product Assumptions and Hard Dependencies,"Approved community/religious representatives will provide and sign off Nata/Saino, Jutho, Tithi, Shraddha and ritual rule sets.","Approved community/religious representatives will provide and sign off Nata/Saino, Jutho, Tithi, Shraddha and ritual rule sets.",services/api/src/,services/api/test/,Planned for Phase W2 execution,Specification and data schema complete; automated test pending,PLANNED,None
A-006,REQUIREMENT,Kashyap_Adhikari_Master_Requirements_SDLC_Specification.docx,6. Product Assumptions and Hard Dependencies,Nepali and English are mandatory from Release 1.0.,Nepali and English are mandatory from Release 1.0.,services/api/src/,services/api/test/,Planned for Phase W2 execution,Specification and data schema complete; automated test pending,PLANNED,None
A-007,REQUIREMENT,Kashyap_Adhikari_Master_Requirements_SDLC_Specification.docx,6. Product Assumptions and Hard Dependencies,"Mobile connectivity may be intermittent; caching, retry and duplicate-submission protection are required.","Mobile connectivity may be intermittent; caching, retry and duplicate-submission protection are required.",services/api/src/,services/api/test/,Planned for Phase W2 execution,Specification and data schema complete; automated test pending,PLANNED,None
A-008,REQUIREMENT,Kashyap_Adhikari_Master_Requirements_SDLC_Specification.docx,6. Product Assumptions and Hard Dependencies,"OTP, push, maps and calendar/Tithi integrations can fail; provider adapters, timeouts, retries and monitoring are mandatory.","OTP, push, maps and calendar/Tithi integrations can fail; provider adapters, timeouts, retries and monitoring are mandatory.",services/api/src/,services/api/test/,Planned for Phase W2 execution,Specification and data schema complete; automated test pending,PLANNED,None
A-009,REQUIREMENT,Kashyap_Adhikari_Master_Requirements_SDLC_Specification.docx,6. Product Assumptions and Hard Dependencies,Personal and family data is privacy-sensitive; least privilege and privacy-by-default are mandatory.,Personal and family data is privacy-sensitive; least privilege and privacy-by-default are mandatory.,services/api/src/,services/api/test/,Planned for Phase W2 execution,Specification and data schema complete; automated test pending,PLANNED,None
A-010,REQUIREMENT,Kashyap_Adhikari_Master_Requirements_SDLC_Specification.docx,6. Product Assumptions and Hard Dependencies,"Production launch occurs only after legal/privacy review, domain rule sign-off, migration rehearsal and UAT acceptance.","Production launch occurs only after legal/privacy review, domain rule sign-off, migration rehearsal and UAT acceptance.",services/api/src/,services/api/test/,Planned for Phase W2 execution,Specification and data schema complete; automated test pending,PLANNED,None
BR-GEN-001,BUSINESS_RULE,Kashyap_Adhikari_Master_Requirements_SDLC_Specification.docx,7. Core Business Rules Catalogue,Every genealogy Person has an immutable unique Person ID.,All Person records,services/api/src/,services/api/test/,Planned for Phase W2 execution,Specification and data schema complete; automated test pending,PLANNED,None
BR-GEN-002,BUSINESS_RULE,Kashyap_Adhikari_Master_Requirements_SDLC_Specification.docx,7. Core Business Rules Catalogue,Person and User Account are separate entities.,Registration/claim,services/api/src/,services/api/test/,Planned for Phase W2 execution,Specification and data schema complete; automated test pending,PLANNED,None
BR-GEN-003,BUSINESS_RULE,Kashyap_Adhikari_Master_Requirements_SDLC_Specification.docx,7. Core Business Rules Catalogue,Members cannot directly mutate trusted genealogy.,Member edits,services/api/src/,services/api/test/,Planned for Phase W2 execution,Specification and data schema complete; automated test pending,PLANNED,None
BR-GEN-004,BUSINESS_RULE,Kashyap_Adhikari_Master_Requirements_SDLC_Specification.docx,7. Core Business Rules Catalogue,Trusted direct facts are parent-child and spouse/approved union links; indirect relationships are derived.,Relationship engine,services/api/src/,services/api/test/,Planned for Phase W2 execution,Specification and data schema complete; automated test pending,PLANNED,None
BR-GEN-005,BUSINESS_RULE,Kashyap_Adhikari_Master_Requirements_SDLC_Specification.docx,7. Core Business Rules Catalogue,Duplicate evaluation is mandatory before Person creation/import.,All creation paths,services/api/src/,services/api/test/,Planned for Phase W2 execution,Specification and data schema complete; automated test pending,PLANNED,None
BR-GEN-006,BUSINESS_RULE,Kashyap_Adhikari_Master_Requirements_SDLC_Specification.docx,7. Core Business Rules Catalogue,"Merge preserves provenance, links, prior identifiers and history.",Duplicate merge,services/api/src/,services/api/test/,Planned for Phase W2 execution,Specification and data schema complete; automated test pending,PLANNED,None
BR-CLAIM-001,BUSINESS_RULE,Kashyap_Adhikari_Master_Requirements_SDLC_Specification.docx,7. Core Business Rules Catalogue,A claim does not link a User Account to a Person until approved.,Profile claim,services/api/src/,services/api/test/,Planned for Phase W2 execution,Specification and data schema complete; automated test pending,PLANNED,None
BR-VER-001,BUSINESS_RULE,Kashyap_Adhikari_Master_Requirements_SDLC_Specification.docx,7. Core Business Rules Catalogue,Verifier authority is limited to assigned branch/scope.,Review actions,services/api/src/,services/api/test/,Planned for Phase W2 execution,Specification and data schema complete; automated test pending,PLANNED,None
BR-AUD-001,BUSINESS_RULE,Kashyap_Adhikari_Master_Requirements_SDLC_Specification.docx,7. Core Business Rules Catalogue,Material actions are append-only audited.,Admin/genealogy/moderation/rules,services/api/src/,services/api/test/,Planned for Phase W2 execution,Specification and data schema complete; automated test pending,PLANNED,None
BR-REL-001,BUSINESS_RULE,Kashyap_Adhikari_Master_Requirements_SDLC_Specification.docx,7. Core Business Rules Catalogue,Displayed relationship is relative to the viewing/selected Person.,Profile/tree,services/api/src/,services/api/test/,Planned for Phase W2 execution,Specification and data schema complete; automated test pending,PLANNED,None
BR-REL-002,BUSINESS_RULE,Kashyap_Adhikari_Master_Requirements_SDLC_Specification.docx,7. Core Business Rules Catalogue,Nepali Nata/Saino comes only from an approved versioned rule catalogue.,Relationship labels,services/api/src/,services/api/test/,Planned for Phase W2 execution,Specification and data schema complete; automated test pending,PLANNED,None
BR-JUT-001,BUSINESS_RULE,Kashyap_Adhikari_Master_Requirements_SDLC_Specification.docx,7. Core Business Rules Catalogue,Jutho calculation uses an approved rule-set version and verified relationship path.,Death/Jutho,services/api/src/modules/cultural-rules/cultural-rules.service.ts,services/api/test/cultural-rules.service.spec.ts,Pending official cultural authority sign-off,Implemented with neutral fallback; calculations disabled pending human approval,HUMAN_GATED,"HG-002 (Cultural), HG-003 (Jutho), HG-004 (Tithi)"
BR-CAL-001,BUSINESS_RULE,Kashyap_Adhikari_Master_Requirements_SDLC_Specification.docx,7. Core Business Rules Catalogue,Original date semantics are preserved.,Birth/event/death dates,services/api/src/,services/api/test/,Planned for Phase W2 execution,Specification and data schema complete; automated test pending,PLANNED,None
BR-CONT-001,BUSINESS_RULE,Kashyap_Adhikari_Master_Requirements_SDLC_Specification.docx,7. Core Business Rules Catalogue,Authoritative cultural/religious content requires designated approval before publication.,Culture hub,services/api/src/modules/cultural-rules/cultural-rules.service.ts,services/api/test/cultural-rules.service.spec.ts,Pending official cultural authority sign-off,Implemented with neutral fallback; calculations disabled pending human approval,HUMAN_GATED,"HG-002 (Cultural), HG-003 (Jutho), HG-004 (Tithi)"
BR-COM-001,BUSINESS_RULE,Kashyap_Adhikari_Master_Requirements_SDLC_Specification.docx,7. Core Business Rules Catalogue,"Community content is reportable, moderateable, removable and auditable.",Community,services/api/src/,services/api/test/,Planned for Phase W2 execution,Specification and data schema complete; automated test pending,PLANNED,None
BR-CHAT-001,BUSINESS_RULE,Kashyap_Adhikari_Master_Requirements_SDLC_Specification.docx,7. Core Business Rules Catalogue,Blocking prevents new direct communication from blocked users.,Messaging,services/api/src/,services/api/test/,Planned for Phase W2 execution,Specification and data schema complete; automated test pending,PLANNED,None
BR-PRIV-001,BUSINESS_RULE,Kashyap_Adhikari_Master_Requirements_SDLC_Specification.docx,7. Core Business Rules Catalogue,Sensitive contact/location fields are hidden by default unless permitted.,Profiles/map,services/api/src/,services/api/test/,Planned for Phase W2 execution,Specification and data schema complete; automated test pending,PLANNED,None
BR-MIN-001,BUSINESS_RULE,Kashyap_Adhikari_Master_Requirements_SDLC_Specification.docx,7. Core Business Rules Catalogue,Minor Person records receive stricter default privacy.,Genealogy profiles,services/api/src/,services/api/test/,Planned for Phase W2 execution,Specification and data schema complete; automated test pending,PLANNED,None
BR-DEL-001,BUSINESS_RULE,Kashyap_Adhikari_Master_Requirements_SDLC_Specification.docx,7. Core Business Rules Catalogue,Deleting a User Account does not automatically erase historical genealogy facts.,Account deletion,services/api/src/,services/api/test/,Planned for Phase W2 execution,Specification and data schema complete; automated test pending,PLANNED,None
BR-I18N-001,BUSINESS_RULE,Kashyap_Adhikari_Master_Requirements_SDLC_Specification.docx,7. Core Business Rules Catalogue,Cultural/religious terminology is not automatically published from machine translation.,Localization,services/api/src/,services/api/test/,Planned for Phase W2 execution,Specification and data schema complete; automated test pending,PLANNED,None
AUTH-FR-001,REQUIREMENT,Kashyap_Adhikari_Master_Requirements_SDLC_Specification.docx,8.1 Authentication and Session Management,The system shall allow registration using a mobile number in supported country format.,Member,services/api/src/,services/api/test/,Planned for Phase W2 execution,Specification and data schema complete; automated test pending,PLANNED,None
AUTH-FR-002,REQUIREMENT,Kashyap_Adhikari_Master_Requirements_SDLC_Specification.docx,8.1 Authentication and Session Management,The system shall issue a one-time password through the configured OTP provider.,System,services/api/src/,services/api/test/,Planned for Phase W2 execution,Specification and data schema complete; automated test pending,PLANNED,None
AUTH-FR-003,REQUIREMENT,Kashyap_Adhikari_Master_Requirements_SDLC_Specification.docx,8.1 Authentication and Session Management,The system shall verify OTP within a configurable expiry period and attempt limit.,Member,services/api/src/,services/api/test/,Planned for Phase W2 execution,Specification and data schema complete; automated test pending,PLANNED,None
AUTH-FR-004,REQUIREMENT,Kashyap_Adhikari_Master_Requirements_SDLC_Specification.docx,8.1 Authentication and Session Management,The system shall support OTP resend with cooldown and anti-abuse limits.,Member,services/api/src/,services/api/test/,Planned for Phase W2 execution,Specification and data schema complete; automated test pending,PLANNED,None
AUTH-FR-005,REQUIREMENT,Kashyap_Adhikari_Master_Requirements_SDLC_Specification.docx,8.1 Authentication and Session Management,The system shall create a secure authenticated session after successful verification.,System,services/api/src/,services/api/test/,Planned for Phase W2 execution,Specification and data schema complete; automated test pending,PLANNED,None
AUTH-FR-006,REQUIREMENT,Kashyap_Adhikari_Master_Requirements_SDLC_Specification.docx,8.1 Authentication and Session Management,The system shall renew eligible sessions without repeating OTP.,Member,services/api/src/,services/api/test/,Planned for Phase W2 execution,Specification and data schema complete; automated test pending,PLANNED,None
AUTH-FR-007,REQUIREMENT,Kashyap_Adhikari_Master_Requirements_SDLC_Specification.docx,8.1 Authentication and Session Management,The system shall allow logout from the current device.,Member,services/api/src/,services/api/test/,Planned for Phase W2 execution,Specification and data schema complete; automated test pending,PLANNED,None
AUTH-FR-008,REQUIREMENT,Kashyap_Adhikari_Master_Requirements_SDLC_Specification.docx,8.1 Authentication and Session Management,The system shall allow logout from all devices.,Member,services/api/src/,services/api/test/,Planned for Phase W2 execution,Specification and data schema complete; automated test pending,PLANNED,None
AUTH-FR-009,REQUIREMENT,Kashyap_Adhikari_Master_Requirements_SDLC_Specification.docx,8.1 Authentication and Session Management,The system shall maintain device metadata and push tokens for active sessions.,System,services/api/src/,services/api/test/,Planned for Phase W2 execution,Specification and data schema complete; automated test pending,PLANNED,None
AUTH-FR-010,REQUIREMENT,Kashyap_Adhikari_Master_Requirements_SDLC_Specification.docx,8.1 Authentication and Session Management,"Disabled, suspended, deleted or blocked accounts shall not authenticate.",System/Admin,services/api/src/,services/api/test/,Planned for Phase W2 execution,Specification and data schema complete; automated test pending,PLANNED,None
AUTH-FR-011,REQUIREMENT,Kashyap_Adhikari_Master_Requirements_SDLC_Specification.docx,8.1 Authentication and Session Management,Security-relevant authentication events shall be auditable.,System,services/api/src/,services/api/test/,Planned for Phase W2 execution,Specification and data schema complete; automated test pending,PLANNED,None
AUTH-FR-012,REQUIREMENT,Kashyap_Adhikari_Master_Requirements_SDLC_Specification.docx,8.1 Authentication and Session Management,Admin authentication shall support stronger privileged-session controls and MFA readiness.,Admin,services/api/src/,services/api/test/,Planned for Phase W2 execution,Specification and data schema complete; automated test pending,PLANNED,None
PROF-FR-001,REQUIREMENT,Kashyap_Adhikari_Master_Requirements_SDLC_Specification.docx,"8.2 User Profile, Preferences and Privacy",User Account and genealogy Person shall remain separate lifecycle entities.,System,services/api/src/,services/api/test/,Planned for Phase W2 execution,Specification and data schema complete; automated test pending,PLANNED,None
PROF-FR-002,REQUIREMENT,Kashyap_Adhikari_Master_Requirements_SDLC_Specification.docx,"8.2 User Profile, Preferences and Privacy",An approved member shall view and edit permitted profile fields.,Member,services/api/src/,services/api/test/,Planned for Phase W2 execution,Specification and data schema complete; automated test pending,PLANNED,None
PROF-FR-003,REQUIREMENT,Kashyap_Adhikari_Master_Requirements_SDLC_Specification.docx,"8.2 User Profile, Preferences and Privacy","The system shall support profile photo upload, crop/compression and secure storage.",Member,services/api/src/,services/api/test/,Planned for Phase W2 execution,Specification and data schema complete; automated test pending,PLANNED,None
PROF-FR-004,REQUIREMENT,Kashyap_Adhikari_Master_Requirements_SDLC_Specification.docx,"8.2 User Profile, Preferences and Privacy","The profile shall support contact, location, occupation, work, education, achievements, publications and approved descriptive fields.",Member,services/api/src/,services/api/test/,Planned for Phase W2 execution,Specification and data schema complete; automated test pending,PLANNED,None
PROF-FR-005,REQUIREMENT,Kashyap_Adhikari_Master_Requirements_SDLC_Specification.docx,"8.2 User Profile, Preferences and Privacy",The system shall support field-level or grouped visibility settings.,Member,services/api/src/,services/api/test/,Planned for Phase W2 execution,Specification and data schema complete; automated test pending,PLANNED,None
PROF-FR-006,REQUIREMENT,Kashyap_Adhikari_Master_Requirements_SDLC_Specification.docx,"8.2 User Profile, Preferences and Privacy","The user shall manage language, notification and privacy preferences.",Member,services/api/src/,services/api/test/,Planned for Phase W2 execution,Specification and data schema complete; automated test pending,PLANNED,None
PROF-FR-007,REQUIREMENT,Kashyap_Adhikari_Master_Requirements_SDLC_Specification.docx,"8.2 User Profile, Preferences and Privacy",The user shall view active devices/sessions and revoke selected sessions.,Member,services/api/src/,services/api/test/,Planned for Phase W2 execution,Specification and data schema complete; automated test pending,PLANNED,None
PROF-FR-008,REQUIREMENT,Kashyap_Adhikari_Master_Requirements_SDLC_Specification.docx,"8.2 User Profile, Preferences and Privacy",The member profile shall show claim/verification state.,Member,services/api/src/,services/api/test/,Planned for Phase W2 execution,Specification and data schema complete; automated test pending,PLANNED,None
PROF-FR-009,REQUIREMENT,Kashyap_Adhikari_Master_Requirements_SDLC_Specification.docx,"8.2 User Profile, Preferences and Privacy",Governed profile changes shall retain history.,Admin/Member,services/api/src/,services/api/test/,Planned for Phase W2 execution,Specification and data schema complete; automated test pending,PLANNED,None
PROF-FR-010,REQUIREMENT,Kashyap_Adhikari_Master_Requirements_SDLC_Specification.docx,"8.2 User Profile, Preferences and Privacy",The system shall support account deactivation/deletion request.,Member,services/api/src/,services/api/test/,Planned for Phase W2 execution,Specification and data schema complete; automated test pending,PLANNED,None
PROF-FR-011,REQUIREMENT,Kashyap_Adhikari_Master_Requirements_SDLC_Specification.docx,"8.2 User Profile, Preferences and Privacy",Account deletion shall de-link/deactivate authentication separately from genealogy retention.,System/Admin,services/api/src/,services/api/test/,Planned for Phase W2 execution,Specification and data schema complete; automated test pending,PLANNED,None
PROF-FR-012,REQUIREMENT,Kashyap_Adhikari_Master_Requirements_SDLC_Specification.docx,"8.2 User Profile, Preferences and Privacy",Minor Person records shall receive restrictive privacy defaults.,System,services/api/src/,services/api/test/,Planned for Phase W2 execution,Specification and data schema complete; automated test pending,PLANNED,None
GEN-FR-001,REQUIREMENT,Kashyap_Adhikari_Master_Requirements_SDLC_Specification.docx,8.3 Genealogy Person and Family Tree,Every genealogy Person shall receive an immutable unique Person ID.,System/Admin,services/api/src/,services/api/test/,Planned for Phase W2 execution,Specification and data schema complete; automated test pending,PLANNED,None
GEN-FR-002,REQUIREMENT,Kashyap_Adhikari_Master_Requirements_SDLC_Specification.docx,8.3 Genealogy Person and Family Tree,"The system shall support living, deceased, child, non-user and historical ancestor Person records.",Admin/Verifier,services/api/src/,services/api/test/,Planned for Phase W2 execution,Specification and data schema complete; automated test pending,PLANNED,None
GEN-FR-003,REQUIREMENT,Kashyap_Adhikari_Master_Requirements_SDLC_Specification.docx,8.3 Genealogy Person and Family Tree,"The system shall support Nepali/English name variants, aliases and former spellings.",Admin/Member,services/api/src/,services/api/test/,Planned for Phase W2 execution,Specification and data schema complete; automated test pending,PLANNED,None
GEN-FR-004,REQUIREMENT,Kashyap_Adhikari_Master_Requirements_SDLC_Specification.docx,8.3 Genealogy Person and Family Tree,"A Person shall support known/unknown birth, death, birthplace, residence, branch, generation and other approved facts.",Admin/Member,services/api/src/,services/api/test/,Planned for Phase W2 execution,Specification and data schema complete; automated test pending,PLANNED,None
GEN-FR-005,REQUIREMENT,Kashyap_Adhikari_Master_Requirements_SDLC_Specification.docx,8.3 Genealogy Person and Family Tree,The system shall store verified parent-to-child direct links.,Admin/Verifier,services/api/src/,services/api/test/,Planned for Phase W2 execution,Specification and data schema complete; automated test pending,PLANNED,None
GEN-FR-006,REQUIREMENT,Kashyap_Adhikari_Master_Requirements_SDLC_Specification.docx,8.3 Genealogy Person and Family Tree,The system shall store verified spouse/approved union direct links.,Admin/Verifier,services/api/src/,services/api/test/,Planned for Phase W2 execution,Specification and data schema complete; automated test pending,PLANNED,None
GEN-FR-007,REQUIREMENT,Kashyap_Adhikari_Master_Requirements_SDLC_Specification.docx,8.3 Genealogy Person and Family Tree,The system shall reject self-links.,System,services/api/src/,services/api/test/,Planned for Phase W2 execution,Specification and data schema complete; automated test pending,PLANNED,None
GEN-FR-008,REQUIREMENT,Kashyap_Adhikari_Master_Requirements_SDLC_Specification.docx,8.3 Genealogy Person and Family Tree,The system shall detect and reject parent-child ancestry cycles.,System,services/api/src/,services/api/test/,Planned for Phase W2 execution,Specification and data schema complete; automated test pending,PLANNED,None
GEN-FR-009,REQUIREMENT,Kashyap_Adhikari_Master_Requirements_SDLC_Specification.docx,8.3 Genealogy Person and Family Tree,"The tree shall display navigable parents, grandparents, spouses, children, siblings, descendants and extended relatives.",Member,services/api/src/,services/api/test/,Planned for Phase W2 execution,Specification and data schema complete; automated test pending,PLANNED,None
GEN-FR-010,REQUIREMENT,Kashyap_Adhikari_Master_Requirements_SDLC_Specification.docx,8.3 Genealogy Person and Family Tree,The family tree shall use progressive expansion/lazy loading for large genealogy networks.,Member,services/api/src/,services/api/test/,Planned for Phase W2 execution,Specification and data schema complete; automated test pending,PLANNED,None
GEN-FR-011,REQUIREMENT,Kashyap_Adhikari_Master_Requirements_SDLC_Specification.docx,8.3 Genealogy Person and Family Tree,The system shall support family branches and generations.,Admin/Member,services/api/src/,services/api/test/,Planned for Phase W2 execution,Specification and data schema complete; automated test pending,PLANNED,None
GEN-FR-012,REQUIREMENT,Kashyap_Adhikari_Master_Requirements_SDLC_Specification.docx,8.3 Genealogy Person and Family Tree,"Verified branches shall be connectable through approved shared ancestry, marriage or supported connection.",Super Admin,services/api/src/,services/api/test/,Planned for Phase W2 execution,Specification and data schema complete; automated test pending,PLANNED,None
GEN-FR-013,REQUIREMENT,Kashyap_Adhikari_Master_Requirements_SDLC_Specification.docx,8.3 Genealogy Person and Family Tree,Genealogy facts shall retain source/provenance metadata.,Admin,services/api/src/,services/api/test/,Planned for Phase W2 execution,Specification and data schema complete; automated test pending,PLANNED,None
GEN-FR-014,REQUIREMENT,Kashyap_Adhikari_Master_Requirements_SDLC_Specification.docx,8.3 Genealogy Person and Family Tree,A member shall be able to request recording a death.,Member,services/api/src/,services/api/test/,Planned for Phase W2 execution,Specification and data schema complete; automated test pending,PLANNED,None
GEN-FR-015,REQUIREMENT,Kashyap_Adhikari_Master_Requirements_SDLC_Specification.docx,8.3 Genealogy Person and Family Tree,Approved death record shall update life status and trigger dependent calendar/Jutho workflows.,System,services/api/src/,services/api/test/,Planned for Phase W2 execution,Specification and data schema complete; automated test pending,PLANNED,None
GEN-FR-016,REQUIREMENT,Kashyap_Adhikari_Master_Requirements_SDLC_Specification.docx,8.3 Genealogy Person and Family Tree,Authorized administrators shall create/edit Person records directly only with justification and full audit.,Admin,services/api/src/,services/api/test/,Planned for Phase W2 execution,Specification and data schema complete; automated test pending,PLANNED,None
GEN-FR-017,REQUIREMENT,Kashyap_Adhikari_Master_Requirements_SDLC_Specification.docx,8.3 Genealogy Person and Family Tree,Erroneous Person records shall be archived/deactivated rather than casually hard-deleted.,Super Admin,services/api/src/,services/api/test/,Planned for Phase W2 execution,Specification and data schema complete; automated test pending,PLANNED,None
GEN-FR-018,REQUIREMENT,Kashyap_Adhikari_Master_Requirements_SDLC_Specification.docx,8.3 Genealogy Person and Family Tree,Authorized governance roles shall export genealogy data subject to privacy filtering.,Admin,services/api/src/,services/api/test/,Planned for Phase W2 execution,Specification and data schema complete; automated test pending,PLANNED,None
SRCH-FR-001,REQUIREMENT,Kashyap_Adhikari_Master_Requirements_SDLC_Specification.docx,8.4 Genealogy Search and Discovery,Search shall find People by Nepali/English name and normalized spelling variants.,Member/Admin,services/api/src/,services/api/test/,Planned for Phase W2 execution,Specification and data schema complete; automated test pending,PLANNED,None
SRCH-FR-002,REQUIREMENT,Kashyap_Adhikari_Master_Requirements_SDLC_Specification.docx,8.4 Genealogy Search and Discovery,"Person search shall support branch, generation, location and life-status filters.",Member/Admin,services/api/src/,services/api/test/,Planned for Phase W2 execution,Specification and data schema complete; automated test pending,PLANNED,None
SRCH-FR-003,REQUIREMENT,Kashyap_Adhikari_Master_Requirements_SDLC_Specification.docx,8.4 Genealogy Search and Discovery,Search responses shall contain only viewer-permitted data.,System,services/api/src/,services/api/test/,Planned for Phase W2 execution,Specification and data schema complete; automated test pending,PLANNED,None
SRCH-FR-004,REQUIREMENT,Kashyap_Adhikari_Master_Requirements_SDLC_Specification.docx,8.4 Genealogy Search and Discovery,Search shall identify possible existing People during claim/new-Person flows.,System,services/api/src/,services/api/test/,Planned for Phase W2 execution,Specification and data schema complete; automated test pending,PLANNED,None
SRCH-FR-005,REQUIREMENT,Kashyap_Adhikari_Master_Requirements_SDLC_Specification.docx,8.4 Genealogy Search and Discovery,"Search shall support cultural content, events and community content in their respective modules.",Member,services/api/src/,services/api/test/,Planned for Phase W2 execution,Specification and data schema complete; automated test pending,PLANNED,None
SRCH-FR-006,REQUIREMENT,Kashyap_Adhikari_Master_Requirements_SDLC_Specification.docx,8.4 Genealogy Search and Discovery,Search shall support transliteration/alias normalization without altering source names.,System,services/api/src/,services/api/test/,Planned for Phase W2 execution,Specification and data schema complete; automated test pending,PLANNED,None
SRCH-FR-007,REQUIREMENT,Kashyap_Adhikari_Master_Requirements_SDLC_Specification.docx,8.4 Genealogy Search and Discovery,Search APIs shall paginate and sort deterministically.,System,services/api/src/,services/api/test/,Planned for Phase W2 execution,Specification and data schema complete; automated test pending,PLANNED,None
SRCH-FR-008,REQUIREMENT,Kashyap_Adhikari_Master_Requirements_SDLC_Specification.docx,8.4 Genealogy Search and Discovery,Admin search shall support exact Person/User/Request ID lookup.,Admin,services/api/src/,services/api/test/,Planned for Phase W2 execution,Specification and data schema complete; automated test pending,PLANNED,None
CLAIM-FR-001,REQUIREMENT,Kashyap_Adhikari_Master_Requirements_SDLC_Specification.docx,8.5 Profile Claiming,A registered member shall search the genealogy before requesting a new Person.,Member,services/api/src/,services/api/test/,Planned for Phase W2 execution,Specification and data schema complete; automated test pending,PLANNED,None
CLAIM-FR-002,REQUIREMENT,Kashyap_Adhikari_Master_Requirements_SDLC_Specification.docx,8.5 Profile Claiming,A member shall submit a claim for an existing Person.,Member,services/api/src/,services/api/test/,Planned for Phase W2 execution,Specification and data schema complete; automated test pending,PLANNED,None
CLAIM-FR-003,REQUIREMENT,Kashyap_Adhikari_Master_Requirements_SDLC_Specification.docx,8.5 Profile Claiming,The member shall attach approved supporting evidence or family context.,Member,services/api/src/,services/api/test/,Planned for Phase W2 execution,Specification and data schema complete; automated test pending,PLANNED,None
CLAIM-FR-004,REQUIREMENT,Kashyap_Adhikari_Master_Requirements_SDLC_Specification.docx,8.5 Profile Claiming,Submitted claim shall enter a governed review workflow.,System,services/api/src/,services/api/test/,Planned for Phase W2 execution,Specification and data schema complete; automated test pending,PLANNED,None
CLAIM-FR-005,REQUIREMENT,Kashyap_Adhikari_Master_Requirements_SDLC_Specification.docx,8.5 Profile Claiming,Authorized verifier shall approve a valid claim within assigned scope.,Verifier,services/api/src/,services/api/test/,Planned for Phase W2 execution,Specification and data schema complete; automated test pending,PLANNED,None
CLAIM-FR-006,REQUIREMENT,Kashyap_Adhikari_Master_Requirements_SDLC_Specification.docx,8.5 Profile Claiming,Authorized verifier shall reject a claim with reason.,Verifier,services/api/src/,services/api/test/,Planned for Phase W2 execution,Specification and data schema complete; automated test pending,PLANNED,None
CLAIM-FR-007,REQUIREMENT,Kashyap_Adhikari_Master_Requirements_SDLC_Specification.docx,8.5 Profile Claiming,Verifier shall request correction/additional evidence.,Verifier,services/api/src/,services/api/test/,Planned for Phase W2 execution,Specification and data schema complete; automated test pending,PLANNED,None
CLAIM-FR-008,REQUIREMENT,Kashyap_Adhikari_Master_Requirements_SDLC_Specification.docx,8.5 Profile Claiming,Out-of-scope/disputed claim shall be escalatable to Super Admin.,Verifier/Super Admin,services/api/src/,services/api/test/,Planned for Phase W2 execution,Specification and data schema complete; automated test pending,PLANNED,None
CLAIM-FR-009,REQUIREMENT,Kashyap_Adhikari_Master_Requirements_SDLC_Specification.docx,8.5 Profile Claiming,The system shall detect conflicting active claims.,System,services/api/src/,services/api/test/,Planned for Phase W2 execution,Specification and data schema complete; automated test pending,PLANNED,None
CLAIM-FR-010,REQUIREMENT,Kashyap_Adhikari_Master_Requirements_SDLC_Specification.docx,8.5 Profile Claiming,Member shall see claim status and reviewer feedback.,Member,services/api/src/,services/api/test/,Planned for Phase W2 execution,Specification and data schema complete; automated test pending,PLANNED,None
CLAIM-FR-011,REQUIREMENT,Kashyap_Adhikari_Master_Requirements_SDLC_Specification.docx,8.5 Profile Claiming,Claim decisions shall trigger in-app/push notification according to preference.,System,services/api/src/,services/api/test/,Planned for Phase W2 execution,Specification and data schema complete; automated test pending,PLANNED,None
CLAIM-FR-012,REQUIREMENT,Kashyap_Adhikari_Master_Requirements_SDLC_Specification.docx,8.5 Profile Claiming,Every claim transition shall be auditable.,System,services/api/src/,services/api/test/,Planned for Phase W2 execution,Specification and data schema complete; automated test pending,PLANNED,None
CHG-FR-001,REQUIREMENT,Kashyap_Adhikari_Master_Requirements_SDLC_Specification.docx,8.6 Genealogy Change Requests and Verification,Member shall request adding a parent.,Member,services/api/src/,services/api/test/,Planned for Phase W2 execution,Specification and data schema complete; automated test pending,PLANNED,None
CHG-FR-002,REQUIREMENT,Kashyap_Adhikari_Master_Requirements_SDLC_Specification.docx,8.6 Genealogy Change Requests and Verification,Member shall request adding a spouse.,Member,services/api/src/,services/api/test/,Planned for Phase W2 execution,Specification and data schema complete; automated test pending,PLANNED,None
CHG-FR-003,REQUIREMENT,Kashyap_Adhikari_Master_Requirements_SDLC_Specification.docx,8.6 Genealogy Change Requests and Verification,Member shall request adding a child.,Member,services/api/src/,services/api/test/,Planned for Phase W2 execution,Specification and data schema complete; automated test pending,PLANNED,None
CHG-FR-004,REQUIREMENT,Kashyap_Adhikari_Master_Requirements_SDLC_Specification.docx,8.6 Genealogy Change Requests and Verification,Member shall request another supported family connection.,Member,services/api/src/,services/api/test/,Planned for Phase W2 execution,Specification and data schema complete; automated test pending,PLANNED,None
CHG-FR-005,REQUIREMENT,Kashyap_Adhikari_Master_Requirements_SDLC_Specification.docx,8.6 Genealogy Change Requests and Verification,Member shall request correcting Person information.,Member,services/api/src/,services/api/test/,Planned for Phase W2 execution,Specification and data schema complete; automated test pending,PLANNED,None
CHG-FR-006,REQUIREMENT,Kashyap_Adhikari_Master_Requirements_SDLC_Specification.docx,8.6 Genealogy Change Requests and Verification,Member shall request recording a death.,Member,services/api/src/,services/api/test/,Planned for Phase W2 execution,Specification and data schema complete; automated test pending,PLANNED,None
CHG-FR-007,REQUIREMENT,Kashyap_Adhikari_Master_Requirements_SDLC_Specification.docx,8.6 Genealogy Change Requests and Verification,Member shall attach evidence to a genealogy request.,Member,services/api/src/,services/api/test/,Planned for Phase W2 execution,Specification and data schema complete; automated test pending,PLANNED,None
CHG-FR-008,REQUIREMENT,Kashyap_Adhikari_Master_Requirements_SDLC_Specification.docx,8.6 Genealogy Change Requests and Verification,Verifier shall see before/after and graph-impact preview.,Verifier,services/api/src/,services/api/test/,Planned for Phase W2 execution,Specification and data schema complete; automated test pending,PLANNED,None
CHG-FR-009,REQUIREMENT,Kashyap_Adhikari_Master_Requirements_SDLC_Specification.docx,8.6 Genealogy Change Requests and Verification,"Verifier shall approve, reject or request correction.",Verifier,services/api/src/,services/api/test/,Planned for Phase W2 execution,Specification and data schema complete; automated test pending,PLANNED,None
CHG-FR-010,REQUIREMENT,Kashyap_Adhikari_Master_Requirements_SDLC_Specification.docx,8.6 Genealogy Change Requests and Verification,Approved genealogy change shall apply atomically.,System,services/api/src/,services/api/test/,Planned for Phase W2 execution,Specification and data schema complete; automated test pending,PLANNED,None
CHG-FR-011,REQUIREMENT,Kashyap_Adhikari_Master_Requirements_SDLC_Specification.docx,8.6 Genealogy Change Requests and Verification,Rejected/correction-requested changes shall not mutate trusted genealogy.,System,services/api/src/,services/api/test/,Planned for Phase W2 execution,Specification and data schema complete; automated test pending,PLANNED,None
CHG-FR-012,REQUIREMENT,Kashyap_Adhikari_Master_Requirements_SDLC_Specification.docx,8.6 Genealogy Change Requests and Verification,"Sensitive, cross-branch or duplicate-related requests shall route to Super Admin when required.",System/Verifier,services/api/src/,services/api/test/,Planned for Phase W2 execution,Specification and data schema complete; automated test pending,PLANNED,None
CHG-FR-013,REQUIREMENT,Kashyap_Adhikari_Master_Requirements_SDLC_Specification.docx,8.6 Genealogy Change Requests and Verification,Member shall see history and status of own requests.,Member,services/api/src/,services/api/test/,Planned for Phase W2 execution,Specification and data schema complete; automated test pending,PLANNED,None
CHG-FR-014,REQUIREMENT,Kashyap_Adhikari_Master_Requirements_SDLC_Specification.docx,8.6 Genealogy Change Requests and Verification,Approved change may notify affected followers according to policy/preferences.,System,services/api/src/,services/api/test/,Planned for Phase W2 execution,Specification and data schema complete; automated test pending,PLANNED,None
CHG-FR-015,REQUIREMENT,Kashyap_Adhikari_Master_Requirements_SDLC_Specification.docx,8.6 Genealogy Change Requests and Verification,Every genealogy request and decision shall retain full audit history and evidence references.,System,services/api/src/,services/api/test/,Planned for Phase W2 execution,Specification and data schema complete; automated test pending,PLANNED,None
DUP-FR-001,REQUIREMENT,Kashyap_Adhikari_Master_Requirements_SDLC_Specification.docx,8.7 Duplicate Detection and Merge,The system shall evaluate duplicate candidates before manual or imported Person creation.,System,services/api/src/,services/api/test/,Planned for Phase W2 execution,Specification and data schema complete; automated test pending,PLANNED,None
DUP-FR-002,REQUIREMENT,Kashyap_Adhikari_Master_Requirements_SDLC_Specification.docx,8.7 Duplicate Detection and Merge,"Duplicate scoring shall consider names/aliases, parents, spouse, dates, branch, generation and location where available.",System,services/api/src/,services/api/test/,Planned for Phase W2 execution,Specification and data schema complete; automated test pending,PLANNED,None
DUP-FR-003,REQUIREMENT,Kashyap_Adhikari_Master_Requirements_SDLC_Specification.docx,8.7 Duplicate Detection and Merge,Potential duplicates shall enter an administrative review queue.,Admin,services/api/src/,services/api/test/,Planned for Phase W2 execution,Specification and data schema complete; automated test pending,PLANNED,None
DUP-FR-004,REQUIREMENT,Kashyap_Adhikari_Master_Requirements_SDLC_Specification.docx,8.7 Duplicate Detection and Merge,Authorized admin shall mark candidates as not duplicates.,Admin,services/api/src/,services/api/test/,Planned for Phase W2 execution,Specification and data schema complete; automated test pending,PLANNED,None
DUP-FR-005,REQUIREMENT,Kashyap_Adhikari_Master_Requirements_SDLC_Specification.docx,8.7 Duplicate Detection and Merge,Authorized admin shall merge confirmed duplicates into a canonical Person.,Super Admin/Delegated Admin,services/api/src/,services/api/test/,Planned for Phase W2 execution,Specification and data schema complete; automated test pending,PLANNED,None
DUP-FR-006,REQUIREMENT,Kashyap_Adhikari_Master_Requirements_SDLC_Specification.docx,8.7 Duplicate Detection and Merge,"Merge shall preserve direct relationships, provenance, source references and prior IDs.",System,services/api/src/,services/api/test/,Planned for Phase W2 execution,Specification and data schema complete; automated test pending,PLANNED,None
DUP-FR-007,REQUIREMENT,Kashyap_Adhikari_Master_Requirements_SDLC_Specification.docx,8.7 Duplicate Detection and Merge,Conflicting fields shall require explicit resolution before merge commit.,Admin,services/api/src/,services/api/test/,Planned for Phase W2 execution,Specification and data schema complete; automated test pending,PLANNED,None
DUP-FR-008,REQUIREMENT,Kashyap_Adhikari_Master_Requirements_SDLC_Specification.docx,8.7 Duplicate Detection and Merge,Merged source IDs shall remain administratively traceable to canonical Person.,System,services/api/src/,services/api/test/,Planned for Phase W2 execution,Specification and data schema complete; automated test pending,PLANNED,None
DUP-FR-009,REQUIREMENT,Kashyap_Adhikari_Master_Requirements_SDLC_Specification.docx,8.7 Duplicate Detection and Merge,Merge action shall be fully audited.,System,services/api/src/,services/api/test/,Planned for Phase W2 execution,Specification and data schema complete; automated test pending,PLANNED,None
REL-FR-001,REQUIREMENT,Kashyap_Adhikari_Master_Requirements_SDLC_Specification.docx,8.8 Relationship and Nata/Saino Engine,The system shall derive indirect relationships from verified direct links only.,System,services/api/src/,services/api/test/,Planned for Phase W2 execution,Specification and data schema complete; automated test pending,PLANNED,None
REL-FR-002,REQUIREMENT,Kashyap_Adhikari_Master_Requirements_SDLC_Specification.docx,8.8 Relationship and Nata/Saino Engine,"The engine shall calculate parent, child, sibling, grandparent and grandchild relationships.",System,services/api/src/,services/api/test/,Planned for Phase W2 execution,Specification and data schema complete; automated test pending,PLANNED,None
REL-FR-003,REQUIREMENT,Kashyap_Adhikari_Master_Requirements_SDLC_Specification.docx,8.8 Relationship and Nata/Saino Engine,The engine shall calculate cousin degree/removal from common-ancestor paths where applicable.,System,services/api/src/,services/api/test/,Planned for Phase W2 execution,Specification and data schema complete; automated test pending,PLANNED,None
REL-FR-004,REQUIREMENT,Kashyap_Adhikari_Master_Requirements_SDLC_Specification.docx,8.8 Relationship and Nata/Saino Engine,The engine shall calculate spouse/affinal relationship paths.,System,services/api/src/,services/api/test/,Planned for Phase W2 execution,Specification and data schema complete; automated test pending,PLANNED,None
REL-FR-005,REQUIREMENT,Kashyap_Adhikari_Master_Requirements_SDLC_Specification.docx,8.8 Relationship and Nata/Saino Engine,Relationship shall be displayed relative to the logged-in or selected Person.,Member,services/api/src/,services/api/test/,Planned for Phase W2 execution,Specification and data schema complete; automated test pending,PLANNED,None
REL-FR-006,REQUIREMENT,Kashyap_Adhikari_Master_Requirements_SDLC_Specification.docx,8.8 Relationship and Nata/Saino Engine,The engine shall support approved Nepali Nata/Saino terminology.,System/Religious Representative,services/api/src/,services/api/test/,Planned for Phase W2 execution,Specification and data schema complete; automated test pending,PLANNED,None
REL-FR-007,REQUIREMENT,Kashyap_Adhikari_Master_Requirements_SDLC_Specification.docx,8.8 Relationship and Nata/Saino Engine,The engine shall provide English relationship terminology.,System,services/api/src/,services/api/test/,Planned for Phase W2 execution,Specification and data schema complete; automated test pending,PLANNED,None
REL-FR-008,REQUIREMENT,Kashyap_Adhikari_Master_Requirements_SDLC_Specification.docx,8.8 Relationship and Nata/Saino Engine,The system shall expose a relationship-path explanation where permitted.,Member/Admin,services/api/src/,services/api/test/,Planned for Phase W2 execution,Specification and data schema complete; automated test pending,PLANNED,None
REL-FR-009,REQUIREMENT,Kashyap_Adhikari_Master_Requirements_SDLC_Specification.docx,8.8 Relationship and Nata/Saino Engine,Multiple valid paths shall produce a deterministic canonical display while retaining alternatives for administrative review.,System,services/api/src/,services/api/test/,Planned for Phase W2 execution,Specification and data schema complete; automated test pending,PLANNED,None
REL-FR-010,REQUIREMENT,Kashyap_Adhikari_Master_Requirements_SDLC_Specification.docx,8.8 Relationship and Nata/Saino Engine,Interactive relationship search shall enforce maximum traversal depth and resource limits.,System,services/api/src/,services/api/test/,Planned for Phase W2 execution,Specification and data schema complete; automated test pending,PLANNED,None
REL-FR-011,REQUIREMENT,Kashyap_Adhikari_Master_Requirements_SDLC_Specification.docx,8.8 Relationship and Nata/Saino Engine,Relationship caches/results shall invalidate when relevant verified links change.,System,services/api/src/,services/api/test/,Planned for Phase W2 execution,Specification and data schema complete; automated test pending,PLANNED,None
REL-FR-012,REQUIREMENT,Kashyap_Adhikari_Master_Requirements_SDLC_Specification.docx,8.8 Relationship and Nata/Saino Engine,Unsupported path shall not receive invented cultural terminology.,System,services/api/src/,services/api/test/,Planned for Phase W2 execution,Specification and data schema complete; automated test pending,PLANNED,None
REL-FR-013,REQUIREMENT,Kashyap_Adhikari_Master_Requirements_SDLC_Specification.docx,8.8 Relationship and Nata/Saino Engine,Relationship-rule versions shall require approval and effective-date metadata.,Religious Representative/Admin,services/api/src/,services/api/test/,Planned for Phase W2 execution,Specification and data schema complete; automated test pending,PLANNED,None
CUL-FR-001,REQUIREMENT,Kashyap_Adhikari_Master_Requirements_SDLC_Specification.docx,8.9 Cultural and Historical Content,"The application shall provide authoritative sections for Kashyap Rishi, Bindabasini Devi, Adhikari history, Goth Puja, Dewali/Devali, Shraddha and other approved traditions.",Member,services/api/src/,services/api/test/,Planned for Phase W2 execution,Specification and data schema complete; automated test pending,PLANNED,None
CUL-FR-002,REQUIREMENT,Kashyap_Adhikari_Master_Requirements_SDLC_Specification.docx,8.9 Cultural and Historical Content,Cultural content shall be managed from the administration portal and shall not require a mobile-app release for normal content updates.,Content Manager,services/api/src/,services/api/test/,Planned for Phase W2 execution,Specification and data schema complete; automated test pending,PLANNED,None
CUL-FR-003,REQUIREMENT,Kashyap_Adhikari_Master_Requirements_SDLC_Specification.docx,8.9 Cultural and Historical Content,"Content shall support draft, review, approved, published, archived and superseded lifecycle states.",Content Manager/Religious Representative,services/api/src/,services/api/test/,Planned for Phase W2 execution,Specification and data schema complete; automated test pending,PLANNED,None
CUL-FR-004,REQUIREMENT,Kashyap_Adhikari_Master_Requirements_SDLC_Specification.docx,8.9 Cultural and Historical Content,Authoritative religious/cultural content shall require approval by an assigned Community/Religious Representative before publication.,Religious Representative,services/api/src/,services/api/test/,Planned for Phase W2 execution,Specification and data schema complete; automated test pending,PLANNED,None
CUL-FR-005,REQUIREMENT,Kashyap_Adhikari_Master_Requirements_SDLC_Specification.docx,8.9 Cultural and Historical Content,"Content shall support structured headings, rich text, images, references, attachments and related-content links.",Content Manager,services/api/src/,services/api/test/,Planned for Phase W2 execution,Specification and data schema complete; automated test pending,PLANNED,None
CUL-FR-006,REQUIREMENT,Kashyap_Adhikari_Master_Requirements_SDLC_Specification.docx,8.9 Cultural and Historical Content,"Every published revision shall retain version, author, reviewer, approval, publish date and provenance.",System,services/api/src/,services/api/test/,Planned for Phase W2 execution,Specification and data schema complete; automated test pending,PLANNED,None
CUL-FR-007,REQUIREMENT,Kashyap_Adhikari_Master_Requirements_SDLC_Specification.docx,8.9 Cultural and Historical Content,Published content shall support Nepali and English variants linked to the same content concept.,Content Manager,services/api/src/,services/api/test/,Planned for Phase W2 execution,Specification and data schema complete; automated test pending,PLANNED,None
CUL-FR-008,REQUIREMENT,Kashyap_Adhikari_Master_Requirements_SDLC_Specification.docx,8.9 Cultural and Historical Content,Superseding a cultural rule/article shall not silently overwrite historical revisions.,System,services/api/src/,services/api/test/,Planned for Phase W2 execution,Specification and data schema complete; automated test pending,PLANNED,None
CUL-FR-009,REQUIREMENT,Kashyap_Adhikari_Master_Requirements_SDLC_Specification.docx,8.9 Cultural and Historical Content,"Content search shall index title, approved keywords and body text subject to publication state.",Member,services/api/src/,services/api/test/,Planned for Phase W2 execution,Specification and data schema complete; automated test pending,PLANNED,None
CUL-FR-010,REQUIREMENT,Kashyap_Adhikari_Master_Requirements_SDLC_Specification.docx,8.9 Cultural and Historical Content,Removed or unpublished content shall stop appearing in member surfaces while remaining available to authorized audit users.,System,services/api/src/,services/api/test/,Planned for Phase W2 execution,Specification and data schema complete; automated test pending,PLANNED,None
CAL-FR-001,REQUIREMENT,Kashyap_Adhikari_Master_Requirements_SDLC_Specification.docx,"8.10 Family Calendar, Dates and Tithi","The system shall support Gregorian (AD), Bikram Sambat (BS) and Tithi-based date representations required by the business.",System,services/api/src/,services/api/test/,Planned for Phase W2 execution,Specification and data schema complete; automated test pending,PLANNED,None
CAL-FR-002,REQUIREMENT,Kashyap_Adhikari_Master_Requirements_SDLC_Specification.docx,"8.10 Family Calendar, Dates and Tithi","Date storage shall preserve source calendar, source value, conversion metadata and confidence/provenance where applicable.",System,services/api/src/,services/api/test/,Planned for Phase W2 execution,Specification and data schema complete; automated test pending,PLANNED,None
CAL-FR-003,REQUIREMENT,Kashyap_Adhikari_Master_Requirements_SDLC_Specification.docx,"8.10 Family Calendar, Dates and Tithi","Members shall view a family/community calendar with birthday, death/Shraddha, 84 Puja, marriage, Bratabandha, Dewali/Goth Puja, family gathering and community-event categories.",Member,services/api/src/,services/api/test/,Planned for Phase W2 execution,Specification and data schema complete; automated test pending,PLANNED,None
CAL-FR-004,REQUIREMENT,Kashyap_Adhikari_Master_Requirements_SDLC_Specification.docx,"8.10 Family Calendar, Dates and Tithi",Authorized users shall create and manage family/community events.,Authorized Member/Admin,services/api/src/,services/api/test/,Planned for Phase W2 execution,Specification and data schema complete; automated test pending,PLANNED,None
CAL-FR-005,REQUIREMENT,Kashyap_Adhikari_Master_Requirements_SDLC_Specification.docx,"8.10 Family Calendar, Dates and Tithi",The system shall derive approved recurring family reminders from verified Person/event data.,System,services/api/src/,services/api/test/,Planned for Phase W2 execution,Specification and data schema complete; automated test pending,PLANNED,None
CAL-FR-006,REQUIREMENT,Kashyap_Adhikari_Master_Requirements_SDLC_Specification.docx,"8.10 Family Calendar, Dates and Tithi","Tithi calculation/integration shall use an approved, versioned calendar rule/source.",System/Religious Representative,services/api/src/,services/api/test/,Planned for Phase W2 execution,Specification and data schema complete; automated test pending,PLANNED,None
CAL-FR-007,REQUIREMENT,Kashyap_Adhikari_Master_Requirements_SDLC_Specification.docx,"8.10 Family Calendar, Dates and Tithi",Tithi results shall store the rule/source version used for reproducibility.,System,services/api/src/,services/api/test/,Planned for Phase W2 execution,Specification and data schema complete; automated test pending,PLANNED,None
CAL-FR-008,REQUIREMENT,Kashyap_Adhikari_Master_Requirements_SDLC_Specification.docx,"8.10 Family Calendar, Dates and Tithi","When an authoritative Tithi cannot be calculated, the system shall display a clear unavailable/pending state rather than inventing a date.",System,services/api/src/,services/api/test/,Planned for Phase W2 execution,Specification and data schema complete; automated test pending,PLANNED,None
CAL-FR-009,REQUIREMENT,Kashyap_Adhikari_Master_Requirements_SDLC_Specification.docx,"8.10 Family Calendar, Dates and Tithi",Members shall switch calendar display between supported representations without changing the underlying event.,Member,services/api/src/,services/api/test/,Planned for Phase W2 execution,Specification and data schema complete; automated test pending,PLANNED,None
CAL-FR-010,REQUIREMENT,Kashyap_Adhikari_Master_Requirements_SDLC_Specification.docx,"8.10 Family Calendar, Dates and Tithi","Calendar shall support day, month and agenda views appropriate to mobile.",Member,services/api/src/,services/api/test/,Planned for Phase W2 execution,Specification and data schema complete; automated test pending,PLANNED,None
CAL-FR-011,REQUIREMENT,Kashyap_Adhikari_Master_Requirements_SDLC_Specification.docx,"8.10 Family Calendar, Dates and Tithi","Event visibility shall honor family, branch, invitee, community and administrative access rules.",System,services/api/src/,services/api/test/,Planned for Phase W2 execution,Specification and data schema complete; automated test pending,PLANNED,None
CAL-FR-012,REQUIREMENT,Kashyap_Adhikari_Master_Requirements_SDLC_Specification.docx,"8.10 Family Calendar, Dates and Tithi",Event changes/cancellations shall notify affected invitees/followers according to preference and policy.,System,services/api/src/,services/api/test/,Planned for Phase W2 execution,Specification and data schema complete; automated test pending,PLANNED,None
CAL-FR-013,REQUIREMENT,Kashyap_Adhikari_Master_Requirements_SDLC_Specification.docx,"8.10 Family Calendar, Dates and Tithi",Calendar conversions and recurrence logic shall be covered by signed reference-case tests.,QA/Religious Representative,services/api/src/,services/api/test/,Planned for Phase W2 execution,Specification and data schema complete; automated test pending,PLANNED,None
JUT-FR-001,REQUIREMENT,Kashyap_Adhikari_Master_Requirements_SDLC_Specification.docx,8.11 Jutho Calculation and Guidance,The Release 1.0 product shall implement Jutho determination from a verified deceased Person to a viewing/selected Person using approved relationship rules.,System,services/api/src/,services/api/test/,Planned for Phase W2 execution,Specification and data schema complete; automated test pending,PLANNED,None
JUT-FR-002,REQUIREMENT,Kashyap_Adhikari_Master_Requirements_SDLC_Specification.docx,8.11 Jutho Calculation and Guidance,Jutho rules shall be stored as versioned configuration/rule data rather than embedded as unreviewable application logic.,System/Admin,services/api/src/,services/api/test/,Planned for Phase W2 execution,Specification and data schema complete; automated test pending,PLANNED,None
JUT-FR-003,REQUIREMENT,Kashyap_Adhikari_Master_Requirements_SDLC_Specification.docx,8.11 Jutho Calculation and Guidance,Only an approved and effective Jutho rule set may be used for authoritative member guidance.,Religious Representative/Super Admin,services/api/src/,services/api/test/,Planned for Phase W2 execution,Specification and data schema complete; automated test pending,PLANNED,None
JUT-FR-004,REQUIREMENT,Kashyap_Adhikari_Master_Requirements_SDLC_Specification.docx,8.11 Jutho Calculation and Guidance,"The system shall support the documented indication classes: 13 days, 5 days, 3 days, 1 day and not applicable, with final relationship mapping signed by designated representatives.",System,services/api/src/,services/api/test/,Planned for Phase W2 execution,Specification and data schema complete; automated test pending,PLANNED,None
JUT-FR-005,REQUIREMENT,Kashyap_Adhikari_Master_Requirements_SDLC_Specification.docx,8.11 Jutho Calculation and Guidance,"The member interface shall present Jutho duration, approved indication/color, relationship basis and a cultural-guidance disclaimer/context supplied by authorized content managers.",Member,services/api/src/,services/api/test/,Planned for Phase W2 execution,Specification and data schema complete; automated test pending,PLANNED,None
JUT-FR-006,REQUIREMENT,Kashyap_Adhikari_Master_Requirements_SDLC_Specification.docx,8.11 Jutho Calculation and Guidance,Exceptions shall be expressible in the approved rule catalogue with priority and applicability criteria.,Religious Representative/Admin,services/api/src/,services/api/test/,Planned for Phase W2 execution,Specification and data schema complete; automated test pending,PLANNED,None
JUT-FR-007,REQUIREMENT,Kashyap_Adhikari_Master_Requirements_SDLC_Specification.docx,8.11 Jutho Calculation and Guidance,"If genealogy is incomplete, disputed or unverified, the system shall state that Jutho cannot yet be determined authoritatively.",System,services/api/src/,services/api/test/,Planned for Phase W2 execution,Specification and data schema complete; automated test pending,PLANNED,None
JUT-FR-008,REQUIREMENT,Kashyap_Adhikari_Master_Requirements_SDLC_Specification.docx,8.11 Jutho Calculation and Guidance,Changes to genealogy or active Jutho rules shall invalidate affected cached determinations.,System,services/api/src/,services/api/test/,Planned for Phase W2 execution,Specification and data schema complete; automated test pending,PLANNED,None
JUT-FR-009,REQUIREMENT,Kashyap_Adhikari_Master_Requirements_SDLC_Specification.docx,8.11 Jutho Calculation and Guidance,Jutho rule changes and calculations used for material notifications shall be auditable.,System,services/api/src/,services/api/test/,Planned for Phase W2 execution,Specification and data schema complete; automated test pending,PLANNED,None
NOT-FR-001,REQUIREMENT,Kashyap_Adhikari_Master_Requirements_SDLC_Specification.docx,8.12 Follow Preferences and Notifications,"Members shall follow selected People, immediate-family scopes, branches, generations and supported relationship groups.",Member,services/api/src/,services/api/test/,Planned for Phase W2 execution,Specification and data schema complete; automated test pending,PLANNED,None
NOT-FR-002,REQUIREMENT,Kashyap_Adhikari_Master_Requirements_SDLC_Specification.docx,8.12 Follow Preferences and Notifications,Members shall unfollow any self-selected follow target.,Member,services/api/src/,services/api/test/,Planned for Phase W2 execution,Specification and data schema complete; automated test pending,PLANNED,None
NOT-FR-003,REQUIREMENT,Kashyap_Adhikari_Master_Requirements_SDLC_Specification.docx,8.12 Follow Preferences and Notifications,"The system shall generate relevant reminders/updates for birthdays, 84 Puja, death/Shraddha, marriage, Bratabandha, puja, gatherings, approved genealogy changes and community announcements.",System,services/api/src/,services/api/test/,Planned for Phase W2 execution,Specification and data schema complete; automated test pending,PLANNED,None
NOT-FR-004,REQUIREMENT,Kashyap_Adhikari_Master_Requirements_SDLC_Specification.docx,8.12 Follow Preferences and Notifications,Members shall configure notification categories independently.,Member,services/api/src/,services/api/test/,Planned for Phase W2 execution,Specification and data schema complete; automated test pending,PLANNED,None
NOT-FR-005,REQUIREMENT,Kashyap_Adhikari_Master_Requirements_SDLC_Specification.docx,8.12 Follow Preferences and Notifications,Members shall configure push and in-app delivery preferences where supported.,Member,services/api/src/,services/api/test/,Planned for Phase W2 execution,Specification and data schema complete; automated test pending,PLANNED,None
NOT-FR-006,REQUIREMENT,Kashyap_Adhikari_Master_Requirements_SDLC_Specification.docx,8.12 Follow Preferences and Notifications,Notification payloads displayed on a locked device shall minimize sensitive family information.,System,services/api/src/,services/api/test/,Planned for Phase W2 execution,Specification and data schema complete; automated test pending,PLANNED,None
NOT-FR-007,REQUIREMENT,Kashyap_Adhikari_Master_Requirements_SDLC_Specification.docx,8.12 Follow Preferences and Notifications,Notifications shall deep-link to an authorized application destination.,Member,services/api/src/,services/api/test/,Planned for Phase W2 execution,Specification and data schema complete; automated test pending,PLANNED,None
NOT-FR-008,REQUIREMENT,Kashyap_Adhikari_Master_Requirements_SDLC_Specification.docx,8.12 Follow Preferences and Notifications,The system shall avoid duplicate notifications for the same event/user/channel through idempotency keys.,System,services/api/src/,services/api/test/,Planned for Phase W2 execution,Specification and data schema complete; automated test pending,PLANNED,None
NOT-FR-009,REQUIREMENT,Kashyap_Adhikari_Master_Requirements_SDLC_Specification.docx,8.12 Follow Preferences and Notifications,Members shall view notification history and mark items read/unread.,Member,services/api/src/,services/api/test/,Planned for Phase W2 execution,Specification and data schema complete; automated test pending,PLANNED,None
NOT-FR-010,REQUIREMENT,Kashyap_Adhikari_Master_Requirements_SDLC_Specification.docx,8.12 Follow Preferences and Notifications,"Administrative broadcast notices shall support target scopes such as all members, branch, generation or defined audience.",Authorized Admin,services/api/src/,services/api/test/,Planned for Phase W2 execution,Specification and data schema complete; automated test pending,PLANNED,None
NOT-FR-011,REQUIREMENT,Kashyap_Adhikari_Master_Requirements_SDLC_Specification.docx,8.12 Follow Preferences and Notifications,Notification delivery failures shall be logged/retried according to provider policy without blocking primary business transactions.,System,services/api/src/,services/api/test/,Planned for Phase W2 execution,Specification and data schema complete; automated test pending,PLANNED,None
INV-FR-001,REQUIREMENT,Kashyap_Adhikari_Master_Requirements_SDLC_Specification.docx,8.13 Digital Invitations and RSVP,"Authorized members shall create invitations for marriage, Bratabandha, 84 Puja, puja, family gathering and approved event types.",Member,services/api/src/,services/api/test/,Planned for Phase W2 execution,Specification and data schema complete; automated test pending,PLANNED,None
INV-FR-002,REQUIREMENT,Kashyap_Adhikari_Master_Requirements_SDLC_Specification.docx,8.13 Digital Invitations and RSVP,"Invitation shall include card/presentation, title, details, date/time, venue and map location where provided.",Member,services/api/src/,services/api/test/,Planned for Phase W2 execution,Specification and data schema complete; automated test pending,PLANNED,None
INV-FR-003,REQUIREMENT,Kashyap_Adhikari_Master_Requirements_SDLC_Specification.docx,8.13 Digital Invitations and RSVP,Creator shall select individual invitees from permitted genealogy records.,Member,services/api/src/,services/api/test/,Planned for Phase W2 execution,Specification and data schema complete; automated test pending,PLANNED,None
INV-FR-004,REQUIREMENT,Kashyap_Adhikari_Master_Requirements_SDLC_Specification.docx,8.13 Digital Invitations and RSVP,"Creator shall select genealogy-derived audiences including approved relationship groups, descendants of an ancestor, branch and generation.",Member,services/api/src/,services/api/test/,Planned for Phase W2 execution,Specification and data schema complete; automated test pending,PLANNED,None
INV-FR-005,REQUIREMENT,Kashyap_Adhikari_Master_Requirements_SDLC_Specification.docx,8.13 Digital Invitations and RSVP,"Before send, the system shall show recipient count and a preview to reduce accidental mass sends.",Member,services/api/src/,services/api/test/,Planned for Phase W2 execution,Specification and data schema complete; automated test pending,PLANNED,None
INV-FR-006,REQUIREMENT,Kashyap_Adhikari_Master_Requirements_SDLC_Specification.docx,8.13 Digital Invitations and RSVP,Registered invitees shall receive in-app/push invitation notification according to delivery policy.,System,services/api/src/,services/api/test/,Planned for Phase W2 execution,Specification and data schema complete; automated test pending,PLANNED,None
INV-FR-007,REQUIREMENT,Kashyap_Adhikari_Master_Requirements_SDLC_Specification.docx,8.13 Digital Invitations and RSVP,"Invitees shall respond Attending, Not Attending or Maybe where the event enables RSVP.",Member,services/api/src/,services/api/test/,Planned for Phase W2 execution,Specification and data schema complete; automated test pending,PLANNED,None
INV-FR-008,REQUIREMENT,Kashyap_Adhikari_Master_Requirements_SDLC_Specification.docx,8.13 Digital Invitations and RSVP,Organizer shall see RSVP summary and permitted attendee responses.,Member,services/api/src/,services/api/test/,Planned for Phase W2 execution,Specification and data schema complete; automated test pending,PLANNED,None
INV-FR-009,REQUIREMENT,Kashyap_Adhikari_Master_Requirements_SDLC_Specification.docx,8.13 Digital Invitations and RSVP,Invitation updates/cancellations shall be versioned and notify affected invitees.,System,services/api/src/,services/api/test/,Planned for Phase W2 execution,Specification and data schema complete; automated test pending,PLANNED,None
INV-FR-010,REQUIREMENT,Kashyap_Adhikari_Master_Requirements_SDLC_Specification.docx,8.13 Digital Invitations and RSVP,Genealogy-based recipient resolution shall be reproducible using the verified graph snapshot/query context used at send time.,System,services/api/src/,services/api/test/,Planned for Phase W2 execution,Specification and data schema complete; automated test pending,PLANNED,None
INV-FR-011,REQUIREMENT,Kashyap_Adhikari_Master_Requirements_SDLC_Specification.docx,8.13 Digital Invitations and RSVP,Invitation visibility shall not grant unrelated access to private Person data.,System,services/api/src/,services/api/test/,Planned for Phase W2 execution,Specification and data schema complete; automated test pending,PLANNED,None
INV-FR-012,REQUIREMENT,Kashyap_Adhikari_Master_Requirements_SDLC_Specification.docx,8.13 Digital Invitations and RSVP,"Invitation send, resend, cancellation and audience-changing actions shall be rate-limited and audited.",System,services/api/src/,services/api/test/,Planned for Phase W2 execution,Specification and data schema complete; automated test pending,PLANNED,None
COM-FR-001,REQUIREMENT,Kashyap_Adhikari_Master_Requirements_SDLC_Specification.docx,"8.14 Community Posts, Announcements and Moderation","Verified members shall create community-relevant posts in approved categories including announcements, missing-person notices, property/room availability, assistance requests and community programs.",Member,services/api/src/,services/api/test/,Planned for Phase W2 execution,Specification and data schema complete; automated test pending,PLANNED,None
COM-FR-002,REQUIREMENT,Kashyap_Adhikari_Master_Requirements_SDLC_Specification.docx,"8.14 Community Posts, Announcements and Moderation","Posts shall support text, approved images/media, location and contact information subject to privacy controls.",Member,services/api/src/,services/api/test/,Planned for Phase W2 execution,Specification and data schema complete; automated test pending,PLANNED,None
COM-FR-003,REQUIREMENT,Kashyap_Adhikari_Master_Requirements_SDLC_Specification.docx,"8.14 Community Posts, Announcements and Moderation",Release 1.0 shall implement a configurable moderation policy by post category and risk level.,Moderator/Admin,services/api/src/,services/api/test/,Planned for Phase W2 execution,Specification and data schema complete; automated test pending,PLANNED,None
COM-FR-004,REQUIREMENT,Kashyap_Adhikari_Master_Requirements_SDLC_Specification.docx,"8.14 Community Posts, Announcements and Moderation",Official announcements shall require an authorized publishing role.,Authorized Admin/Moderator,services/api/src/,services/api/test/,Planned for Phase W2 execution,Specification and data schema complete; automated test pending,PLANNED,None
COM-FR-005,REQUIREMENT,Kashyap_Adhikari_Master_Requirements_SDLC_Specification.docx,"8.14 Community Posts, Announcements and Moderation",Members shall report posts/users using configured reason categories and explanatory detail.,Member,services/api/src/,services/api/test/,Planned for Phase W2 execution,Specification and data schema complete; automated test pending,PLANNED,None
COM-FR-006,REQUIREMENT,Kashyap_Adhikari_Master_Requirements_SDLC_Specification.docx,"8.14 Community Posts, Announcements and Moderation",Members shall block another user.,Member,services/api/src/,services/api/test/,Planned for Phase W2 execution,Specification and data schema complete; automated test pending,PLANNED,None
COM-FR-007,REQUIREMENT,Kashyap_Adhikari_Master_Requirements_SDLC_Specification.docx,"8.14 Community Posts, Announcements and Moderation","Moderators shall review reports with content, reporter context, prior actions and applicable policy.",Moderator,services/api/src/,services/api/test/,Planned for Phase W2 execution,Specification and data schema complete; automated test pending,PLANNED,None
COM-FR-008,REQUIREMENT,Kashyap_Adhikari_Master_Requirements_SDLC_Specification.docx,"8.14 Community Posts, Announcements and Moderation","Moderators shall keep, restrict, remove, restore or escalate content according to authority.",Moderator/Super Admin,services/api/src/,services/api/test/,Planned for Phase W2 execution,Specification and data schema complete; automated test pending,PLANNED,None
COM-FR-009,REQUIREMENT,Kashyap_Adhikari_Master_Requirements_SDLC_Specification.docx,"8.14 Community Posts, Announcements and Moderation",Moderation actions shall notify affected author where policy permits and provide reason/appeal path when applicable.,System,services/api/src/,services/api/test/,Planned for Phase W2 execution,Specification and data schema complete; automated test pending,PLANNED,None
COM-FR-010,REQUIREMENT,Kashyap_Adhikari_Master_Requirements_SDLC_Specification.docx,"8.14 Community Posts, Announcements and Moderation",Posts shall support edit history; materially edited moderated content may re-enter review according to policy.,Member/System,services/api/src/,services/api/test/,Planned for Phase W2 execution,Specification and data schema complete; automated test pending,PLANNED,None
COM-FR-011,REQUIREMENT,Kashyap_Adhikari_Master_Requirements_SDLC_Specification.docx,"8.14 Community Posts, Announcements and Moderation",Deleted/removed community content shall be soft-deleted/retained according to retention and legal policy rather than silently destroyed.,System,services/api/src/,services/api/test/,Planned for Phase W2 execution,Specification and data schema complete; automated test pending,PLANNED,None
COM-FR-012,REQUIREMENT,Kashyap_Adhikari_Master_Requirements_SDLC_Specification.docx,"8.14 Community Posts, Announcements and Moderation","Feed shall support pagination, category filters, search and deterministic ordering.",Member,services/api/src/,services/api/test/,Planned for Phase W2 execution,Specification and data schema complete; automated test pending,PLANNED,None
COM-FR-013,REQUIREMENT,Kashyap_Adhikari_Master_Requirements_SDLC_Specification.docx,"8.14 Community Posts, Announcements and Moderation","Community interactions shall be protected by rate limits, file scanning and anti-abuse controls.",System,services/api/src/,services/api/test/,Planned for Phase W2 execution,Specification and data schema complete; automated test pending,PLANNED,None
COM-FR-014,REQUIREMENT,Kashyap_Adhikari_Master_Requirements_SDLC_Specification.docx,"8.14 Community Posts, Announcements and Moderation","Community moderation policy, actions and administrator overrides shall be auditable.",System,services/api/src/,services/api/test/,Planned for Phase W2 execution,Specification and data schema complete; automated test pending,PLANNED,None
MAP-FR-001,REQUIREMENT,Kashyap_Adhikari_Master_Requirements_SDLC_Specification.docx,8.15 Family and Household Map,Release 1.0 shall provide a map view of households/approved community locations.,Member,services/api/src/,services/api/test/,Planned for Phase W2 execution,Specification and data schema complete; automated test pending,PLANNED,None
MAP-FR-002,REQUIREMENT,Kashyap_Adhikari_Master_Requirements_SDLC_Specification.docx,8.15 Family and Household Map,Household location shall be a distinct governed entity and shall not expose a member’s precise location by default.,System/Admin,services/api/src/,services/api/test/,Planned for Phase W2 execution,Specification and data schema complete; automated test pending,PLANNED,None
MAP-FR-003,REQUIREMENT,Kashyap_Adhikari_Master_Requirements_SDLC_Specification.docx,8.15 Family and Household Map,Authorized household representatives/admins shall propose or manage household location information according to policy.,Member/Admin,services/api/src/,services/api/test/,Planned for Phase W2 execution,Specification and data schema complete; automated test pending,PLANNED,None
MAP-FR-004,REQUIREMENT,Kashyap_Adhikari_Master_Requirements_SDLC_Specification.docx,8.15 Family and Household Map,Map shall support search/filter by branch and permitted geographic attributes.,Member,services/api/src/,services/api/test/,Planned for Phase W2 execution,Specification and data schema complete; automated test pending,PLANNED,None
MAP-FR-005,REQUIREMENT,Kashyap_Adhikari_Master_Requirements_SDLC_Specification.docx,8.15 Family and Household Map,Sensitive exact coordinates/addresses shall be field-level protected and may be generalized to locality/district for broader viewers.,System,services/api/src/,services/api/test/,Planned for Phase W2 execution,Specification and data schema complete; automated test pending,PLANNED,None
MAP-FR-006,REQUIREMENT,Kashyap_Adhikari_Master_Requirements_SDLC_Specification.docx,8.15 Family and Household Map,Invitation/event venues may use map/location services independently of household residence privacy.,Member/System,services/api/src/,services/api/test/,Planned for Phase W2 execution,Specification and data schema complete; automated test pending,PLANNED,None
MAP-FR-007,REQUIREMENT,Kashyap_Adhikari_Master_Requirements_SDLC_Specification.docx,8.15 Family and Household Map,Location access and administrative edits shall be auditable where sensitivity requires it.,System,services/api/src/,services/api/test/,Planned for Phase W2 execution,Specification and data schema complete; automated test pending,PLANNED,None
CHAT-FR-001,REQUIREMENT,Kashyap_Adhikari_Master_Requirements_SDLC_Specification.docx,8.16 Private and Group Communication,Registered members shall start one-to-one conversations with other eligible registered members.,Member,services/api/src/,services/api/test/,Planned for Phase W2 execution,Specification and data schema complete; automated test pending,PLANNED,None
CHAT-FR-002,REQUIREMENT,Kashyap_Adhikari_Master_Requirements_SDLC_Specification.docx,8.16 Private and Group Communication,Release 1.0 shall support group conversations with membership and group-information management.,Member,services/api/src/,services/api/test/,Planned for Phase W2 execution,Specification and data schema complete; automated test pending,PLANNED,None
CHAT-FR-003,REQUIREMENT,Kashyap_Adhikari_Master_Requirements_SDLC_Specification.docx,8.16 Private and Group Communication,Members shall send and receive text messages in near real time.,Member,services/api/src/,services/api/test/,Planned for Phase W2 execution,Specification and data schema complete; automated test pending,PLANNED,None
CHAT-FR-004,REQUIREMENT,Kashyap_Adhikari_Master_Requirements_SDLC_Specification.docx,8.16 Private and Group Communication,Messages shall support approved images and files subject to size/type/security policy.,Member,services/api/src/,services/api/test/,Planned for Phase W2 execution,Specification and data schema complete; automated test pending,PLANNED,None
CHAT-FR-005,REQUIREMENT,Kashyap_Adhikari_Master_Requirements_SDLC_Specification.docx,8.16 Private and Group Communication,Messaging shall provide sent/delivered/read state where privacy/product policy enables it.,Member,services/api/src/,services/api/test/,Planned for Phase W2 execution,Specification and data schema complete; automated test pending,PLANNED,None
CHAT-FR-006,REQUIREMENT,Kashyap_Adhikari_Master_Requirements_SDLC_Specification.docx,8.16 Private and Group Communication,Conversation history shall synchronize across authenticated devices subject to retention policy.,Member,services/api/src/,services/api/test/,Planned for Phase W2 execution,Specification and data schema complete; automated test pending,PLANNED,None
CHAT-FR-007,REQUIREMENT,Kashyap_Adhikari_Master_Requirements_SDLC_Specification.docx,8.16 Private and Group Communication,Offline/temporarily disconnected clients shall queue/retry outgoing messages without unintended duplicates.,System,services/api/src/,services/api/test/,Planned for Phase W2 execution,Specification and data schema complete; automated test pending,PLANNED,None
CHAT-FR-008,REQUIREMENT,Kashyap_Adhikari_Master_Requirements_SDLC_Specification.docx,8.16 Private and Group Communication,Members shall block another member and blocked-user behavior shall apply immediately to new direct communication.,Member,services/api/src/,services/api/test/,Planned for Phase W2 execution,Specification and data schema complete; automated test pending,PLANNED,None
CHAT-FR-009,REQUIREMENT,Kashyap_Adhikari_Master_Requirements_SDLC_Specification.docx,8.16 Private and Group Communication,Members shall report messages/conversations/users to moderators with selected context.,Member,services/api/src/,services/api/test/,Planned for Phase W2 execution,Specification and data schema complete; automated test pending,PLANNED,None
CHAT-FR-010,REQUIREMENT,Kashyap_Adhikari_Master_Requirements_SDLC_Specification.docx,8.16 Private and Group Communication,Group roles shall support at least owner/admin/member with controlled member and group-setting actions.,Member,services/api/src/,services/api/test/,Planned for Phase W2 execution,Specification and data schema complete; automated test pending,PLANNED,None
CHAT-FR-011,REQUIREMENT,Kashyap_Adhikari_Master_Requirements_SDLC_Specification.docx,8.16 Private and Group Communication,Push notification previews shall not reveal sensitive message content when member privacy setting suppresses previews.,System,services/api/src/,services/api/test/,Planned for Phase W2 execution,Specification and data schema complete; automated test pending,PLANNED,None
CHAT-FR-012,REQUIREMENT,Kashyap_Adhikari_Master_Requirements_SDLC_Specification.docx,8.16 Private and Group Communication,Message/media deletion behavior shall follow documented retention and participant visibility rules.,Member/System,services/api/src/,services/api/test/,Planned for Phase W2 execution,Specification and data schema complete; automated test pending,PLANNED,None
CHAT-FR-013,REQUIREMENT,Kashyap_Adhikari_Master_Requirements_SDLC_Specification.docx,8.16 Private and Group Communication,"Messaging endpoints shall enforce rate limits, authorization and abuse controls.",System,services/api/src/,services/api/test/,Planned for Phase W2 execution,Specification and data schema complete; automated test pending,PLANNED,None
CHAT-FR-014,REQUIREMENT,Kashyap_Adhikari_Master_Requirements_SDLC_Specification.docx,8.16 Private and Group Communication,"Administrative access to message content, if legally/policy permitted at all, shall be exceptional, role-restricted and auditable.",Super Admin/System,services/api/src/,services/api/test/,Planned for Phase W2 execution,Specification and data schema complete; automated test pending,PLANNED,None
ADM-FR-001,GOVERNANCE_CONTROL,Kashyap_Adhikari_Master_Requirements_SDLC_Specification.docx,8.17 Administration and Governance Portal,Authorized administrators shall authenticate separately into the web administration portal with stronger session controls.,Admin,services/api/src/,services/api/test/,Planned for Phase W2 execution,Specification and data schema complete; automated test pending,PLANNED,None
ADM-FR-002,GOVERNANCE_CONTROL,Kashyap_Adhikari_Master_Requirements_SDLC_Specification.docx,8.17 Administration and Governance Portal,Dashboard shall show role-appropriate operational queues and key health/workload indicators.,Admin,services/api/src/,services/api/test/,Planned for Phase W2 execution,Specification and data schema complete; automated test pending,PLANNED,None
ADM-FR-003,GOVERNANCE_CONTROL,Kashyap_Adhikari_Master_Requirements_SDLC_Specification.docx,8.17 Administration and Governance Portal,Verifiers shall review profile claims and genealogy change requests within assigned authority.,Verifier,services/api/src/,services/api/test/,Planned for Phase W2 execution,Specification and data schema complete; automated test pending,PLANNED,None
ADM-FR-004,GOVERNANCE_CONTROL,Kashyap_Adhikari_Master_Requirements_SDLC_Specification.docx,8.17 Administration and Governance Portal,Admins shall search and inspect Person records and direct family links according to role.,Admin,services/api/src/,services/api/test/,Planned for Phase W2 execution,Specification and data schema complete; automated test pending,PLANNED,None
ADM-FR-005,GOVERNANCE_CONTROL,Kashyap_Adhikari_Master_Requirements_SDLC_Specification.docx,8.17 Administration and Governance Portal,Authorized admins shall create/correct direct genealogy facts through governed workflows.,Admin,services/api/src/,services/api/test/,Planned for Phase W2 execution,Specification and data schema complete; automated test pending,PLANNED,None
ADM-FR-006,GOVERNANCE_CONTROL,Kashyap_Adhikari_Master_Requirements_SDLC_Specification.docx,8.17 Administration and Governance Portal,Super Admin/delegated authority shall resolve duplicate Person records.,Super Admin,services/api/src/,services/api/test/,Planned for Phase W2 execution,Specification and data schema complete; automated test pending,PLANNED,None
ADM-FR-007,GOVERNANCE_CONTROL,Kashyap_Adhikari_Master_Requirements_SDLC_Specification.docx,8.17 Administration and Governance Portal,"Super Admin shall manage branches, generations and cross-branch connections.",Super Admin,services/api/src/,services/api/test/,Planned for Phase W2 execution,Specification and data schema complete; automated test pending,PLANNED,None
ADM-FR-008,GOVERNANCE_CONTROL,Kashyap_Adhikari_Master_Requirements_SDLC_Specification.docx,8.17 Administration and Governance Portal,"Super Admin shall manage user status, roles, permissions and verifier assignments.",Super Admin,services/api/src/,services/api/test/,Planned for Phase W2 execution,Specification and data schema complete; automated test pending,PLANNED,None
ADM-FR-009,GOVERNANCE_CONTROL,Kashyap_Adhikari_Master_Requirements_SDLC_Specification.docx,8.17 Administration and Governance Portal,Content managers and designated approvers shall manage cultural/historical content lifecycle.,Content Manager/Religious Representative,services/api/src/,services/api/test/,Planned for Phase W2 execution,Specification and data schema complete; automated test pending,PLANNED,None
ADM-FR-010,GOVERNANCE_CONTROL,Kashyap_Adhikari_Master_Requirements_SDLC_Specification.docx,8.17 Administration and Governance Portal,"Authorized users shall manage events, invitations and broadcasts within assigned authority.",Admin,services/api/src/,services/api/test/,Planned for Phase W2 execution,Specification and data schema complete; automated test pending,PLANNED,None
ADM-FR-011,GOVERNANCE_CONTROL,Kashyap_Adhikari_Master_Requirements_SDLC_Specification.docx,8.17 Administration and Governance Portal,Moderators shall manage reports and community-content moderation.,Moderator,services/api/src/,services/api/test/,Planned for Phase W2 execution,Specification and data schema complete; automated test pending,PLANNED,None
ADM-FR-012,GOVERNANCE_CONTROL,Kashyap_Adhikari_Master_Requirements_SDLC_Specification.docx,8.17 Administration and Governance Portal,"Authorized domain administrators shall manage versioned Nata/Saino, Jutho and calendar/Tithi rule sets with approval workflow.",Religious Representative/Super Admin,services/api/src/,services/api/test/,Planned for Phase W2 execution,Specification and data schema complete; automated test pending,PLANNED,None
ADM-FR-013,GOVERNANCE_CONTROL,Kashyap_Adhikari_Master_Requirements_SDLC_Specification.docx,8.17 Administration and Governance Portal,Admin portal shall provide import/dry-run/reconciliation tooling for genealogy migration.,Data Steward/Super Admin,services/api/src/,services/api/test/,Planned for Phase W2 execution,Specification and data schema complete; automated test pending,PLANNED,None
ADM-FR-014,GOVERNANCE_CONTROL,Kashyap_Adhikari_Master_Requirements_SDLC_Specification.docx,8.17 Administration and Governance Portal,"Authorized administrators shall inspect audit history using filters for actor, action, entity, date and correlation/request ID.",Admin,services/api/src/,services/api/test/,Planned for Phase W2 execution,Specification and data schema complete; automated test pending,PLANNED,None
ADM-FR-015,GOVERNANCE_CONTROL,Kashyap_Adhikari_Master_Requirements_SDLC_Specification.docx,8.17 Administration and Governance Portal,"System configuration shall be managed through typed, permissioned settings with change history.",Super Admin,services/api/src/,services/api/test/,Planned for Phase W2 execution,Specification and data schema complete; automated test pending,PLANNED,None
ADM-FR-016,GOVERNANCE_CONTROL,Kashyap_Adhikari_Master_Requirements_SDLC_Specification.docx,8.17 Administration and Governance Portal,Operational administration shall expose integration/queue/import status without exposing secrets.,Admin/Operations,services/api/src/,services/api/test/,Planned for Phase W2 execution,Specification and data schema complete; automated test pending,PLANNED,None
AUD-FR-001,AUDIT_CONTROL,Kashyap_Adhikari_Master_Requirements_SDLC_Specification.docx,8.18 Audit and Evidence,"Material genealogy, identity, role, moderation, rule, import and configuration changes shall generate append-only audit events.",System,services/api/src/,services/api/test/,Planned for Phase W2 execution,Specification and data schema complete; automated test pending,PLANNED,None
AUD-FR-002,AUDIT_CONTROL,Kashyap_Adhikari_Master_Requirements_SDLC_Specification.docx,8.18 Audit and Evidence,"Audit event shall capture actor, action, target, timestamp, correlation ID, decision/reason and safe before/after metadata where applicable.",System,services/api/src/,services/api/test/,Planned for Phase W2 execution,Specification and data schema complete; automated test pending,PLANNED,None
AUD-FR-003,AUDIT_CONTROL,Kashyap_Adhikari_Master_Requirements_SDLC_Specification.docx,8.18 Audit and Evidence,Audit records shall be tamper-resistant to normal application/admin users.,System,services/api/src/,services/api/test/,Planned for Phase W2 execution,Specification and data schema complete; automated test pending,PLANNED,None
AUD-FR-004,AUDIT_CONTROL,Kashyap_Adhikari_Master_Requirements_SDLC_Specification.docx,8.18 Audit and Evidence,"Evidence files shall retain provenance, checksum, access metadata and relationship to governing request/decision.",System,services/api/src/,services/api/test/,Planned for Phase W2 execution,Specification and data schema complete; automated test pending,PLANNED,None
AUD-FR-005,AUDIT_CONTROL,Kashyap_Adhikari_Master_Requirements_SDLC_Specification.docx,8.18 Audit and Evidence,Audit/evidence access shall itself be permission-controlled and logged where required.,Admin/System,services/api/src/,services/api/test/,Planned for Phase W2 execution,Specification and data schema complete; automated test pending,PLANNED,None
PRIV-FR-001,REQUIREMENT,Kashyap_Adhikari_Master_Requirements_SDLC_Specification.docx,8.19 Privacy and Consent,Profile and genealogy fields shall be classified by visibility/sensitivity and enforced server-side.,System,services/api/src/,services/api/test/,Planned for Phase W2 execution,Specification and data schema complete; automated test pending,PLANNED,None
PRIV-FR-002,REQUIREMENT,Kashyap_Adhikari_Master_Requirements_SDLC_Specification.docx,8.19 Privacy and Consent,Members shall manage allowed visibility for configurable personal fields within policy bounds.,Member,services/api/src/,services/api/test/,Planned for Phase W2 execution,Specification and data schema complete; automated test pending,PLANNED,None
PRIV-FR-003,REQUIREMENT,Kashyap_Adhikari_Master_Requirements_SDLC_Specification.docx,8.19 Privacy and Consent,The product shall provide a privacy-safe treatment for children/minors and non-user Person records.,System/Admin,services/api/src/,services/api/test/,Planned for Phase W2 execution,Specification and data schema complete; automated test pending,PLANNED,None
PRIV-FR-004,REQUIREMENT,Kashyap_Adhikari_Master_Requirements_SDLC_Specification.docx,8.19 Privacy and Consent,Precise household/location data shall require explicit authorized collection and controlled visibility.,Member/System,services/api/src/,services/api/test/,Planned for Phase W2 execution,Specification and data schema complete; automated test pending,PLANNED,None
PRIV-FR-005,REQUIREMENT,Kashyap_Adhikari_Master_Requirements_SDLC_Specification.docx,8.19 Privacy and Consent,"Members shall be able to request correction, deactivation/de-linking and account deletion handling according to governing data policy while preserving necessary genealogy/audit integrity.",Member/Admin,services/api/src/,services/api/test/,Planned for Phase W2 execution,Specification and data schema complete; automated test pending,PLANNED,None
PRIV-FR-006,REQUIREMENT,Kashyap_Adhikari_Master_Requirements_SDLC_Specification.docx,8.19 Privacy and Consent,Consent/policy acknowledgements required by the product shall be versioned with user acceptance timestamp.,System,services/api/src/,services/api/test/,Planned for Phase W2 execution,Specification and data schema complete; automated test pending,PLANNED,None
PRIV-FR-007,REQUIREMENT,Kashyap_Adhikari_Master_Requirements_SDLC_Specification.docx,8.19 Privacy and Consent,"Data exports or administrative reports containing personal information shall be role-limited, minimized and auditable.",Admin,services/api/src/,services/api/test/,Planned for Phase W2 execution,Specification and data schema complete; automated test pending,PLANNED,None
PRIV-FR-008,REQUIREMENT,Kashyap_Adhikari_Master_Requirements_SDLC_Specification.docx,8.19 Privacy and Consent,Privacy settings shall be understandable in Nepali and English with safe defaults.,Member,services/api/src/,services/api/test/,Planned for Phase W2 execution,Specification and data schema complete; automated test pending,PLANNED,None
I18N-FR-001,REQUIREMENT,Kashyap_Adhikari_Master_Requirements_SDLC_Specification.docx,8.20 Localization and Accessibility,Member application shall support Nepali and English throughout Release 1.0 core and extended modules.,Member,services/api/src/,services/api/test/,Planned for Phase W2 execution,Specification and data schema complete; automated test pending,PLANNED,None
I18N-FR-002,REQUIREMENT,Kashyap_Adhikari_Master_Requirements_SDLC_Specification.docx,8.20 Localization and Accessibility,UI text shall be externalized from code and managed with stable localization keys.,Engineering,services/api/src/,services/api/test/,Planned for Phase W2 execution,Specification and data schema complete; automated test pending,PLANNED,None
I18N-FR-003,REQUIREMENT,Kashyap_Adhikari_Master_Requirements_SDLC_Specification.docx,8.20 Localization and Accessibility,Names shall preserve original script while supporting aliases/transliteration for search and display.,System,services/api/src/,services/api/test/,Planned for Phase W2 execution,Specification and data schema complete; automated test pending,PLANNED,None
I18N-FR-004,REQUIREMENT,Kashyap_Adhikari_Master_Requirements_SDLC_Specification.docx,8.20 Localization and Accessibility,"Date, time, number and calendar formatting shall follow selected locale and domain context.",System,services/api/src/,services/api/test/,Planned for Phase W2 execution,Specification and data schema complete; automated test pending,PLANNED,None
I18N-FR-005,REQUIREMENT,Kashyap_Adhikari_Master_Requirements_SDLC_Specification.docx,8.20 Localization and Accessibility,Mobile and admin experiences shall meet the accessibility requirements defined in the NFR section.,Engineering/QA,services/api/src/,services/api/test/,Planned for Phase W2 execution,Specification and data schema complete; automated test pending,PLANNED,None
MEDIA-FR-001,REQUIREMENT,Kashyap_Adhikari_Master_Requirements_SDLC_Specification.docx,8.21 Media and File Handling,"Media uploads shall use authenticated, short-lived upload authorization and private-by-default storage.",System,services/api/src/,services/api/test/,Planned for Phase W2 execution,Specification and data schema complete; automated test pending,PLANNED,None
MEDIA-FR-002,REQUIREMENT,Kashyap_Adhikari_Master_Requirements_SDLC_Specification.docx,8.21 Media and File Handling,"Server shall validate allowed file type, content type, extension, size and checksum.",System,services/api/src/,services/api/test/,Planned for Phase W2 execution,Specification and data schema complete; automated test pending,PLANNED,None
MEDIA-FR-003,REQUIREMENT,Kashyap_Adhikari_Master_Requirements_SDLC_Specification.docx,8.21 Media and File Handling,Uploaded files shall be scanned/validated before public/community/message availability according to security policy.,System,services/api/src/,services/api/test/,Planned for Phase W2 execution,Specification and data schema complete; automated test pending,PLANNED,None
MEDIA-FR-004,REQUIREMENT,Kashyap_Adhikari_Master_Requirements_SDLC_Specification.docx,8.21 Media and File Handling,Images shall support safe derivative generation (thumbnail/display size) without overwriting source.,System,services/api/src/,services/api/test/,Planned for Phase W2 execution,Specification and data schema complete; automated test pending,PLANNED,None
MEDIA-FR-005,REQUIREMENT,Kashyap_Adhikari_Master_Requirements_SDLC_Specification.docx,8.21 Media and File Handling,Media access shall use authorization or time-limited delivery URLs appropriate to visibility.,System,services/api/src/,services/api/test/,Planned for Phase W2 execution,Specification and data schema complete; automated test pending,PLANNED,None
MEDIA-FR-006,REQUIREMENT,Kashyap_Adhikari_Master_Requirements_SDLC_Specification.docx,8.21 Media and File Handling,Retention/deletion of media shall follow owning entity’s retention policy and legal/audit constraints.,System,services/api/src/,services/api/test/,Planned for Phase W2 execution,Specification and data schema complete; automated test pending,PLANNED,None
NFR-PERF-001,REQUIREMENT,Kashyap_Adhikari_Master_Requirements_SDLC_Specification.docx,9. Non-Functional Requirements (NFR),API latency,"Normal cached/simple read endpoints p95 <= 500 ms at target load, excluding third-party latency.",services/api/src/,services/api/test/,Planned for Phase W2 execution,Specification and data schema complete; automated test pending,PLANNED,None
NFR-PERF-002,REQUIREMENT,Kashyap_Adhikari_Master_Requirements_SDLC_Specification.docx,9. Non-Functional Requirements (NFR),API latency,"Normal transactional writes p95 <= 800 ms at target load, excluding OTP/map/calendar providers.",services/api/src/,services/api/test/,Planned for Phase W2 execution,Specification and data schema complete; automated test pending,PLANNED,None
NFR-PERF-003,REQUIREMENT,Kashyap_Adhikari_Master_Requirements_SDLC_Specification.docx,9. Non-Functional Requirements (NFR),Search,Person search first page p95 <= 1.0 s for production-scale test dataset.,services/api/src/,services/api/test/,Planned for Phase W2 execution,Specification and data schema complete; automated test pending,PLANNED,None
NFR-PERF-004,REQUIREMENT,Kashyap_Adhikari_Master_Requirements_SDLC_Specification.docx,9. Non-Functional Requirements (NFR),Family tree,Initial visible tree context p95 <= 2.0 s on supported network profile; deeper graph loads incrementally.,services/api/src/,services/api/test/,Planned for Phase W2 execution,Specification and data schema complete; automated test pending,PLANNED,None
NFR-PERF-005,REQUIREMENT,Kashyap_Adhikari_Master_Requirements_SDLC_Specification.docx,9. Non-Functional Requirements (NFR),Messaging,Connected message send-to-receive p95 <= 2 s under target real-time load.,services/api/src/,services/api/test/,Planned for Phase W2 execution,Specification and data schema complete; automated test pending,PLANNED,None
NFR-SCALE-001,REQUIREMENT,Kashyap_Adhikari_Master_Requirements_SDLC_Specification.docx,9. Non-Functional Requirements (NFR),Scale,"Architecture shall support at least 1,000,000 Person records without redesign of the core domain model.",services/api/src/,services/api/test/,Planned for Phase W2 execution,Specification and data schema complete; automated test pending,PLANNED,None
NFR-SCALE-002,REQUIREMENT,Kashyap_Adhikari_Master_Requirements_SDLC_Specification.docx,9. Non-Functional Requirements (NFR),Scale,"Architecture baseline shall support at least 100,000 registered users and 10,000 concurrent real-time connections with horizontal scaling.",services/api/src/,services/api/test/,Planned for Phase W2 execution,Specification and data schema complete; automated test pending,PLANNED,None
NFR-AVL-001,REQUIREMENT,Kashyap_Adhikari_Master_Requirements_SDLC_Specification.docx,9. Non-Functional Requirements (NFR),Availability,Core production APIs target >= 99.9% monthly availability excluding approved maintenance windows.,services/api/src/,services/api/test/,Planned for Phase W2 execution,Specification and data schema complete; automated test pending,PLANNED,None
NFR-REL-001,REQUIREMENT,Kashyap_Adhikari_Master_Requirements_SDLC_Specification.docx,9. Non-Functional Requirements (NFR),Reliability,Business mutations shall be transactional/idempotent where retries can occur.,services/api/src/,services/api/test/,Planned for Phase W2 execution,Specification and data schema complete; automated test pending,PLANNED,None
NFR-REL-002,REQUIREMENT,Kashyap_Adhikari_Master_Requirements_SDLC_Specification.docx,9. Non-Functional Requirements (NFR),Reliability,Notification/integration failures shall not corrupt committed genealogy/business data.,services/api/src/,services/api/test/,Planned for Phase W2 execution,Specification and data schema complete; automated test pending,PLANNED,None
NFR-DATA-001,REQUIREMENT,Kashyap_Adhikari_Master_Requirements_SDLC_Specification.docx,9. Non-Functional Requirements (NFR),Integrity,"Genealogy invariants, FK/unique constraints and application validation shall prevent invalid trusted graph states.",services/api/src/,services/api/test/,Planned for Phase W2 execution,Specification and data schema complete; automated test pending,PLANNED,None
NFR-DATA-002,REQUIREMENT,Kashyap_Adhikari_Master_Requirements_SDLC_Specification.docx,9. Non-Functional Requirements (NFR),Durability,"Approved genealogy, audit and identity records shall use durable managed database storage with backup/PITR.",services/api/src/,services/api/test/,Planned for Phase W2 execution,Specification and data schema complete; automated test pending,PLANNED,None
NFR-SEC-001,REQUIREMENT,Kashyap_Adhikari_Master_Requirements_SDLC_Specification.docx,9. Non-Functional Requirements (NFR),Transport,External and service-to-service sensitive traffic shall use TLS 1.2+ with TLS 1.3 preferred where supported.,services/api/src/,services/api/test/,Planned for Phase W2 execution,Specification and data schema complete; automated test pending,PLANNED,None
NFR-SEC-002,REQUIREMENT,Kashyap_Adhikari_Master_Requirements_SDLC_Specification.docx,9. Non-Functional Requirements (NFR),Secrets,Secrets shall be stored in managed secret storage; never committed to source control/mobile bundle.,services/api/src/,services/api/test/,Planned for Phase W2 execution,Specification and data schema complete; automated test pending,PLANNED,None
NFR-SEC-003,REQUIREMENT,Kashyap_Adhikari_Master_Requirements_SDLC_Specification.docx,9. Non-Functional Requirements (NFR),Mobile tokens,Refresh/auth secrets shall use Android Keystore/iOS Keychain-backed secure storage.,services/api/src/,services/api/test/,Planned for Phase W2 execution,Specification and data schema complete; automated test pending,PLANNED,None
NFR-SEC-004,REQUIREMENT,Kashyap_Adhikari_Master_Requirements_SDLC_Specification.docx,9. Non-Functional Requirements (NFR),Web security,"Admin portal/API shall implement OWASP-aligned controls for authentication, authorization, input validation, CSRF/XSS/SSRF/SQLi and secure headers.",services/api/src/,services/api/test/,Planned for Phase W2 execution,Specification and data schema complete; automated test pending,PLANNED,None
NFR-SEC-005,REQUIREMENT,Kashyap_Adhikari_Master_Requirements_SDLC_Specification.docx,9. Non-Functional Requirements (NFR),Abuse,"OTP, search, messaging, posts, invitations and sensitive admin endpoints shall be rate-limited.",services/api/src/,services/api/test/,Planned for Phase W2 execution,Specification and data schema complete; automated test pending,PLANNED,None
NFR-PRIV-001,REQUIREMENT,Kashyap_Adhikari_Master_Requirements_SDLC_Specification.docx,9. Non-Functional Requirements (NFR),Privacy,APIs shall minimize returned personal data and enforce field-level/relationship-aware visibility server-side.,services/api/src/,services/api/test/,Planned for Phase W2 execution,Specification and data schema complete; automated test pending,PLANNED,None
NFR-PRIV-002,REQUIREMENT,Kashyap_Adhikari_Master_Requirements_SDLC_Specification.docx,9. Non-Functional Requirements (NFR),Privacy,"Logs/telemetry shall not contain OTPs, access tokens, raw passwords/secrets or unnecessary sensitive personal data.",services/api/src/,services/api/test/,Planned for Phase W2 execution,Specification and data schema complete; automated test pending,PLANNED,None
NFR-A11Y-001,REQUIREMENT,Kashyap_Adhikari_Master_Requirements_SDLC_Specification.docx,9. Non-Functional Requirements (NFR),Accessibility,"Admin web shall target WCAG 2.2 AA; mobile shall implement platform accessibility semantics, scalable text and adequate touch targets.","packages/design-tokens/src/index.ts, apps/admin/src/app/globals.css",packages/design-tokens/src/tokens.spec.ts,Accessibility tokens and high-contrast styling (WCAG 2.2 Level AA),Design tokens compliant; full screen-reader and automated axe audit pending,IMPLEMENTED_UNVERIFIED,None
NFR-I18N-001,REQUIREMENT,Kashyap_Adhikari_Master_Requirements_SDLC_Specification.docx,9. Non-Functional Requirements (NFR),Localization,"Nepali and English shall be production-complete, Unicode-safe and regression tested.",services/api/src/,services/api/test/,Planned for Phase W2 execution,Specification and data schema complete; automated test pending,PLANNED,None
NFR-COMP-001,REQUIREMENT,Kashyap_Adhikari_Master_Requirements_SDLC_Specification.docx,9. Non-Functional Requirements (NFR),Mobile compatibility,Support policy shall cover current mainstream Android/iOS versions selected before implementation and documented in release matrix.,services/api/src/,services/api/test/,Planned for Phase W2 execution,Specification and data schema complete; automated test pending,PLANNED,None
NFR-OBS-001,REQUIREMENT,Kashyap_Adhikari_Master_Requirements_SDLC_Specification.docx,9. Non-Functional Requirements (NFR),Observability,"Every production request/job shall have correlation/trace identifiers with structured logs, metrics and error reporting.",services/api/src/,services/api/test/,Planned for Phase W2 execution,Specification and data schema complete; automated test pending,PLANNED,None
NFR-OBS-002,REQUIREMENT,Kashyap_Adhikari_Master_Requirements_SDLC_Specification.docx,9. Non-Functional Requirements (NFR),Alerting,"Availability, error rate, queue lag, DB saturation, integration failures and backup failures shall alert operations.",services/api/src/,services/api/test/,Planned for Phase W2 execution,Specification and data schema complete; automated test pending,PLANNED,None
NFR-DR-001,REQUIREMENT,Kashyap_Adhikari_Master_Requirements_SDLC_Specification.docx,9. Non-Functional Requirements (NFR),RPO,Target Recovery Point Objective for critical database data <= 15 minutes.,services/api/src/,services/api/test/,Planned for Phase W2 execution,Specification and data schema complete; automated test pending,PLANNED,None
NFR-DR-002,REQUIREMENT,Kashyap_Adhikari_Master_Requirements_SDLC_Specification.docx,9. Non-Functional Requirements (NFR),RTO,Target Recovery Time Objective for critical service <= 4 hours.,services/api/src/,services/api/test/,Planned for Phase W2 execution,Specification and data schema complete; automated test pending,PLANNED,None
NFR-DR-003,REQUIREMENT,Kashyap_Adhikari_Master_Requirements_SDLC_Specification.docx,9. Non-Functional Requirements (NFR),Restore,A production-like restore rehearsal shall be completed at least quarterly after launch.,services/api/src/,services/api/test/,Planned for Phase W2 execution,Specification and data schema complete; automated test pending,PLANNED,None
NFR-MAINT-001,REQUIREMENT,Kashyap_Adhikari_Master_Requirements_SDLC_Specification.docx,9. Non-Functional Requirements (NFR),Maintainability,"Automated linting, unit/integration tests, API contract checks and migration checks shall gate merges.",services/api/src/,services/api/test/,Planned for Phase W2 execution,Specification and data schema complete; automated test pending,PLANNED,None
NFR-PORT-001,REQUIREMENT,Kashyap_Adhikari_Master_Requirements_SDLC_Specification.docx,9. Non-Functional Requirements (NFR),Portability,Services shall be containerized or packaged in reproducible deployable units with infrastructure as code.,services/api/src/,services/api/test/,Planned for Phase W2 execution,Specification and data schema complete; automated test pending,PLANNED,None
NFR-NET-001,REQUIREMENT,Kashyap_Adhikari_Master_Requirements_SDLC_Specification.docx,9. Non-Functional Requirements (NFR),Weak connectivity,"Mobile shall degrade gracefully on slow/intermittent networks: cached safe reads where feasible, retry state, explicit sync/error feedback.",services/api/src/,services/api/test/,Planned for Phase W2 execution,Specification and data schema complete; automated test pending,PLANNED,None
NFR-COST-001,REQUIREMENT,Kashyap_Adhikari_Master_Requirements_SDLC_Specification.docx,9. Non-Functional Requirements (NFR),Cost control,"Storage, notifications, maps, OTP and compute usage shall expose measurable consumption and budget alerts.",services/api/src/,services/api/test/,Planned for Phase W2 execution,Specification and data schema complete; automated test pending,PLANNED,None
BAC-001,REQUIREMENT,Kashyap_Adhikari_Master_Requirements_SDLC_Specification.docx,10. Business Acceptance Criteria,"A new member can authenticate by mobile OTP, locate an existing genealogy Person, submit a claim and receive a governed decision.","A new member can authenticate by mobile OTP, locate an existing genealogy Person, submit a claim and receive a governed decision.",services/api/src/,services/api/test/,Planned for Phase W2 execution,Specification and data schema complete; automated test pending,PLANNED,None
BAC-002,REQUIREMENT,Kashyap_Adhikari_Master_Requirements_SDLC_Specification.docx,10. Business Acceptance Criteria,"A Person may exist in genealogy without any user account, including deceased people, children and historical ancestors.","A Person may exist in genealogy without any user account, including deceased people, children and historical ancestors.",services/api/src/,services/api/test/,Planned for Phase W2 execution,Specification and data schema complete; automated test pending,PLANNED,None
BAC-003,REQUIREMENT,Kashyap_Adhikari_Master_Requirements_SDLC_Specification.docx,10. Business Acceptance Criteria,Normal members cannot directly modify trusted genealogy facts.,Normal members cannot directly modify trusted genealogy facts.,services/api/src/,services/api/test/,Planned for Phase W2 execution,Specification and data schema complete; automated test pending,PLANNED,None
BAC-004,REQUIREMENT,Kashyap_Adhikari_Master_Requirements_SDLC_Specification.docx,10. Business Acceptance Criteria,"Authorized verifiers can approve, reject or return claims/change requests within assigned scope, and Super Admin can resolve escalations.","Authorized verifiers can approve, reject or return claims/change requests within assigned scope, and Super Admin can resolve escalations.",services/api/src/,services/api/test/,Planned for Phase W2 execution,Specification and data schema complete; automated test pending,PLANNED,None
BAC-005,REQUIREMENT,Kashyap_Adhikari_Master_Requirements_SDLC_Specification.docx,10. Business Acceptance Criteria,Every material genealogy change and decision is traceable through audit history.,Every material genealogy change and decision is traceable through audit history.,services/api/src/,services/api/test/,Planned for Phase W2 execution,Specification and data schema complete; automated test pending,PLANNED,None
BAC-006,REQUIREMENT,Kashyap_Adhikari_Master_Requirements_SDLC_Specification.docx,10. Business Acceptance Criteria,Duplicate detection runs before Person creation/import and authorized administrators can merge confirmed duplicates without losing provenance/history.,Duplicate detection runs before Person creation/import and authorized administrators can merge confirmed duplicates without losing provenance/history.,services/api/src/,services/api/test/,Planned for Phase W2 execution,Specification and data schema complete; automated test pending,PLANNED,None
BAC-007,REQUIREMENT,Kashyap_Adhikari_Master_Requirements_SDLC_Specification.docx,10. Business Acceptance Criteria,Family tree navigation displays verified parent/spouse facts and automatically derived relationships.,Family tree navigation displays verified parent/spouse facts and automatically derived relationships.,services/api/src/,services/api/test/,Planned for Phase W2 execution,Specification and data schema complete; automated test pending,PLANNED,None
BAC-008,REQUIREMENT,Kashyap_Adhikari_Master_Requirements_SDLC_Specification.docx,10. Business Acceptance Criteria,Nepali Nata/Saino terms are driven by an approved rule set and unsupported paths are not guessed.,Nepali Nata/Saino terms are driven by an approved rule set and unsupported paths are not guessed.,services/api/src/,services/api/test/,Planned for Phase W2 execution,Specification and data schema complete; automated test pending,PLANNED,None
BAC-009,REQUIREMENT,Kashyap_Adhikari_Master_Requirements_SDLC_Specification.docx,10. Business Acceptance Criteria,"Cultural/history content can be governed, approved, translated and published without a mobile release.","Cultural/history content can be governed, approved, translated and published without a mobile release.",services/api/src/,services/api/test/,Planned for Phase W2 execution,Specification and data schema complete; automated test pending,PLANNED,None
BAC-010,REQUIREMENT,Kashyap_Adhikari_Master_Requirements_SDLC_Specification.docx,10. Business Acceptance Criteria,"Calendar handles required AD, BS and approved Tithi behavior with reproducible rule/source versions.","Calendar handles required AD, BS and approved Tithi behavior with reproducible rule/source versions.",services/api/src/,services/api/test/,Planned for Phase W2 execution,Specification and data schema complete; automated test pending,PLANNED,None
BAC-011,REQUIREMENT,Kashyap_Adhikari_Master_Requirements_SDLC_Specification.docx,10. Business Acceptance Criteria,Jutho is calculated from verified relationships using the signed rule catalogue and displays the approved duration/indication.,Jutho is calculated from verified relationships using the signed rule catalogue and displays the approved duration/indication.,services/api/src/,services/api/test/,Planned for Phase W2 execution,Specification and data schema complete; automated test pending,PLANNED,None
BAC-012,REQUIREMENT,Kashyap_Adhikari_Master_Requirements_SDLC_Specification.docx,10. Business Acceptance Criteria,Members can follow relevant people/groups and manage notification preferences.,Members can follow relevant people/groups and manage notification preferences.,services/api/src/,services/api/test/,Planned for Phase W2 execution,Specification and data schema complete; automated test pending,PLANNED,None
BAC-013,REQUIREMENT,Kashyap_Adhikari_Master_Requirements_SDLC_Specification.docx,10. Business Acceptance Criteria,"Members can create digital invitations, select individual and genealogy-derived audiences, send them and receive RSVP responses.","Members can create digital invitations, select individual and genealogy-derived audiences, send them and receive RSVP responses.",services/api/src/,services/api/test/,Planned for Phase W2 execution,Specification and data schema complete; automated test pending,PLANNED,None
BAC-014,REQUIREMENT,Kashyap_Adhikari_Master_Requirements_SDLC_Specification.docx,10. Business Acceptance Criteria,"Community posts support required categories, reporting, blocking and configurable moderation with audit.","Community posts support required categories, reporting, blocking and configurable moderation with audit.",services/api/src/,services/api/test/,Planned for Phase W2 execution,Specification and data schema complete; automated test pending,PLANNED,None
BAC-015,REQUIREMENT,Kashyap_Adhikari_Master_Requirements_SDLC_Specification.docx,10. Business Acceptance Criteria,Household/community map respects location privacy and never exposes precise residence data outside authorized visibility.,Household/community map respects location privacy and never exposes precise residence data outside authorized visibility.,services/api/src/,services/api/test/,Planned for Phase W2 execution,Specification and data schema complete; automated test pending,PLANNED,None
BAC-016,REQUIREMENT,Kashyap_Adhikari_Master_Requirements_SDLC_Specification.docx,10. Business Acceptance Criteria,"One-to-one and group communication work with media, notifications, blocking, reporting and retention controls.","One-to-one and group communication work with media, notifications, blocking, reporting and retention controls.",services/api/src/,services/api/test/,Planned for Phase W2 execution,Specification and data schema complete; automated test pending,PLANNED,None
BAC-017,REQUIREMENT,Kashyap_Adhikari_Master_Requirements_SDLC_Specification.docx,10. Business Acceptance Criteria,"The administration portal supports claims, change requests, genealogy, duplicates, roles, content, events, moderation, domain rules, imports, configuration and audit.","The administration portal supports claims, change requests, genealogy, duplicates, roles, content, events, moderation, domain rules, imports, configuration and audit.",services/api/src/,services/api/test/,Planned for Phase W2 execution,Specification and data schema complete; automated test pending,PLANNED,None
BAC-018,REQUIREMENT,Kashyap_Adhikari_Master_Requirements_SDLC_Specification.docx,10. Business Acceptance Criteria,Nepali and English are complete across Release 1.0 member functionality and critical administration workflows.,Nepali and English are complete across Release 1.0 member functionality and critical administration workflows.,services/api/src/,services/api/test/,Planned for Phase W2 execution,Specification and data schema complete; automated test pending,PLANNED,None
BAC-019,REQUIREMENT,Kashyap_Adhikari_Master_Requirements_SDLC_Specification.docx,10. Business Acceptance Criteria,"Production release passes security, performance, accessibility, migration, backup/restore and UAT gates.","Production release passes security, performance, accessibility, migration, backup/restore and UAT gates.",services/api/src/,services/api/test/,Planned for Phase W2 execution,Specification and data schema complete; automated test pending,PLANNED,None
BAC-020,REQUIREMENT,Kashyap_Adhikari_Master_Requirements_SDLC_Specification.docx,10. Business Acceptance Criteria,No feature listed in the approved master scope is intentionally deferred beyond Release 1.0.,No feature listed in the approved master scope is intentionally deferred beyond Release 1.0.,services/api/src/,services/api/test/,Planned for Phase W2 execution,Specification and data schema complete; automated test pending,PLANNED,None
MOB-001,REQUIREMENT,Kashyap_Adhikari_Master_Requirements_SDLC_Specification.docx,12.1 Member Mobile Screen Inventory,Splash /   /,Initialize configuration/session safely.,services/api/src/,services/api/test/,Planned for Phase W2 execution,Specification and data schema complete; automated test pending,PLANNED,None
MOB-002,REQUIREMENT,Kashyap_Adhikari_Master_Requirements_SDLC_Specification.docx,12.1 Member Mobile Screen Inventory,Language /   /language,Select Nepali or English and date preferences.,services/api/src/,services/api/test/,Planned for Phase W2 execution,Specification and data schema complete; automated test pending,PLANNED,None
MOB-003,REQUIREMENT,Kashyap_Adhikari_Master_Requirements_SDLC_Specification.docx,12.1 Member Mobile Screen Inventory,Phone Login /   /auth/phone,Start mobile authentication.,services/api/src/,services/api/test/,Planned for Phase W2 execution,Specification and data schema complete; automated test pending,PLANNED,None
MOB-004,REQUIREMENT,Kashyap_Adhikari_Master_Requirements_SDLC_Specification.docx,12.1 Member Mobile Screen Inventory,OTP Verify /   /auth/otp,Verify phone ownership.,services/api/src/,services/api/test/,Planned for Phase W2 execution,Specification and data schema complete; automated test pending,PLANNED,None
MOB-005,REQUIREMENT,Kashyap_Adhikari_Master_Requirements_SDLC_Specification.docx,12.1 Member Mobile Screen Inventory,Find My Profile /   /onboarding/find-person,Search existing genealogy before creation.,services/api/src/,services/api/test/,Planned for Phase W2 execution,Specification and data schema complete; automated test pending,PLANNED,None
MOB-006,REQUIREMENT,Kashyap_Adhikari_Master_Requirements_SDLC_Specification.docx,12.1 Member Mobile Screen Inventory,Claim Profile /   /claims/new/:personId,Submit claim/evidence for existing Person.,services/api/src/,services/api/test/,Planned for Phase W2 execution,Specification and data schema complete; automated test pending,PLANNED,None
MOB-007,REQUIREMENT,Kashyap_Adhikari_Master_Requirements_SDLC_Specification.docx,12.1 Member Mobile Screen Inventory,Claim Status /   /claims/:id,Track claim and reviewer feedback.,services/api/src/,services/api/test/,Planned for Phase W2 execution,Specification and data schema complete; automated test pending,PLANNED,None
MOB-008,REQUIREMENT,Kashyap_Adhikari_Master_Requirements_SDLC_Specification.docx,12.1 Member Mobile Screen Inventory,New Person Request /   /people/request-new,Request creation when no correct Person exists.,services/api/src/,services/api/test/,Planned for Phase W2 execution,Specification and data schema complete; automated test pending,PLANNED,None
MOB-009,REQUIREMENT,Kashyap_Adhikari_Master_Requirements_SDLC_Specification.docx,12.1 Member Mobile Screen Inventory,Home /   /home,Personalized family/community dashboard.,services/api/src/,services/api/test/,Planned for Phase W2 execution,Specification and data schema complete; automated test pending,PLANNED,None
MOB-010,REQUIREMENT,Kashyap_Adhikari_Master_Requirements_SDLC_Specification.docx,12.1 Member Mobile Screen Inventory,Family Tree /   /family/tree,Navigate verified genealogy.,services/api/src/,services/api/test/,Planned for Phase W2 execution,Specification and data schema complete; automated test pending,PLANNED,None
MOB-011,REQUIREMENT,Kashyap_Adhikari_Master_Requirements_SDLC_Specification.docx,12.1 Member Mobile Screen Inventory,Person Profile /   /people/:id,View permitted Person details and relationship.,services/api/src/,services/api/test/,Planned for Phase W2 execution,Specification and data schema complete; automated test pending,PLANNED,None
MOB-012,REQUIREMENT,Kashyap_Adhikari_Master_Requirements_SDLC_Specification.docx,12.1 Member Mobile Screen Inventory,Deceased Profile /   /people/:id/deceased,Present deceased Person respectfully with genealogy/events.,services/api/src/,services/api/test/,Planned for Phase W2 execution,Specification and data schema complete; automated test pending,PLANNED,None
MOB-013,REQUIREMENT,Kashyap_Adhikari_Master_Requirements_SDLC_Specification.docx,12.1 Member Mobile Screen Inventory,Relationship Explorer /   /relationships,Explain relationship between two permitted People.,services/api/src/,services/api/test/,Planned for Phase W2 execution,Specification and data schema complete; automated test pending,PLANNED,None
MOB-014,REQUIREMENT,Kashyap_Adhikari_Master_Requirements_SDLC_Specification.docx,12.1 Member Mobile Screen Inventory,Search /   /search,Search people/content/events/community.,services/api/src/,services/api/test/,Planned for Phase W2 execution,Specification and data schema complete; automated test pending,PLANNED,None
MOB-015,REQUIREMENT,Kashyap_Adhikari_Master_Requirements_SDLC_Specification.docx,12.1 Member Mobile Screen Inventory,Add Family Member /   /genealogy/add,Propose new Person/direct connection.,services/api/src/,services/api/test/,Planned for Phase W2 execution,Specification and data schema complete; automated test pending,PLANNED,None
MOB-016,REQUIREMENT,Kashyap_Adhikari_Master_Requirements_SDLC_Specification.docx,12.1 Member Mobile Screen Inventory,Correction / Death Request /   /genealogy/change,"Propose corrections, relationship changes or death record.",services/api/src/,services/api/test/,Planned for Phase W2 execution,Specification and data schema complete; automated test pending,PLANNED,None
MOB-017,REQUIREMENT,Kashyap_Adhikari_Master_Requirements_SDLC_Specification.docx,12.1 Member Mobile Screen Inventory,My Requests /   /requests,Track claims and genealogy requests.,services/api/src/,services/api/test/,Planned for Phase W2 execution,Specification and data schema complete; automated test pending,PLANNED,None
MOB-018,REQUIREMENT,Kashyap_Adhikari_Master_Requirements_SDLC_Specification.docx,12.1 Member Mobile Screen Inventory,Cultural Hub /   /culture,Browse approved cultural/history content.,services/api/src/,services/api/test/,Planned for Phase W2 execution,Specification and data schema complete; automated test pending,PLANNED,None
MOB-019,REQUIREMENT,Kashyap_Adhikari_Master_Requirements_SDLC_Specification.docx,12.1 Member Mobile Screen Inventory,Cultural Article /   /culture/:slug,Read approved revision and references.,services/api/src/,services/api/test/,Planned for Phase W2 execution,Specification and data schema complete; automated test pending,PLANNED,None
MOB-020,REQUIREMENT,Kashyap_Adhikari_Master_Requirements_SDLC_Specification.docx,12.1 Member Mobile Screen Inventory,Calendar /   /calendar,View family/community dates and reminders.,services/api/src/,services/api/test/,Planned for Phase W2 execution,Specification and data schema complete; automated test pending,PLANNED,None
MOB-021,REQUIREMENT,Kashyap_Adhikari_Master_Requirements_SDLC_Specification.docx,12.1 Member Mobile Screen Inventory,Event Detail /   /events/:id,"View event, organizer, audience and venue.",services/api/src/,services/api/test/,Planned for Phase W2 execution,Specification and data schema complete; automated test pending,PLANNED,None
MOB-022,REQUIREMENT,Kashyap_Adhikari_Master_Requirements_SDLC_Specification.docx,12.1 Member Mobile Screen Inventory,Create/Edit Event /   /events/edit/:id?,Manage permitted events.,services/api/src/,services/api/test/,Planned for Phase W2 execution,Specification and data schema complete; automated test pending,PLANNED,None
MOB-023,REQUIREMENT,Kashyap_Adhikari_Master_Requirements_SDLC_Specification.docx,12.1 Member Mobile Screen Inventory,Create Invitation /   /invitations/new,Compose invitation and select recipients.,services/api/src/,services/api/test/,Planned for Phase W2 execution,Specification and data schema complete; automated test pending,PLANNED,None
MOB-024,REQUIREMENT,Kashyap_Adhikari_Master_Requirements_SDLC_Specification.docx,12.1 Member Mobile Screen Inventory,Invitation & RSVP /   /invitations/:id,View invitation and respond.,services/api/src/,services/api/test/,Planned for Phase W2 execution,Specification and data schema complete; automated test pending,PLANNED,None
MOB-025,REQUIREMENT,Kashyap_Adhikari_Master_Requirements_SDLC_Specification.docx,12.1 Member Mobile Screen Inventory,Notifications /   /notifications,Central notification inbox.,services/api/src/,services/api/test/,Planned for Phase W2 execution,Specification and data schema complete; automated test pending,PLANNED,None
MOB-026,REQUIREMENT,Kashyap_Adhikari_Master_Requirements_SDLC_Specification.docx,12.1 Member Mobile Screen Inventory,Follow Manager /   /follows,Manage followed People/branches/groups.,services/api/src/,services/api/test/,Planned for Phase W2 execution,Specification and data schema complete; automated test pending,PLANNED,None
MOB-027,REQUIREMENT,Kashyap_Adhikari_Master_Requirements_SDLC_Specification.docx,12.1 Member Mobile Screen Inventory,Community Feed /   /community,Browse community posts and announcements.,services/api/src/,services/api/test/,Planned for Phase W2 execution,Specification and data schema complete; automated test pending,PLANNED,None
MOB-028,REQUIREMENT,Kashyap_Adhikari_Master_Requirements_SDLC_Specification.docx,12.1 Member Mobile Screen Inventory,Create/Edit Community Post /   /community/edit/:id?,Publish approved category post.,services/api/src/,services/api/test/,Planned for Phase W2 execution,Specification and data schema complete; automated test pending,PLANNED,None
MOB-029,REQUIREMENT,Kashyap_Adhikari_Master_Requirements_SDLC_Specification.docx,12.1 Member Mobile Screen Inventory,Community Post /   /community/posts/:id,View post and moderation status.,services/api/src/,services/api/test/,Planned for Phase W2 execution,Specification and data schema complete; automated test pending,PLANNED,None
MOB-030,REQUIREMENT,Kashyap_Adhikari_Master_Requirements_SDLC_Specification.docx,12.1 Member Mobile Screen Inventory,Household/Community Map /   /map,Explore permitted household/community locations.,services/api/src/,services/api/test/,Planned for Phase W2 execution,Specification and data schema complete; automated test pending,PLANNED,None
MOB-031,REQUIREMENT,Kashyap_Adhikari_Master_Requirements_SDLC_Specification.docx,12.1 Member Mobile Screen Inventory,Messages /   /messages,List direct/group conversations.,services/api/src/,services/api/test/,Planned for Phase W2 execution,Specification and data schema complete; automated test pending,PLANNED,None
MOB-032,REQUIREMENT,Kashyap_Adhikari_Master_Requirements_SDLC_Specification.docx,12.1 Member Mobile Screen Inventory,Direct Chat /   /messages/:id,One-to-one messaging.,services/api/src/,services/api/test/,Planned for Phase W2 execution,Specification and data schema complete; automated test pending,PLANNED,None
MOB-033,REQUIREMENT,Kashyap_Adhikari_Master_Requirements_SDLC_Specification.docx,12.1 Member Mobile Screen Inventory,Group Chat /   /messages/groups/:id,Group communication and membership.,services/api/src/,services/api/test/,Planned for Phase W2 execution,Specification and data schema complete; automated test pending,PLANNED,None
MOB-034,REQUIREMENT,Kashyap_Adhikari_Master_Requirements_SDLC_Specification.docx,12.1 Member Mobile Screen Inventory,Group Info /   /messages/groups/:id/info,Group settings and members.,services/api/src/,services/api/test/,Planned for Phase W2 execution,Specification and data schema complete; automated test pending,PLANNED,None
MOB-035,REQUIREMENT,Kashyap_Adhikari_Master_Requirements_SDLC_Specification.docx,12.1 Member Mobile Screen Inventory,My Profile /   /me,View linked member identity/profile.,services/api/src/,services/api/test/,Planned for Phase W2 execution,Specification and data schema complete; automated test pending,PLANNED,None
MOB-036,REQUIREMENT,Kashyap_Adhikari_Master_Requirements_SDLC_Specification.docx,12.1 Member Mobile Screen Inventory,Edit Profile /   /me/edit,Update permitted personal details.,services/api/src/,services/api/test/,Planned for Phase W2 execution,Specification and data schema complete; automated test pending,PLANNED,None
MOB-037,REQUIREMENT,Kashyap_Adhikari_Master_Requirements_SDLC_Specification.docx,12.1 Member Mobile Screen Inventory,Privacy /   /settings/privacy,Control field visibility and location/message privacy.,services/api/src/,services/api/test/,Planned for Phase W2 execution,Specification and data schema complete; automated test pending,PLANNED,None
MOB-038,REQUIREMENT,Kashyap_Adhikari_Master_Requirements_SDLC_Specification.docx,12.1 Member Mobile Screen Inventory,Notification Settings /   /settings/notifications,Control categories/channels/previews.,services/api/src/,services/api/test/,Planned for Phase W2 execution,Specification and data schema complete; automated test pending,PLANNED,None
MOB-039,REQUIREMENT,Kashyap_Adhikari_Master_Requirements_SDLC_Specification.docx,12.1 Member Mobile Screen Inventory,Language & Date Settings /   /settings/language-date,Change UI language and calendar display.,services/api/src/,services/api/test/,Planned for Phase W2 execution,Specification and data schema complete; automated test pending,PLANNED,None
MOB-040,REQUIREMENT,Kashyap_Adhikari_Master_Requirements_SDLC_Specification.docx,12.1 Member Mobile Screen Inventory,Devices & Security /   /settings/security,Review sessions/devices and secure account.,services/api/src/,services/api/test/,Planned for Phase W2 execution,Specification and data schema complete; automated test pending,PLANNED,None
MOB-041,REQUIREMENT,Kashyap_Adhikari_Master_Requirements_SDLC_Specification.docx,12.1 Member Mobile Screen Inventory,Help / Report / Support /   /support,Explain policies and provide support/report entry.,services/api/src/,services/api/test/,Planned for Phase W2 execution,Specification and data schema complete; automated test pending,PLANNED,None
MOB-042,REQUIREMENT,Kashyap_Adhikari_Master_Requirements_SDLC_Specification.docx,12.1 Member Mobile Screen Inventory,Account Deactivation/Deletion /   /settings/account,Request account lifecycle action while preserving governed genealogy.,services/api/src/,services/api/test/,Planned for Phase W2 execution,Specification and data schema complete; automated test pending,PLANNED,None
ADM-UI-001,REQUIREMENT,Kashyap_Adhikari_Master_Requirements_SDLC_Specification.docx,12.2 Administration Portal Screen Inventory,Admin Login,Strongly authenticate privileged users.,services/api/src/,services/api/test/,Planned for Phase W2 execution,Specification and data schema complete; automated test pending,PLANNED,None
ADM-UI-002,REQUIREMENT,Kashyap_Adhikari_Master_Requirements_SDLC_Specification.docx,12.2 Administration Portal Screen Inventory,Dashboard,"Workload, queues, alerts and key operational indicators.",services/api/src/,services/api/test/,Planned for Phase W2 execution,Specification and data schema complete; automated test pending,PLANNED,None
ADM-UI-003,REQUIREMENT,Kashyap_Adhikari_Master_Requirements_SDLC_Specification.docx,12.2 Administration Portal Screen Inventory,Claim Queue,List/filter assigned profile claims.,services/api/src/,services/api/test/,Planned for Phase W2 execution,Specification and data schema complete; automated test pending,PLANNED,None
ADM-UI-004,REQUIREMENT,Kashyap_Adhikari_Master_Requirements_SDLC_Specification.docx,12.2 Administration Portal Screen Inventory,Claim Review,"Inspect claimant, Person, family context/evidence and decide.",services/api/src/,services/api/test/,Planned for Phase W2 execution,Specification and data schema complete; automated test pending,PLANNED,None
ADM-UI-005,REQUIREMENT,Kashyap_Adhikari_Master_Requirements_SDLC_Specification.docx,12.2 Administration Portal Screen Inventory,Change Request Queue,List genealogy proposals.,services/api/src/,services/api/test/,Planned for Phase W2 execution,Specification and data schema complete; automated test pending,PLANNED,None
ADM-UI-006,REQUIREMENT,Kashyap_Adhikari_Master_Requirements_SDLC_Specification.docx,12.2 Administration Portal Screen Inventory,Change Review,Before/after and graph-impact review.,services/api/src/,services/api/test/,Planned for Phase W2 execution,Specification and data schema complete; automated test pending,PLANNED,None
ADM-UI-007,REQUIREMENT,Kashyap_Adhikari_Master_Requirements_SDLC_Specification.docx,12.2 Administration Portal Screen Inventory,Person Search,Find Person by names/IDs/branch/context.,services/api/src/,services/api/test/,Planned for Phase W2 execution,Specification and data schema complete; automated test pending,PLANNED,None
ADM-UI-008,REQUIREMENT,Kashyap_Adhikari_Master_Requirements_SDLC_Specification.docx,12.2 Administration Portal Screen Inventory,Person Detail,"Inspect Person, provenance, links, claims and history.",services/api/src/,services/api/test/,Planned for Phase W2 execution,Specification and data schema complete; automated test pending,PLANNED,None
ADM-UI-009,REQUIREMENT,Kashyap_Adhikari_Master_Requirements_SDLC_Specification.docx,12.2 Administration Portal Screen Inventory,Genealogy Editor,Govern direct parent/spouse facts and administrative corrections.,services/api/src/,services/api/test/,Planned for Phase W2 execution,Specification and data schema complete; automated test pending,PLANNED,None
ADM-UI-010,REQUIREMENT,Kashyap_Adhikari_Master_Requirements_SDLC_Specification.docx,12.2 Administration Portal Screen Inventory,Duplicate Candidates,Review potential duplicate groups.,services/api/src/,services/api/test/,Planned for Phase W2 execution,Specification and data schema complete; automated test pending,PLANNED,None
ADM-UI-011,REQUIREMENT,Kashyap_Adhikari_Master_Requirements_SDLC_Specification.docx,12.2 Administration Portal Screen Inventory,Merge Console,Resolve fields/links and merge into canonical Person.,services/api/src/,services/api/test/,Planned for Phase W2 execution,Specification and data schema complete; automated test pending,PLANNED,None
ADM-UI-012,REQUIREMENT,Kashyap_Adhikari_Master_Requirements_SDLC_Specification.docx,12.2 Administration Portal Screen Inventory,Branches & Generations,Maintain branch/generation reference data.,services/api/src/,services/api/test/,Planned for Phase W2 execution,Specification and data schema complete; automated test pending,PLANNED,None
ADM-UI-013,REQUIREMENT,Kashyap_Adhikari_Master_Requirements_SDLC_Specification.docx,12.2 Administration Portal Screen Inventory,Verifier Assignments,Assign branch/scope authority.,services/api/src/,services/api/test/,Planned for Phase W2 execution,Specification and data schema complete; automated test pending,PLANNED,None
ADM-UI-014,REQUIREMENT,Kashyap_Adhikari_Master_Requirements_SDLC_Specification.docx,12.2 Administration Portal Screen Inventory,Users & Access,Manage user status/security/role.,services/api/src/,services/api/test/,Planned for Phase W2 execution,Specification and data schema complete; automated test pending,PLANNED,None
ADM-UI-015,REQUIREMENT,Kashyap_Adhikari_Master_Requirements_SDLC_Specification.docx,12.2 Administration Portal Screen Inventory,Roles & Permissions,Inspect/manage authorized role policies.,services/api/src/,services/api/test/,Planned for Phase W2 execution,Specification and data schema complete; automated test pending,PLANNED,None
ADM-UI-016,REQUIREMENT,Kashyap_Adhikari_Master_Requirements_SDLC_Specification.docx,12.2 Administration Portal Screen Inventory,Cultural Content CMS,Draft/edit translation/media content.,services/api/src/,services/api/test/,Planned for Phase W2 execution,Specification and data schema complete; automated test pending,PLANNED,None
ADM-UI-017,REQUIREMENT,Kashyap_Adhikari_Master_Requirements_SDLC_Specification.docx,12.2 Administration Portal Screen Inventory,Content Approval,Review authoritative cultural revisions.,services/api/src/,services/api/test/,Planned for Phase W2 execution,Specification and data schema complete; automated test pending,PLANNED,None
ADM-UI-018,REQUIREMENT,Kashyap_Adhikari_Master_Requirements_SDLC_Specification.docx,12.2 Administration Portal Screen Inventory,Events & Invitations,Manage governed events/invitations/broadcasts.,services/api/src/,services/api/test/,Planned for Phase W2 execution,Specification and data schema complete; automated test pending,PLANNED,None
ADM-UI-019,REQUIREMENT,Kashyap_Adhikari_Master_Requirements_SDLC_Specification.docx,12.2 Administration Portal Screen Inventory,Moderation Queue,Review community/chat reports.,services/api/src/,services/api/test/,Planned for Phase W2 execution,Specification and data schema complete; automated test pending,PLANNED,None
ADM-UI-020,REQUIREMENT,Kashyap_Adhikari_Master_Requirements_SDLC_Specification.docx,12.2 Administration Portal Screen Inventory,Moderation Detail,Inspect evidence and decide.,services/api/src/,services/api/test/,Planned for Phase W2 execution,Specification and data schema complete; automated test pending,PLANNED,None
ADM-UI-021,REQUIREMENT,Kashyap_Adhikari_Master_Requirements_SDLC_Specification.docx,12.2 Administration Portal Screen Inventory,Nata/Saino Rules,Version and test relationship terminology.,services/api/src/,services/api/test/,Planned for Phase W2 execution,Specification and data schema complete; automated test pending,PLANNED,None
ADM-UI-022,REQUIREMENT,Kashyap_Adhikari_Master_Requirements_SDLC_Specification.docx,12.2 Administration Portal Screen Inventory,Jutho Rules,Version duration/exception/color rules.,services/api/src/,services/api/test/,Planned for Phase W2 execution,Specification and data schema complete; automated test pending,PLANNED,None
ADM-UI-023,REQUIREMENT,Kashyap_Adhikari_Master_Requirements_SDLC_Specification.docx,12.2 Administration Portal Screen Inventory,Calendar/Tithi/Shraddha Rules,Govern authoritative date/recurrence rules/source versions.,services/api/src/,services/api/test/,Planned for Phase W2 execution,Specification and data schema complete; automated test pending,PLANNED,None
ADM-UI-024,REQUIREMENT,Kashyap_Adhikari_Master_Requirements_SDLC_Specification.docx,12.2 Administration Portal Screen Inventory,Import Center,"Upload, map, dry-run, reconcile and commit genealogy data.",services/api/src/,services/api/test/,Planned for Phase W2 execution,Specification and data schema complete; automated test pending,PLANNED,None
ADM-UI-025,REQUIREMENT,Kashyap_Adhikari_Master_Requirements_SDLC_Specification.docx,12.2 Administration Portal Screen Inventory,Audit Explorer,Search material system activity.,services/api/src/,services/api/test/,Planned for Phase W2 execution,Specification and data schema complete; automated test pending,PLANNED,None
ADM-UI-026,REQUIREMENT,Kashyap_Adhikari_Master_Requirements_SDLC_Specification.docx,12.2 Administration Portal Screen Inventory,System Configuration,Manage typed business/system configuration.,services/api/src/,services/api/test/,Planned for Phase W2 execution,Specification and data schema complete; automated test pending,PLANNED,None
ADM-UI-027,REQUIREMENT,Kashyap_Adhikari_Master_Requirements_SDLC_Specification.docx,12.2 Administration Portal Screen Inventory,Operations Health,View provider/queue/job/import/backup status without secrets.,services/api/src/,services/api/test/,Planned for Phase W2 execution,Specification and data schema complete; automated test pending,PLANNED,None
Heritage Brown,REQUIREMENT,Kashyap_Adhikari_Master_Requirements_SDLC_Specification.docx,13.2 Foundation Tokens,#4A2C1A   — primary high-emphasis brand surfaces,#4A2C1A   — primary high-emphasis brand surfaces,services/api/src/,services/api/test/,Planned for Phase W2 execution,Specification and data schema complete; automated test pending,PLANNED,None
Secondary Brown,REQUIREMENT,Kashyap_Adhikari_Master_Requirements_SDLC_Specification.docx,13.2 Foundation Tokens,#6B4226   — secondary emphasis,#6B4226   — secondary emphasis,services/api/src/,services/api/test/,Planned for Phase W2 execution,Specification and data schema complete; automated test pending,PLANNED,None
Saffron Accent,REQUIREMENT,Kashyap_Adhikari_Master_Requirements_SDLC_Specification.docx,13.2 Foundation Tokens,"#D18B28   — highlights, active/heritage accents","#D18B28   — highlights, active/heritage accents",services/api/src/,services/api/test/,Planned for Phase W2 execution,Specification and data schema complete; automated test pending,PLANNED,None
Warm Cream,REQUIREMENT,Kashyap_Adhikari_Master_Requirements_SDLC_Specification.docx,13.2 Foundation Tokens,#FFF8ED   — primary light background,#FFF8ED   — primary light background,services/api/src/,services/api/test/,Planned for Phase W2 execution,Specification and data schema complete; automated test pending,PLANNED,None
Sand,REQUIREMENT,Kashyap_Adhikari_Master_Requirements_SDLC_Specification.docx,13.2 Foundation Tokens,#F5EBDD   — secondary surfaces,#F5EBDD   — secondary surfaces,services/api/src/,services/api/test/,Planned for Phase W2 execution,Specification and data schema complete; automated test pending,PLANNED,None
Ink,REQUIREMENT,Kashyap_Adhikari_Master_Requirements_SDLC_Specification.docx,13.2 Foundation Tokens,#2A211C   — high-contrast text,#2A211C   — high-contrast text,services/api/src/,services/api/test/,Planned for Phase W2 execution,Specification and data schema complete; automated test pending,PLANNED,None
Success,REQUIREMENT,Kashyap_Adhikari_Master_Requirements_SDLC_Specification.docx,13.2 Foundation Tokens,accessible green semantics; final token must meet contrast,accessible green semantics; final token must meet contrast,services/api/src/,services/api/test/,Planned for Phase W2 execution,Specification and data schema complete; automated test pending,PLANNED,None
Warning,REQUIREMENT,Kashyap_Adhikari_Master_Requirements_SDLC_Specification.docx,13.2 Foundation Tokens,accessible amber semantics; final token must meet contrast,accessible amber semantics; final token must meet contrast,services/api/src/,services/api/test/,Planned for Phase W2 execution,Specification and data schema complete; automated test pending,PLANNED,None
Error,REQUIREMENT,Kashyap_Adhikari_Master_Requirements_SDLC_Specification.docx,13.2 Foundation Tokens,accessible red semantics; final token must meet contrast,accessible red semantics; final token must meet contrast,services/api/src/,services/api/test/,Planned for Phase W2 execution,Specification and data schema complete; automated test pending,PLANNED,None
Spacing,REQUIREMENT,Kashyap_Adhikari_Master_Requirements_SDLC_Specification.docx,13.2 Foundation Tokens,"4, 8, 12, 16, 24, 32, 48 logical-unit rhythm","4, 8, 12, 16, 24, 32, 48 logical-unit rhythm",services/api/src/,services/api/test/,Planned for Phase W2 execution,Specification and data schema complete; automated test pending,PLANNED,None
Corners,REQUIREMENT,Kashyap_Adhikari_Master_Requirements_SDLC_Specification.docx,13.2 Foundation Tokens,consistent small/medium/large radii; avoid arbitrary per-screen values,consistent small/medium/large radii; avoid arbitrary per-screen values,services/api/src/,services/api/test/,Planned for Phase W2 execution,Specification and data schema complete; automated test pending,PLANNED,None
Typography,REQUIREMENT,Kashyap_Adhikari_Master_Requirements_SDLC_Specification.docx,13.2 Foundation Tokens,Noto Sans / Noto Sans Devanagari for UI; Noto Serif / Noto Serif Devanagari for selected editorial heritage content where readability is proven,Noto Sans / Noto Sans Devanagari for UI; Noto Serif / Noto Serif Devanagari for selected editorial heritage content where readability is proven,services/api/src/,services/api/test/,Planned for Phase W2 execution,Specification and data schema complete; automated test pending,PLANNED,None
Touch targets,REQUIREMENT,Kashyap_Adhikari_Master_Requirements_SDLC_Specification.docx,13.2 Foundation Tokens,minimum 44–48 logical pixels depending platform guidance,minimum 44–48 logical pixels depending platform guidance,services/api/src/,services/api/test/,Planned for Phase W2 execution,Specification and data schema complete; automated test pending,PLANNED,None
Icons,REQUIREMENT,Kashyap_Adhikari_Master_Requirements_SDLC_Specification.docx,13.2 Foundation Tokens,one consistent outlined/filled icon family with semantic labels,one consistent outlined/filled icon family with semantic labels,services/api/src/,services/api/test/,Planned for Phase W2 execution,Specification and data schema complete; automated test pending,PLANNED,None
UserAccount,REQUIREMENT,Kashyap_Adhikari_Master_Requirements_SDLC_Specification.docx,15.1 Core Domain Concepts,Authenticated application identity.,Account holder + platform policy,services/api/src/,services/api/test/,Planned for Phase W2 execution,Specification and data schema complete; automated test pending,PLANNED,None
Person,REQUIREMENT,Kashyap_Adhikari_Master_Requirements_SDLC_Specification.docx,15.1 Core Domain Concepts,"Canonical genealogy individual, whether user or non-user.",Governed genealogy,services/api/src/,services/api/test/,Planned for Phase W2 execution,Specification and data schema complete; automated test pending,PLANNED,None
Branch,REQUIREMENT,Kashyap_Adhikari_Master_Requirements_SDLC_Specification.docx,15.1 Core Domain Concepts,Approved family/lineage organizational scope.,Super Admin/community governance,services/api/src/,services/api/test/,Planned for Phase W2 execution,Specification and data schema complete; automated test pending,PLANNED,None
ParentLink,REQUIREMENT,Kashyap_Adhikari_Master_Requirements_SDLC_Specification.docx,15.1 Core Domain Concepts,Verified direct parent-to-child fact.,Governed genealogy,services/api/src/,services/api/test/,Planned for Phase W2 execution,Specification and data schema complete; automated test pending,PLANNED,None
SpouseLink,REQUIREMENT,Kashyap_Adhikari_Master_Requirements_SDLC_Specification.docx,15.1 Core Domain Concepts,Verified direct spouse connection.,Governed genealogy,services/api/src/,services/api/test/,Planned for Phase W2 execution,Specification and data schema complete; automated test pending,PLANNED,None
ProfileClaim,REQUIREMENT,Kashyap_Adhikari_Master_Requirements_SDLC_Specification.docx,15.1 Core Domain Concepts,Request to link UserAccount to existing Person.,Claimant + verifier decision,services/api/src/,services/api/test/,Planned for Phase W2 execution,Specification and data schema complete; automated test pending,PLANNED,None
GenealogyChangeRequest,REQUIREMENT,Kashyap_Adhikari_Master_Requirements_SDLC_Specification.docx,15.1 Core Domain Concepts,Proposed mutation to Person/direct facts.,Requester + verifier decision,services/api/src/,services/api/test/,Planned for Phase W2 execution,Specification and data schema complete; automated test pending,PLANNED,None
EvidenceFile,REQUIREMENT,Kashyap_Adhikari_Master_Requirements_SDLC_Specification.docx,15.1 Core Domain Concepts,Supporting material for governed requests/decisions.,Restricted governance data,services/api/src/,services/api/test/,Planned for Phase W2 execution,Specification and data schema complete; automated test pending,PLANNED,None
DuplicateCandidate,REQUIREMENT,Kashyap_Adhikari_Master_Requirements_SDLC_Specification.docx,15.1 Core Domain Concepts,Potentially duplicate Person records awaiting review.,System/admin,services/api/src/,services/api/test/,Planned for Phase W2 execution,Specification and data schema complete; automated test pending,PLANNED,None
MergeRecord,REQUIREMENT,Kashyap_Adhikari_Master_Requirements_SDLC_Specification.docx,15.1 Core Domain Concepts,Immutable record of Person consolidation.,Super Admin/governance,services/api/src/,services/api/test/,Planned for Phase W2 execution,Specification and data schema complete; automated test pending,PLANNED,None
RelationshipRuleSet,REQUIREMENT,Kashyap_Adhikari_Master_Requirements_SDLC_Specification.docx,15.1 Core Domain Concepts,Versioned mapping from verified path patterns to approved terminology.,Religious/community authority,services/api/src/,services/api/test/,Planned for Phase W2 execution,Specification and data schema complete; automated test pending,PLANNED,None
JuthoRuleSet,REQUIREMENT,Kashyap_Adhikari_Master_Requirements_SDLC_Specification.docx,15.1 Core Domain Concepts,Versioned relationship-to-Jutho rules/exceptions.,Religious/community authority,services/api/src/,services/api/test/,Planned for Phase W2 execution,Specification and data schema complete; automated test pending,PLANNED,None
CalendarRuleSet,REQUIREMENT,Kashyap_Adhikari_Master_Requirements_SDLC_Specification.docx,15.1 Core Domain Concepts,Versioned Tithi/Shraddha/date rules/source configuration.,Religious/community authority,services/api/src/,services/api/test/,Planned for Phase W2 execution,Specification and data schema complete; automated test pending,PLANNED,None
ContentArticle,REQUIREMENT,Kashyap_Adhikari_Master_Requirements_SDLC_Specification.docx,15.1 Core Domain Concepts,Cultural/history content concept with revisions/translations.,Content governance,services/api/src/,services/api/test/,Planned for Phase W2 execution,Specification and data schema complete; automated test pending,PLANNED,None
Event,REQUIREMENT,Kashyap_Adhikari_Master_Requirements_SDLC_Specification.docx,15.1 Core Domain Concepts,Family/community occurrence with date/visibility/organizer.,Authorized creator/admin,services/api/src/,services/api/test/,Planned for Phase W2 execution,Specification and data schema complete; automated test pending,PLANNED,None
Invitation,REQUIREMENT,Kashyap_Adhikari_Master_Requirements_SDLC_Specification.docx,15.1 Core Domain Concepts,Governed invitation linked to event/audience.,Organizer,services/api/src/,services/api/test/,Planned for Phase W2 execution,Specification and data schema complete; automated test pending,PLANNED,None
Follow,REQUIREMENT,Kashyap_Adhikari_Master_Requirements_SDLC_Specification.docx,15.1 Core Domain Concepts,Member preference for Person/branch/group updates.,Member,services/api/src/,services/api/test/,Planned for Phase W2 execution,Specification and data schema complete; automated test pending,PLANNED,None
Notification,REQUIREMENT,Kashyap_Adhikari_Master_Requirements_SDLC_Specification.docx,15.1 Core Domain Concepts,User-targeted delivery record.,System,services/api/src/,services/api/test/,Planned for Phase W2 execution,Specification and data schema complete; automated test pending,PLANNED,None
CommunityPost,REQUIREMENT,Kashyap_Adhikari_Master_Requirements_SDLC_Specification.docx,15.1 Core Domain Concepts,Community publication.,Author + moderation policy,services/api/src/,services/api/test/,Planned for Phase W2 execution,Specification and data schema complete; automated test pending,PLANNED,None
Report,REQUIREMENT,Kashyap_Adhikari_Master_Requirements_SDLC_Specification.docx,15.1 Core Domain Concepts,Moderation request/evidence.,Reporter/moderator,services/api/src/,services/api/test/,Planned for Phase W2 execution,Specification and data schema complete; automated test pending,PLANNED,None
Block,REQUIREMENT,Kashyap_Adhikari_Master_Requirements_SDLC_Specification.docx,15.1 Core Domain Concepts,User safety relationship.,Blocking user,services/api/src/,services/api/test/,Planned for Phase W2 execution,Specification and data schema complete; automated test pending,PLANNED,None
HouseholdLocation,REQUIREMENT,Kashyap_Adhikari_Master_Requirements_SDLC_Specification.docx,15.1 Core Domain Concepts,Governed residence/community map location with precision controls.,Household/admin + privacy policy,services/api/src/,services/api/test/,Planned for Phase W2 execution,Specification and data schema complete; automated test pending,PLANNED,None
Conversation,REQUIREMENT,Kashyap_Adhikari_Master_Requirements_SDLC_Specification.docx,15.1 Core Domain Concepts,Direct/group messaging container.,Participants,services/api/src/,services/api/test/,Planned for Phase W2 execution,Specification and data schema complete; automated test pending,PLANNED,None
Message,REQUIREMENT,Kashyap_Adhikari_Master_Requirements_SDLC_Specification.docx,15.1 Core Domain Concepts,Communication item inside conversation.,Sender/participants + retention policy,services/api/src/,services/api/test/,Planned for Phase W2 execution,Specification and data schema complete; automated test pending,PLANNED,None
MediaAsset,REQUIREMENT,Kashyap_Adhikari_Master_Requirements_SDLC_Specification.docx,15.1 Core Domain Concepts,Governed stored file/image metadata.,Owning feature + platform,services/api/src/,services/api/test/,Planned for Phase W2 execution,Specification and data schema complete; automated test pending,PLANNED,None
AuditEvent,REQUIREMENT,Kashyap_Adhikari_Master_Requirements_SDLC_Specification.docx,15.1 Core Domain Concepts,Append-only record of material action.,Platform governance,services/api/src/,services/api/test/,Planned for Phase W2 execution,Specification and data schema complete; automated test pending,PLANNED,None
Profile Claim,REQUIREMENT,Kashyap_Adhikari_Master_Requirements_SDLC_Specification.docx,16. State-Machine Specifications,Draft -> Submitted -> Under Review -> Approved / Correction Requested / Rejected / Escalated; Correction Requested -> Resubmitted,Verifier; Super Admin for escalation/conflict,services/api/src/,services/api/test/,Planned for Phase W2 execution,Specification and data schema complete; automated test pending,PLANNED,None
Genealogy Change,REQUIREMENT,Kashyap_Adhikari_Master_Requirements_SDLC_Specification.docx,16. State-Machine Specifications,Draft -> Submitted -> Under Review -> Approved / Correction Requested / Rejected / Escalated; Approved -> Applied,Verifier/Super Admin,services/api/src/,services/api/test/,Planned for Phase W2 execution,Specification and data schema complete; automated test pending,PLANNED,None
New Person Request,REQUIREMENT,Kashyap_Adhikari_Master_Requirements_SDLC_Specification.docx,16. State-Machine Specifications,Draft -> Duplicate Check -> Submitted -> Review -> Approved/Created / Correction / Rejected / Merge-to-existing,Verifier/Super Admin,services/api/src/,services/api/test/,Planned for Phase W2 execution,Specification and data schema complete; automated test pending,PLANNED,None
Duplicate Candidate,REQUIREMENT,Kashyap_Adhikari_Master_Requirements_SDLC_Specification.docx,16. State-Machine Specifications,Detected -> Under Review -> Not Duplicate / Merge Prepared -> Merged,Authorized Admin/Super Admin,services/api/src/,services/api/test/,Planned for Phase W2 execution,Specification and data schema complete; automated test pending,PLANNED,None
Cultural Content,REQUIREMENT,Kashyap_Adhikari_Master_Requirements_SDLC_Specification.docx,16. State-Machine Specifications,Draft -> Review -> Approved -> Published -> Superseded/Archived,Content Manager + designated approver,services/api/src/,services/api/test/,Planned for Phase W2 execution,Specification and data schema complete; automated test pending,PLANNED,None
Domain Rule Set,REQUIREMENT,Kashyap_Adhikari_Master_Requirements_SDLC_Specification.docx,16. State-Machine Specifications,Draft -> Test -> Review -> Approved -> Effective -> Superseded/Retired,Religious Representative + governance authority,services/api/src/,services/api/test/,Planned for Phase W2 execution,Specification and data schema complete; automated test pending,PLANNED,None
Community Post,REQUIREMENT,Kashyap_Adhikari_Master_Requirements_SDLC_Specification.docx,16. State-Machine Specifications,Draft -> Submitted -> Published / Pending Moderation -> Published / Restricted / Removed -> Restored/Archived,Author + moderation policy/Moderator,services/api/src/,services/api/test/,Planned for Phase W2 execution,Specification and data schema complete; automated test pending,PLANNED,None
Account,REQUIREMENT,Kashyap_Adhikari_Master_Requirements_SDLC_Specification.docx,16. State-Machine Specifications,Registered -> Verified -> Active -> Restricted/Suspended -> Reactivated / Deactivated / Closed,User/Admin according to action,services/api/src/,services/api/test/,Planned for Phase W2 execution,Specification and data schema complete; automated test pending,PLANNED,None
user_accounts,DATA_CONTROL,Kashyap_Adhikari_Master_Requirements_SDLC_Specification.docx,18. Logical / Physical Data Design Baseline,"Login identity, status, linked Person.",unique normalized phone; indexed person_id/status; no OTP plaintext,services/api/src/,services/api/test/,Planned for Phase W2 execution,Specification and data schema complete; automated test pending,PLANNED,None
user_sessions,DATA_CONTROL,Kashyap_Adhikari_Master_Requirements_SDLC_Specification.docx,18. Logical / Physical Data Design Baseline,Refresh/session lifecycle.,hashed token identifiers; user/device/expiry indexes,services/api/src/,services/api/test/,Planned for Phase W2 execution,Specification and data schema complete; automated test pending,PLANNED,None
devices,DATA_CONTROL,Kashyap_Adhikari_Master_Requirements_SDLC_Specification.docx,18. Logical / Physical Data Design Baseline,Push/device/session metadata.,user + device identifier; revoke state,services/api/src/,services/api/test/,Planned for Phase W2 execution,Specification and data schema complete; automated test pending,PLANNED,None
persons,DATA_CONTROL,Kashyap_Adhikari_Master_Requirements_SDLC_Specification.docx,18. Logical / Physical Data Design Baseline,Canonical genealogy Person.,PK immutable Person ID; branch/generation/life-status indexes; soft archive metadata,services/api/src/,services/api/test/,Planned for Phase W2 execution,Specification and data schema complete; automated test pending,PLANNED,None
person_names,DATA_CONTROL,Kashyap_Adhikari_Master_Requirements_SDLC_Specification.docx,18. Logical / Physical Data Design Baseline,"Original names, aliases/transliterations.",person FK; normalized-search indexes; script/language/source,services/api/src/,services/api/test/,Planned for Phase W2 execution,Specification and data schema complete; automated test pending,PLANNED,None
branches,DATA_CONTROL,Kashyap_Adhikari_Master_Requirements_SDLC_Specification.docx,18. Logical / Physical Data Design Baseline,Approved branch hierarchy/reference.,unique stable branch code; parent hierarchy validation,services/api/src/,services/api/test/,Planned for Phase W2 execution,Specification and data schema complete; automated test pending,PLANNED,None
parent_links,DATA_CONTROL,Kashyap_Adhikari_Master_Requirements_SDLC_Specification.docx,18. Logical / Physical Data Design Baseline,Direct parent-child facts.,unique active parent-child pair; no self-link/cycle; verification/provenance,services/api/src/,services/api/test/,Planned for Phase W2 execution,Specification and data schema complete; automated test pending,PLANNED,None
spouse_links,DATA_CONTROL,Kashyap_Adhikari_Master_Requirements_SDLC_Specification.docx,18. Logical / Physical Data Design Baseline,Direct spouse facts.,canonical pair ordering/uniqueness; verification/provenance,services/api/src/,services/api/test/,Planned for Phase W2 execution,Specification and data schema complete; automated test pending,PLANNED,None
profile_claims,DATA_CONTROL,Kashyap_Adhikari_Master_Requirements_SDLC_Specification.docx,18. Logical / Physical Data Design Baseline,User-to-Person claim workflow.,user/person/state indexes; one-policy-defined active conflict control,services/api/src/,services/api/test/,Planned for Phase W2 execution,Specification and data schema complete; automated test pending,PLANNED,None
genealogy_change_requests,DATA_CONTROL,Kashyap_Adhikari_Master_Requirements_SDLC_Specification.docx,18. Logical / Physical Data Design Baseline,Proposed Person/link/death corrections.,requester/state/scope indexes; immutable submitted payload snapshot,services/api/src/,services/api/test/,Planned for Phase W2 execution,Specification and data schema complete; automated test pending,PLANNED,None
evidence_files,DATA_CONTROL,Kashyap_Adhikari_Master_Requirements_SDLC_Specification.docx,18. Logical / Physical Data Design Baseline,Restricted evidence metadata.,owner request FK; checksum; security scan/status; access policy,services/api/src/,services/api/test/,Planned for Phase W2 execution,Specification and data schema complete; automated test pending,PLANNED,None
duplicate_candidates,DATA_CONTROL,Kashyap_Adhikari_Master_Requirements_SDLC_Specification.docx,18. Logical / Physical Data Design Baseline,Potential duplicate groups/scores.,Person-pair/group uniqueness; status/score indexes,services/api/src/,services/api/test/,Planned for Phase W2 execution,Specification and data schema complete; automated test pending,PLANNED,None
person_merge_history,DATA_CONTROL,Kashyap_Adhikari_Master_Requirements_SDLC_Specification.docx,18. Logical / Physical Data Design Baseline,Canonicalization record.,immutable source->canonical mapping; actor/decision correlation,services/api/src/,services/api/test/,Planned for Phase W2 execution,Specification and data schema complete; automated test pending,PLANNED,None
relationship_rule_sets,DATA_CONTROL,Kashyap_Adhikari_Master_Requirements_SDLC_Specification.docx,18. Logical / Physical Data Design Baseline,Approved Nata/Saino rules.,version/status/effective dates; immutable published versions,services/api/src/,services/api/test/,Planned for Phase W2 execution,Specification and data schema complete; automated test pending,PLANNED,None
jutho_rule_sets,DATA_CONTROL,Kashyap_Adhikari_Master_Requirements_SDLC_Specification.docx,18. Logical / Physical Data Design Baseline,Jutho durations/exceptions/colors/content links.,version/status/effective dates,services/api/src/,services/api/test/,Planned for Phase W2 execution,Specification and data schema complete; automated test pending,PLANNED,None
calendar_rule_sets,DATA_CONTROL,Kashyap_Adhikari_Master_Requirements_SDLC_Specification.docx,18. Logical / Physical Data Design Baseline,Tithi/Shraddha/calendar source/rules.,version/status/provider/effective dates,services/api/src/,services/api/test/,Planned for Phase W2 execution,Specification and data schema complete; automated test pending,PLANNED,None
content_articles,DATA_CONTROL,Kashyap_Adhikari_Master_Requirements_SDLC_Specification.docx,18. Logical / Physical Data Design Baseline,Cultural/history content identity.,stable slug/type/status; no direct destructive overwrite,services/api/src/,services/api/test/,Planned for Phase W2 execution,Specification and data schema complete; automated test pending,PLANNED,None
content_revisions,DATA_CONTROL,Kashyap_Adhikari_Master_Requirements_SDLC_Specification.docx,18. Logical / Physical Data Design Baseline,Translation/versioned article bodies.,article/language/version unique; author/reviewer/approval,services/api/src/,services/api/test/,Planned for Phase W2 execution,Specification and data schema complete; automated test pending,PLANNED,None
events,DATA_CONTROL,Kashyap_Adhikari_Master_Requirements_SDLC_Specification.docx,18. Logical / Physical Data Design Baseline,Family/community events.,organizer/type/date source/visibility indexes,services/api/src/,services/api/test/,Planned for Phase W2 execution,Specification and data schema complete; automated test pending,PLANNED,None
invitations,DATA_CONTROL,Kashyap_Adhikari_Master_Requirements_SDLC_Specification.docx,18. Logical / Physical Data Design Baseline,Invitation definition/state.,event/creator/status; version metadata,services/api/src/,services/api/test/,Planned for Phase W2 execution,Specification and data schema complete; automated test pending,PLANNED,None
invitation_recipients,DATA_CONTROL,Kashyap_Adhikari_Master_Requirements_SDLC_Specification.docx,18. Logical / Physical Data Design Baseline,Resolved invitee snapshot and RSVP.,invitation + recipient unique; response/status indexes,services/api/src/,services/api/test/,Planned for Phase W2 execution,Specification and data schema complete; automated test pending,PLANNED,None
follows,DATA_CONTROL,Kashyap_Adhikari_Master_Requirements_SDLC_Specification.docx,18. Logical / Physical Data Design Baseline,Person/branch/group follow preference.,user + target-type + target-id unique,services/api/src/,services/api/test/,Planned for Phase W2 execution,Specification and data schema complete; automated test pending,PLANNED,None
notification_preferences,DATA_CONTROL,Kashyap_Adhikari_Master_Requirements_SDLC_Specification.docx,18. Logical / Physical Data Design Baseline,User category/channel/privacy preferences.,user unique; typed config validation,services/api/src/,services/api/test/,Planned for Phase W2 execution,Specification and data schema complete; automated test pending,PLANNED,None
notifications,DATA_CONTROL,Kashyap_Adhikari_Master_Requirements_SDLC_Specification.docx,18. Logical / Physical Data Design Baseline,Delivery/inbox records.,user/created/status; idempotency key unique,services/api/src/,services/api/test/,Planned for Phase W2 execution,Specification and data schema complete; automated test pending,PLANNED,None
community_posts,DATA_CONTROL,Kashyap_Adhikari_Master_Requirements_SDLC_Specification.docx,18. Logical / Physical Data Design Baseline,Community content and moderation state.,author/category/status/date indexes; soft delete,services/api/src/,services/api/test/,Planned for Phase W2 execution,Specification and data schema complete; automated test pending,PLANNED,None
post_reports,DATA_CONTROL,Kashyap_Adhikari_Master_Requirements_SDLC_Specification.docx,18. Logical / Physical Data Design Baseline,Reports and moderation workflow.,reporter/target/status/moderator indexes,services/api/src/,services/api/test/,Planned for Phase W2 execution,Specification and data schema complete; automated test pending,PLANNED,None
user_blocks,DATA_CONTROL,Kashyap_Adhikari_Master_Requirements_SDLC_Specification.docx,18. Logical / Physical Data Design Baseline,Blocking relationship.,blocker + blocked unique; no self-block,services/api/src/,services/api/test/,Planned for Phase W2 execution,Specification and data schema complete; automated test pending,PLANNED,None
household_locations,DATA_CONTROL,Kashyap_Adhikari_Master_Requirements_SDLC_Specification.docx,18. Logical / Physical Data Design Baseline,Privacy-controlled household/map points.,precision/visibility; geographic index; provenance,services/api/src/,services/api/test/,Planned for Phase W2 execution,Specification and data schema complete; automated test pending,PLANNED,None
conversations,DATA_CONTROL,Kashyap_Adhikari_Master_Requirements_SDLC_Specification.docx,18. Logical / Physical Data Design Baseline,Direct/group chat container.,type/status; direct-pair uniqueness strategy,services/api/src/,services/api/test/,Planned for Phase W2 execution,Specification and data schema complete; automated test pending,PLANNED,None
conversation_members,DATA_CONTROL,Kashyap_Adhikari_Master_Requirements_SDLC_Specification.docx,18. Logical / Physical Data Design Baseline,Participants and group roles.,conversation + user unique; role/status indexes,services/api/src/,services/api/test/,Planned for Phase W2 execution,Specification and data schema complete; automated test pending,PLANNED,None
messages,DATA_CONTROL,Kashyap_Adhikari_Master_Requirements_SDLC_Specification.docx,18. Logical / Physical Data Design Baseline,Message body/type/status.,conversation/sequence/created indexes; idempotency key,services/api/src/,services/api/test/,Planned for Phase W2 execution,Specification and data schema complete; automated test pending,PLANNED,None
message_receipts,DATA_CONTROL,Kashyap_Adhikari_Master_Requirements_SDLC_Specification.docx,18. Logical / Physical Data Design Baseline,Delivery/read state.,message + recipient unique,services/api/src/,services/api/test/,Planned for Phase W2 execution,Specification and data schema complete; automated test pending,PLANNED,None
media_assets,DATA_CONTROL,Kashyap_Adhikari_Master_Requirements_SDLC_Specification.docx,18. Logical / Physical Data Design Baseline,Object metadata/security/ownership.,storage key unique; checksum/status/owner indexes,services/api/src/,services/api/test/,Planned for Phase W2 execution,Specification and data schema complete; automated test pending,PLANNED,None
audit_logs,DATA_CONTROL,Kashyap_Adhikari_Master_Requirements_SDLC_Specification.docx,18. Logical / Physical Data Design Baseline,Append-only material actions.,timestamp/actor/action/entity/correlation indexes; no normal updates,services/api/src/,services/api/test/,Planned for Phase W2 execution,Specification and data schema complete; automated test pending,PLANNED,None
system_settings,DATA_CONTROL,Kashyap_Adhikari_Master_Requirements_SDLC_Specification.docx,18. Logical / Physical Data Design Baseline,Typed versioned configuration.,key/version/status; secret values prohibited,services/api/src/,services/api/test/,Planned for Phase W2 execution,Specification and data schema complete; automated test pending,PLANNED,None
ADR-001,REQUIREMENT,Kashyap_Adhikari_Master_Requirements_SDLC_Specification.docx,21. Architecture Decision Records (Initial Baseline),Flutter for Android/iOS member application.,"Single high-quality codebase, mature UI, native integration, strong performance.",services/api/src/,services/api/test/,Planned for Phase W2 execution,Specification and data schema complete; automated test pending,PLANNED,None
ADR-002,REQUIREMENT,Kashyap_Adhikari_Master_Requirements_SDLC_Specification.docx,21. Architecture Decision Records (Initial Baseline),Next.js + TypeScript for administration portal.,"Mature web ecosystem, accessibility/tooling and admin productivity.",services/api/src/,services/api/test/,Planned for Phase W2 execution,Specification and data schema complete; automated test pending,PLANNED,None
ADR-003,REQUIREMENT,Kashyap_Adhikari_Master_Requirements_SDLC_Specification.docx,21. Architecture Decision Records (Initial Baseline),NestJS + TypeScript modular backend.,Strong module/contracts/validation structure and shared language with admin.,services/api/src/,services/api/test/,Planned for Phase W2 execution,Specification and data schema complete; automated test pending,PLANNED,None
ADR-004,REQUIREMENT,Kashyap_Adhikari_Master_Requirements_SDLC_Specification.docx,21. Architecture Decision Records (Initial Baseline),PostgreSQL as transactional database.,"Strong integrity, recursive queries, indexing and mature operations.",services/api/src/,services/api/test/,Planned for Phase W2 execution,Specification and data schema complete; automated test pending,PLANNED,None
ADR-005,REQUIREMENT,Kashyap_Adhikari_Master_Requirements_SDLC_Specification.docx,21. Architecture Decision Records (Initial Baseline),Redis for cache/rate limiting/ephemeral coordination.,Low-latency shared ephemeral state.,services/api/src/,services/api/test/,Planned for Phase W2 execution,Specification and data schema complete; automated test pending,PLANNED,None
ADR-006,REQUIREMENT,Kashyap_Adhikari_Master_Requirements_SDLC_Specification.docx,21. Architecture Decision Records (Initial Baseline),Private S3-compatible object storage.,Durable scalable media/evidence storage with signed access.,services/api/src/,services/api/test/,Planned for Phase W2 execution,Specification and data schema complete; automated test pending,PLANNED,None
ADR-007,REQUIREMENT,Kashyap_Adhikari_Master_Requirements_SDLC_Specification.docx,21. Architecture Decision Records (Initial Baseline),REST/OpenAPI for primary API; WebSocket for real-time messaging/events.,Clear contracts and broad client support while enabling chat.,services/api/src/,services/api/test/,Planned for Phase W2 execution,Specification and data schema complete; automated test pending,PLANNED,None
ADR-008,REQUIREMENT,Kashyap_Adhikari_Master_Requirements_SDLC_Specification.docx,21. Architecture Decision Records (Initial Baseline),PostgreSQL normalized/trigram/full-text search baseline.,Avoid premature search-cluster complexity for expected first-scale.,services/api/src/,services/api/test/,Planned for Phase W2 execution,Specification and data schema complete; automated test pending,PLANNED,None
ADR-009,REQUIREMENT,Kashyap_Adhikari_Master_Requirements_SDLC_Specification.docx,21. Architecture Decision Records (Initial Baseline),Versioned data-driven cultural rule engine.,Auditable culturally governed logic.,services/api/src/,services/api/test/,Planned for Phase W2 execution,Specification and data schema complete; automated test pending,PLANNED,None
ADR-010,REQUIREMENT,Kashyap_Adhikari_Master_Requirements_SDLC_Specification.docx,21. Architecture Decision Records (Initial Baseline),Containerized managed-cloud deployment with Infrastructure as Code.,"Reproducibility, scaling and provider portability.",services/api/src/,services/api/test/,Planned for Phase W2 execution,Specification and data schema complete; automated test pending,PLANNED,None
ADR-011,REQUIREMENT,Kashyap_Adhikari_Master_Requirements_SDLC_Specification.docx,21. Architecture Decision Records (Initial Baseline),Append-only audit persistence plus protected operational retention/export.,Governance traceability.,services/api/src/,services/api/test/,Planned for Phase W2 execution,Specification and data schema complete; automated test pending,PLANNED,None
ADR-012,REQUIREMENT,Kashyap_Adhikari_Master_Requirements_SDLC_Specification.docx,21. Architecture Decision Records (Initial Baseline),"Provider-adapter interfaces for OTP, push, maps and Tithi/calendar integration.",Avoid hard coupling and permit fallback/testing.,services/api/src/,services/api/test/,Planned for Phase W2 execution,Specification and data schema complete; automated test pending,PLANNED,None
OTP/SMS Provider,REQUIREMENT,Kashyap_Adhikari_Master_Requirements_SDLC_Specification.docx,22. Integration Specification,Send login verification codes to normalized phone number; receive delivery status if supported.,Server-side credentials in secret manager; OTP generated/verified securely; rate limits.,services/api/src/,services/api/test/,Planned for Phase W2 execution,Specification and data schema complete; automated test pending,PLANNED,None
Push Notifications,REQUIREMENT,Kashyap_Adhikari_Master_Requirements_SDLC_Specification.docx,22. Integration Specification,Deliver non-sensitive notification prompts to Android/iOS.,FCM/APNs server credentials; device tokens protected.,services/api/src/,services/api/test/,Planned for Phase W2 execution,Specification and data schema complete; automated test pending,PLANNED,None
Maps/Geocoding,REQUIREMENT,Kashyap_Adhikari_Master_Requirements_SDLC_Specification.docx,22. Integration Specification,"Event venue selection, map rendering and permitted household/locality geocoding.","Restricted API keys, origin/package restrictions, least privilege.",services/api/src/,services/api/test/,Planned for Phase W2 execution,Specification and data schema complete; automated test pending,PLANNED,None
Tithi/Calendar Source,REQUIREMENT,Kashyap_Adhikari_Master_Requirements_SDLC_Specification.docx,22. Integration Specification,Provide or support approved Tithi/date computation/reference inputs.,Provider key/contract or internally versioned computation package; provenance stored.,services/api/src/,services/api/test/,Planned for Phase W2 execution,Specification and data schema complete; automated test pending,PLANNED,None
Object Storage/CDN,REQUIREMENT,Kashyap_Adhikari_Master_Requirements_SDLC_Specification.docx,22. Integration Specification,Store profile/community/chat/cultural media and restricted evidence.,"Server-authorized uploads, private buckets, signed URLs, encryption.",services/api/src/,services/api/test/,Planned for Phase W2 execution,Specification and data schema complete; automated test pending,PLANNED,None
Auth,REQUIREMENT,Kashyap_Adhikari_Master_Requirements_SDLC_Specification.docx,23.2 Endpoint Catalogue,POST /auth/otp/request,Request OTP.,services/api/src/,services/api/test/,Planned for Phase W2 execution,Specification and data schema complete; automated test pending,PLANNED,None
People,REQUIREMENT,Kashyap_Adhikari_Master_Requirements_SDLC_Specification.docx,23.2 Endpoint Catalogue,GET /people/search,Permission-filtered Person search.,services/api/src/,services/api/test/,Planned for Phase W2 execution,Specification and data schema complete; automated test pending,PLANNED,None
Claims,REQUIREMENT,Kashyap_Adhikari_Master_Requirements_SDLC_Specification.docx,23.2 Endpoint Catalogue,POST /claims,Submit profile claim.,services/api/src/,services/api/test/,Planned for Phase W2 execution,Specification and data schema complete; automated test pending,PLANNED,None
Admin Claims,REQUIREMENT,Kashyap_Adhikari_Master_Requirements_SDLC_Specification.docx,23.2 Endpoint Catalogue,GET /admin/claims,Reviewer queue.,services/api/src/,services/api/test/,Planned for Phase W2 execution,Specification and data schema complete; automated test pending,PLANNED,None
Genealogy,REQUIREMENT,Kashyap_Adhikari_Master_Requirements_SDLC_Specification.docx,23.2 Endpoint Catalogue,POST /genealogy/requests,Submit Person/link/death correction.,services/api/src/,services/api/test/,Planned for Phase W2 execution,Specification and data schema complete; automated test pending,PLANNED,None
Admin Genealogy,REQUIREMENT,Kashyap_Adhikari_Master_Requirements_SDLC_Specification.docx,23.2 Endpoint Catalogue,GET /admin/genealogy/requests,Review queue.,services/api/src/,services/api/test/,Planned for Phase W2 execution,Specification and data schema complete; automated test pending,PLANNED,None
Admin People,REQUIREMENT,Kashyap_Adhikari_Master_Requirements_SDLC_Specification.docx,23.2 Endpoint Catalogue,POST /admin/people,Authorized direct Person creation/import repair.,services/api/src/,services/api/test/,Planned for Phase W2 execution,Specification and data schema complete; automated test pending,PLANNED,None
Admin Links,REQUIREMENT,Kashyap_Adhikari_Master_Requirements_SDLC_Specification.docx,23.2 Endpoint Catalogue,POST /admin/genealogy/links,Create verified direct link through privileged workflow.,services/api/src/,services/api/test/,Planned for Phase W2 execution,Specification and data schema complete; automated test pending,PLANNED,None
Duplicates,REQUIREMENT,Kashyap_Adhikari_Master_Requirements_SDLC_Specification.docx,23.2 Endpoint Catalogue,GET /admin/duplicates,Duplicate candidate queue.,services/api/src/,services/api/test/,Planned for Phase W2 execution,Specification and data schema complete; automated test pending,PLANNED,None
Culture,REQUIREMENT,Kashyap_Adhikari_Master_Requirements_SDLC_Specification.docx,23.2 Endpoint Catalogue,GET /content,Published content index.,services/api/src/,services/api/test/,Planned for Phase W2 execution,Specification and data schema complete; automated test pending,PLANNED,None
Admin Content,REQUIREMENT,Kashyap_Adhikari_Master_Requirements_SDLC_Specification.docx,23.2 Endpoint Catalogue,POST /admin/content,Create article/revision.,services/api/src/,services/api/test/,Planned for Phase W2 execution,Specification and data schema complete; automated test pending,PLANNED,None
Calendar,REQUIREMENT,Kashyap_Adhikari_Master_Requirements_SDLC_Specification.docx,23.2 Endpoint Catalogue,GET /events,Permission-filtered events/calendar range.,services/api/src/,services/api/test/,Planned for Phase W2 execution,Specification and data schema complete; automated test pending,PLANNED,None
Jutho,REQUIREMENT,Kashyap_Adhikari_Master_Requirements_SDLC_Specification.docx,23.2 Endpoint Catalogue,GET /jutho?deceasedPersonId=...&personId=...,Determine Jutho from verified relationship.,services/api/src/,services/api/test/,Planned for Phase W2 execution,Specification and data schema complete; automated test pending,PLANNED,None
Invitations,REQUIREMENT,Kashyap_Adhikari_Master_Requirements_SDLC_Specification.docx,23.2 Endpoint Catalogue,POST /invitations,Create invitation.,services/api/src/,services/api/test/,Planned for Phase W2 execution,Specification and data schema complete; automated test pending,PLANNED,None
Follows,REQUIREMENT,Kashyap_Adhikari_Master_Requirements_SDLC_Specification.docx,23.2 Endpoint Catalogue,GET/POST/DELETE /follows,Manage follow targets.,services/api/src/,services/api/test/,Planned for Phase W2 execution,Specification and data schema complete; automated test pending,PLANNED,None
Notifications,REQUIREMENT,Kashyap_Adhikari_Master_Requirements_SDLC_Specification.docx,23.2 Endpoint Catalogue,GET /notifications,Notification inbox.,services/api/src/,services/api/test/,Planned for Phase W2 execution,Specification and data schema complete; automated test pending,PLANNED,None
Safety,REQUIREMENT,Kashyap_Adhikari_Master_Requirements_SDLC_Specification.docx,23.2 Endpoint Catalogue,POST /blocks/{userId},Block user.,services/api/src/,services/api/test/,Planned for Phase W2 execution,Specification and data schema complete; automated test pending,PLANNED,None
Map,REQUIREMENT,Kashyap_Adhikari_Master_Requirements_SDLC_Specification.docx,23.2 Endpoint Catalogue,GET /map/households,Permission-safe household/community map points.,services/api/src/,services/api/test/,Planned for Phase W2 execution,Specification and data schema complete; automated test pending,PLANNED,None
Chat,REQUIREMENT,Kashyap_Adhikari_Master_Requirements_SDLC_Specification.docx,23.2 Endpoint Catalogue,GET /conversations,Conversation list.,services/api/src/,services/api/test/,Planned for Phase W2 execution,Specification and data schema complete; automated test pending,PLANNED,None
Media,REQUIREMENT,Kashyap_Adhikari_Master_Requirements_SDLC_Specification.docx,23.2 Endpoint Catalogue,POST /media/uploads,Request secure upload.,services/api/src/,services/api/test/,Planned for Phase W2 execution,Specification and data schema complete; automated test pending,PLANNED,None
Rules,REQUIREMENT,Kashyap_Adhikari_Master_Requirements_SDLC_Specification.docx,23.2 Endpoint Catalogue,GET /admin/rules/{type},List versioned domain rule sets.,services/api/src/,services/api/test/,Planned for Phase W2 execution,Specification and data schema complete; automated test pending,PLANNED,None
Imports,REQUIREMENT,Kashyap_Adhikari_Master_Requirements_SDLC_Specification.docx,23.2 Endpoint Catalogue,POST /admin/imports,Create import batch/upload mapping.,services/api/src/,services/api/test/,Planned for Phase W2 execution,Specification and data schema complete; automated test pending,PLANNED,None
Audit,REQUIREMENT,Kashyap_Adhikari_Master_Requirements_SDLC_Specification.docx,23.2 Endpoint Catalogue,GET /admin/audit,Search audit.,services/api/src/,services/api/test/,Planned for Phase W2 execution,Specification and data schema complete; automated test pending,PLANNED,None
AUTH_INVALID_PHONE,REQUIREMENT,Kashyap_Adhikari_Master_Requirements_SDLC_Specification.docx,24. Error Catalogue,Enter a valid mobile number.,400,services/api/src/,services/api/test/,Planned for Phase W2 execution,Specification and data schema complete; automated test pending,PLANNED,None
AUTH_OTP_RATE_LIMITED,REQUIREMENT,Kashyap_Adhikari_Master_Requirements_SDLC_Specification.docx,24. Error Catalogue,Too many code requests; wait before trying again.,429,services/api/src/,services/api/test/,Planned for Phase W2 execution,Specification and data schema complete; automated test pending,PLANNED,None
AUTH_OTP_INVALID,REQUIREMENT,Kashyap_Adhikari_Master_Requirements_SDLC_Specification.docx,24. Error Catalogue,Verification code is invalid.,400/401,services/api/src/,services/api/test/,Planned for Phase W2 execution,Specification and data schema complete; automated test pending,PLANNED,None
AUTH_OTP_EXPIRED,REQUIREMENT,Kashyap_Adhikari_Master_Requirements_SDLC_Specification.docx,24. Error Catalogue,Verification code expired.,400,services/api/src/,services/api/test/,Planned for Phase W2 execution,Specification and data schema complete; automated test pending,PLANNED,None
AUTH_SESSION_EXPIRED,REQUIREMENT,Kashyap_Adhikari_Master_Requirements_SDLC_Specification.docx,24. Error Catalogue,Session expired; sign in again.,401,services/api/src/,services/api/test/,Planned for Phase W2 execution,Specification and data schema complete; automated test pending,PLANNED,None
ACCOUNT_RESTRICTED,REQUIREMENT,Kashyap_Adhikari_Master_Requirements_SDLC_Specification.docx,24. Error Catalogue,Account access is restricted.,403,services/api/src/,services/api/test/,Planned for Phase W2 execution,Specification and data schema complete; automated test pending,PLANNED,None
PERSON_NOT_FOUND,REQUIREMENT,Kashyap_Adhikari_Master_Requirements_SDLC_Specification.docx,24. Error Catalogue,Person could not be found or is not visible.,404,services/api/src/,services/api/test/,Planned for Phase W2 execution,Specification and data schema complete; automated test pending,PLANNED,None
PERSON_DUPLICATE_CANDIDATE,REQUIREMENT,Kashyap_Adhikari_Master_Requirements_SDLC_Specification.docx,24. Error Catalogue,A possible existing Person requires review.,409,services/api/src/,services/api/test/,Planned for Phase W2 execution,Specification and data schema complete; automated test pending,PLANNED,None
GENEALOGY_CYCLE,REQUIREMENT,Kashyap_Adhikari_Master_Requirements_SDLC_Specification.docx,24. Error Catalogue,Proposed relationship would create an invalid cycle.,422,services/api/src/,services/api/test/,Planned for Phase W2 execution,Specification and data schema complete; automated test pending,PLANNED,None
GENEALOGY_SCOPE_FORBIDDEN,REQUIREMENT,Kashyap_Adhikari_Master_Requirements_SDLC_Specification.docx,24. Error Catalogue,Reviewer lacks authority for this request.,403,services/api/src/,services/api/test/,Planned for Phase W2 execution,Specification and data schema complete; automated test pending,PLANNED,None
CLAIM_ALREADY_ACTIVE,REQUIREMENT,Kashyap_Adhikari_Master_Requirements_SDLC_Specification.docx,24. Error Catalogue,An active/conflicting claim already exists.,409,services/api/src/,services/api/test/,Planned for Phase W2 execution,Specification and data schema complete; automated test pending,PLANNED,None
REQUEST_INVALID_STATE,REQUIREMENT,Kashyap_Adhikari_Master_Requirements_SDLC_Specification.docx,24. Error Catalogue,Action is not valid in current workflow state.,409,services/api/src/,services/api/test/,Planned for Phase W2 execution,Specification and data schema complete; automated test pending,PLANNED,None
EVIDENCE_FILE_INVALID,REQUIREMENT,Kashyap_Adhikari_Master_Requirements_SDLC_Specification.docx,24. Error Catalogue,Evidence file type/size/security validation failed.,422,services/api/src/,services/api/test/,Planned for Phase W2 execution,Specification and data schema complete; automated test pending,PLANNED,None
RELATIONSHIP_NOT_RESOLVABLE,REQUIREMENT,Kashyap_Adhikari_Master_Requirements_SDLC_Specification.docx,24. Error Catalogue,Verified genealogy is insufficient to resolve relationship.,422,services/api/src/,services/api/test/,Planned for Phase W2 execution,Specification and data schema complete; automated test pending,PLANNED,None
RELATIONSHIP_RULE_UNMAPPED,REQUIREMENT,Kashyap_Adhikari_Master_Requirements_SDLC_Specification.docx,24. Error Catalogue,Relationship path exists but approved cultural label is not mapped.,422,services/api/src/,services/api/test/,Planned for Phase W2 execution,Specification and data schema complete; automated test pending,PLANNED,None
JUTHO_RULE_UNAVAILABLE,REQUIREMENT,Kashyap_Adhikari_Master_Requirements_SDLC_Specification.docx,24. Error Catalogue,Authoritative Jutho result cannot be produced.,503/422,services/api/src/,services/api/test/,Planned for Phase W2 execution,Specification and data schema complete; automated test pending,PLANNED,None
TITHI_SOURCE_UNAVAILABLE,REQUIREMENT,Kashyap_Adhikari_Master_Requirements_SDLC_Specification.docx,24. Error Catalogue,Tithi source/calculation is temporarily unavailable.,503,services/api/src/,services/api/test/,Planned for Phase W2 execution,Specification and data schema complete; automated test pending,PLANNED,None
CONTENT_NOT_PUBLISHED,REQUIREMENT,Kashyap_Adhikari_Master_Requirements_SDLC_Specification.docx,24. Error Catalogue,Requested content is not available to members.,404,services/api/src/,services/api/test/,Planned for Phase W2 execution,Specification and data schema complete; automated test pending,PLANNED,None
POST_UNDER_MODERATION,REQUIREMENT,Kashyap_Adhikari_Master_Requirements_SDLC_Specification.docx,24. Error Catalogue,Post is awaiting moderation.,409/202 state,services/api/src/,services/api/test/,Planned for Phase W2 execution,Specification and data schema complete; automated test pending,PLANNED,None
USER_BLOCKED,REQUIREMENT,Kashyap_Adhikari_Master_Requirements_SDLC_Specification.docx,24. Error Catalogue,Communication/action is unavailable due to safety relationship.,403,services/api/src/,services/api/test/,Planned for Phase W2 execution,Specification and data schema complete; automated test pending,PLANNED,None
CHAT_NOT_PARTICIPANT,REQUIREMENT,Kashyap_Adhikari_Master_Requirements_SDLC_Specification.docx,24. Error Catalogue,User cannot access this conversation.,403/404,services/api/src/,services/api/test/,Planned for Phase W2 execution,Specification and data schema complete; automated test pending,PLANNED,None
MEDIA_SCAN_PENDING,REQUIREMENT,Kashyap_Adhikari_Master_Requirements_SDLC_Specification.docx,24. Error Catalogue,File is not yet ready.,202 state,services/api/src/,services/api/test/,Planned for Phase W2 execution,Specification and data schema complete; automated test pending,PLANNED,None
MEDIA_REJECTED,REQUIREMENT,Kashyap_Adhikari_Master_Requirements_SDLC_Specification.docx,24. Error Catalogue,File failed security/policy validation.,422,services/api/src/,services/api/test/,Planned for Phase W2 execution,Specification and data schema complete; automated test pending,PLANNED,None
PRIVACY_FORBIDDEN,REQUIREMENT,Kashyap_Adhikari_Master_Requirements_SDLC_Specification.docx,24. Error Catalogue,Requested information is not visible to this account.,403/404,services/api/src/,services/api/test/,Planned for Phase W2 execution,Specification and data schema complete; automated test pending,PLANNED,None
RATE_LIMITED,REQUIREMENT,Kashyap_Adhikari_Master_Requirements_SDLC_Specification.docx,24. Error Catalogue,Too many requests.,429,services/api/src/,services/api/test/,Planned for Phase W2 execution,Specification and data schema complete; automated test pending,PLANNED,None
VALIDATION_ERROR,REQUIREMENT,Kashyap_Adhikari_Master_Requirements_SDLC_Specification.docx,24. Error Catalogue,One or more inputs are invalid.,422,services/api/src/,services/api/test/,Planned for Phase W2 execution,Specification and data schema complete; automated test pending,PLANNED,None
INTEGRATION_UNAVAILABLE,REQUIREMENT,Kashyap_Adhikari_Master_Requirements_SDLC_Specification.docx,24. Error Catalogue,Required external service is temporarily unavailable.,503,services/api/src/,services/api/test/,Planned for Phase W2 execution,Specification and data schema complete; automated test pending,PLANNED,None
INTERNAL_ERROR,REQUIREMENT,Kashyap_Adhikari_Master_Requirements_SDLC_Specification.docx,24. Error Catalogue,Something went wrong; use request ID for support.,500,services/api/src/,services/api/test/,Planned for Phase W2 execution,Specification and data schema complete; automated test pending,PLANNED,None
Public/Published,DATA_CONTROL,Kashyap_Adhikari_Master_Requirements_SDLC_Specification.docx,27.1 Data Classes,"approved cultural article, intentionally public community information",Accessible according to publishing policy,services/api/src/,services/api/test/,Planned for Phase W2 execution,Specification and data schema complete; automated test pending,PLANNED,None
Family/Restricted,DATA_CONTROL,Kashyap_Adhikari_Master_Requirements_SDLC_Specification.docx,27.1 Data Classes,"relationship context, selected profile fields, household locality",Relationship/branch/visibility policy,services/api/src/,services/api/test/,Planned for Phase W2 execution,Specification and data schema complete; automated test pending,PLANNED,None
Sensitive Personal,DATA_CONTROL,Kashyap_Adhikari_Master_Requirements_SDLC_Specification.docx,27.1 Data Classes,"phone, email, precise address/location, evidence, account/security metadata","Minimal access, encryption/strict logging controls",services/api/src/,services/api/test/,Planned for Phase W2 execution,Specification and data schema complete; automated test pending,PLANNED,None
Highly Restricted Governance,DATA_CONTROL,Kashyap_Adhikari_Master_Requirements_SDLC_Specification.docx,27.1 Data Classes,"claim evidence, moderation evidence, privileged audit details",Need-to-know roles only,services/api/src/,services/api/test/,Planned for Phase W2 execution,Specification and data schema complete; automated test pending,PLANNED,None
Security Secret,DATA_CONTROL,Kashyap_Adhikari_Master_Requirements_SDLC_Specification.docx,27.1 Data Classes,"tokens, API keys, OTP verifier material",Never exposed to normal users/admin content interfaces,services/api/src/,services/api/test/,Planned for Phase W2 execution,Specification and data schema complete; automated test pending,PLANNED,None
Database protection,REQUIREMENT,Kashyap_Adhikari_Master_Requirements_SDLC_Specification.docx,28. Backup and Recovery Plan,Managed continuous/PITR capability plus daily snapshots/backups,Managed continuous/PITR capability plus daily snapshots/backups,services/api/src/,services/api/test/,Planned for Phase W2 execution,Specification and data schema complete; automated test pending,PLANNED,None
Operational retention,REQUIREMENT,Kashyap_Adhikari_Master_Requirements_SDLC_Specification.docx,28. Backup and Recovery Plan,"35-day rolling recovery window baseline, subject to selected provider and legal review","35-day rolling recovery window baseline, subject to selected provider and legal review",services/api/src/,services/api/test/,Planned for Phase W2 execution,Specification and data schema complete; automated test pending,PLANNED,None
Long-term protected backup,REQUIREMENT,Kashyap_Adhikari_Master_Requirements_SDLC_Specification.docx,28. Backup and Recovery Plan,Monthly protected copy retained 12 months baseline; final legal/business retention sign-off required,Monthly protected copy retained 12 months baseline; final legal/business retention sign-off required,services/api/src/,services/api/test/,Planned for Phase W2 execution,Specification and data schema complete; automated test pending,PLANNED,None
Object storage,REQUIREMENT,Kashyap_Adhikari_Master_Requirements_SDLC_Specification.docx,28. Backup and Recovery Plan,Versioning/lifecycle protection for critical governed assets; deletion policy follows owning record,Versioning/lifecycle protection for critical governed assets; deletion policy follows owning record,services/api/src/,services/api/test/,Planned for Phase W2 execution,Specification and data schema complete; automated test pending,PLANNED,None
Encryption,REQUIREMENT,Kashyap_Adhikari_Master_Requirements_SDLC_Specification.docx,28. Backup and Recovery Plan,At rest and in transit; backup keys managed securely,At rest and in transit; backup keys managed securely,services/api/src/,services/api/test/,Planned for Phase W2 execution,Specification and data schema complete; automated test pending,PLANNED,None
RPO,REQUIREMENT,Kashyap_Adhikari_Master_Requirements_SDLC_Specification.docx,28. Backup and Recovery Plan,<= 15 minutes for critical transactional data,<= 15 minutes for critical transactional data,services/api/src/,services/api/test/,Planned for Phase W2 execution,Specification and data schema complete; automated test pending,PLANNED,None
RTO,REQUIREMENT,Kashyap_Adhikari_Master_Requirements_SDLC_Specification.docx,28. Backup and Recovery Plan,<= 4 hours for critical service restoration,<= 4 hours for critical service restoration,services/api/src/,services/api/test/,Planned for Phase W2 execution,Specification and data schema complete; automated test pending,PLANNED,None
Restore testing,REQUIREMENT,Kashyap_Adhikari_Master_Requirements_SDLC_Specification.docx,28. Backup and Recovery Plan,Quarterly production-like restore rehearsal after launch and before first go-live,Quarterly production-like restore rehearsal after launch and before first go-live,services/api/src/,services/api/test/,Planned for Phase W2 execution,Specification and data schema complete; automated test pending,PLANNED,None
Restore evidence,REQUIREMENT,Kashyap_Adhikari_Master_Requirements_SDLC_Specification.docx,28. Backup and Recovery Plan,"Date, backup ID, environment, duration, data validation, failures and remediation retained","Date, backup ID, environment, duration, data validation, failures and remediation retained",services/api/src/,services/api/test/,Planned for Phase W2 execution,Specification and data schema complete; automated test pending,PLANNED,None
Responsibility,REQUIREMENT,Kashyap_Adhikari_Master_Requirements_SDLC_Specification.docx,28. Backup and Recovery Plan,Named Operations Owner + Database Owner with escalation path,Named Operations Owner + Database Owner with escalation path,services/api/src/,services/api/test/,Planned for Phase W2 execution,Specification and data schema complete; automated test pending,PLANNED,None
1. Defining the Scope,REQUIREMENT,Kashyap_Adhikari_Master_Requirements_SDLC_Specification.docx,34. SDLC Execution Plan,4–6 weeks,"Signed master requirements, domain-rule ownership, privacy field matrix, source-data inventory, release acceptance criteria",services/api/src/,services/api/test/,Planned for Phase W2 execution,Specification and data schema complete; automated test pending,PLANNED,None
2. Architecture & Design,REQUIREMENT,Kashyap_Adhikari_Master_Requirements_SDLC_Specification.docx,34. SDLC Execution Plan,5–7 weeks,"Approved UX flows/screens, design system, data model/ERD, architecture/ADRs, OpenAPI baseline, threat model, migration plan",services/api/src/,services/api/test/,Planned for Phase W2 execution,Specification and data schema complete; automated test pending,PLANNED,None
3. Development,REQUIREMENT,Kashyap_Adhikari_Master_Requirements_SDLC_Specification.docx,34. SDLC Execution Plan,20–26 weeks with parallel workstreams,"Implemented Release 1.0 modules, migrations, automated tests, staging deployments, technical documentation",services/api/src/,services/api/test/,Planned for Phase W2 execution,Specification and data schema complete; automated test pending,PLANNED,None
4. Integration & Testing,REQUIREMENT,Kashyap_Adhikari_Master_Requirements_SDLC_Specification.docx,34. SDLC Execution Plan,8–10 weeks,"Full E2E, domain-rule tests, data migration rehearsals, performance/security/a11y/localization tests, UAT and release gates",services/api/src/,services/api/test/,Planned for Phase W2 execution,Specification and data schema complete; automated test pending,PLANNED,None
5. Maintenance,REQUIREMENT,Kashyap_Adhikari_Master_Requirements_SDLC_Specification.docx,34. SDLC Execution Plan,Continuous after launch,"Monitoring, incident response, backups/restores, security patches, support, data stewardship and controlled enhancements",services/api/src/,services/api/test/,Planned for Phase W2 execution,Specification and data schema complete; automated test pending,PLANNED,None
E2E-001,REQUIREMENT,Kashyap_Adhikari_Master_Requirements_SDLC_Specification.docx,37. Critical End-to-End Acceptance Scenarios,New user -> OTP -> finds existing Person -> submits claim -> verifier approves.,"Account is linked once, audit exists, member sees full permitted profile/tree.",services/api/src/,services/api/test/,Planned for Phase W2 execution,Specification and data schema complete; automated test pending,PLANNED,None
E2E-002,REQUIREMENT,Kashyap_Adhikari_Master_Requirements_SDLC_Specification.docx,37. Critical End-to-End Acceptance Scenarios,New user finds no Person -> requests new Person -> duplicate candidate is found -> admin resolves to existing Person.,No duplicate is created; member can claim canonical Person.,services/api/src/,services/api/test/,Planned for Phase W2 execution,Specification and data schema complete; automated test pending,PLANNED,None
E2E-003,REQUIREMENT,Kashyap_Adhikari_Master_Requirements_SDLC_Specification.docx,37. Critical End-to-End Acceptance Scenarios,Member proposes child -> verifier approves.,Trusted parent link appears only after approval; derived relationships update.,services/api/src/,services/api/test/,Planned for Phase W2 execution,Specification and data schema complete; automated test pending,PLANNED,None
E2E-004,REQUIREMENT,Kashyap_Adhikari_Master_Requirements_SDLC_Specification.docx,37. Critical End-to-End Acceptance Scenarios,Member proposes correction -> verifier asks for evidence -> member resubmits -> approval.,Full state history retained; final value updated atomically.,services/api/src/,services/api/test/,Planned for Phase W2 execution,Specification and data schema complete; automated test pending,PLANNED,None
E2E-005,REQUIREMENT,Kashyap_Adhikari_Master_Requirements_SDLC_Specification.docx,37. Critical End-to-End Acceptance Scenarios,Admin merges two true duplicate Persons with conflicting names/links.,One canonical Person remains; relationships/provenance/old IDs preserved; audit complete.,services/api/src/,services/api/test/,Planned for Phase W2 execution,Specification and data schema complete; automated test pending,PLANNED,None
E2E-006,REQUIREMENT,Kashyap_Adhikari_Master_Requirements_SDLC_Specification.docx,37. Critical End-to-End Acceptance Scenarios,Member views distant relative.,Approved English and Nepali Nata/Saino resolve from verified path; path explanation is privacy-safe.,services/api/src/,services/api/test/,Planned for Phase W2 execution,Specification and data schema complete; automated test pending,PLANNED,None
E2E-007,REQUIREMENT,Kashyap_Adhikari_Master_Requirements_SDLC_Specification.docx,37. Critical End-to-End Acceptance Scenarios,Death is approved for a Person.,Relevant event/reminder is generated; Jutho calculation uses approved relationship/rule set; incomplete paths show unavailable rather than guessed result.,services/api/src/,services/api/test/,Planned for Phase W2 execution,Specification and data schema complete; automated test pending,PLANNED,None
E2E-008,REQUIREMENT,Kashyap_Adhikari_Master_Requirements_SDLC_Specification.docx,37. Critical End-to-End Acceptance Scenarios,Content manager edits ritual article -> religious representative approves -> publisher publishes Nepali/English revision.,Only approved revision appears to members; history remains auditable.,services/api/src/,services/api/test/,Planned for Phase W2 execution,Specification and data schema complete; automated test pending,PLANNED,None
E2E-009,REQUIREMENT,Kashyap_Adhikari_Master_Requirements_SDLC_Specification.docx,37. Critical End-to-End Acceptance Scenarios,Organizer creates marriage event -> selects descendants/branch/cousin audience -> previews -> sends -> invitees RSVP.,Recipient snapshot is correct; notifications delivered; RSVP summary matches.,services/api/src/,services/api/test/,Planned for Phase W2 execution,Specification and data schema complete; automated test pending,PLANNED,None
E2E-010,REQUIREMENT,Kashyap_Adhikari_Master_Requirements_SDLC_Specification.docx,37. Critical End-to-End Acceptance Scenarios,Member posts sensitive community notice -> policy routes to moderation -> moderator approves; another user reports it later.,States/actions/notifications/audit follow moderation policy.,services/api/src/,services/api/test/,Planned for Phase W2 execution,Specification and data schema complete; automated test pending,PLANNED,None
E2E-011,REQUIREMENT,Kashyap_Adhikari_Master_Requirements_SDLC_Specification.docx,37. Critical End-to-End Acceptance Scenarios,Member opens household map with restricted privacy.,Only approved generalized locations appear; precise hidden address/coordinates do not leak through API.,services/api/src/,services/api/test/,Planned for Phase W2 execution,Specification and data schema complete; automated test pending,PLANNED,None
E2E-012,REQUIREMENT,Kashyap_Adhikari_Master_Requirements_SDLC_Specification.docx,37. Critical End-to-End Acceptance Scenarios,Member sends direct chat media -> recipient blocks sender -> subsequent direct send.,Existing retained history follows policy; new blocked communication is prevented; report path works.,services/api/src/,services/api/test/,Planned for Phase W2 execution,Specification and data schema complete; automated test pending,PLANNED,None
E2E-013,REQUIREMENT,Kashyap_Adhikari_Master_Requirements_SDLC_Specification.docx,37. Critical End-to-End Acceptance Scenarios,Member creates group -> admins members -> users exchange messages while one client loses connectivity.,Membership permissions hold; offline retry is idempotent; history syncs after reconnect.,services/api/src/,services/api/test/,Planned for Phase W2 execution,Specification and data schema complete; automated test pending,PLANNED,None
E2E-014,REQUIREMENT,Kashyap_Adhikari_Master_Requirements_SDLC_Specification.docx,37. Critical End-to-End Acceptance Scenarios,Member requests account deletion/deactivation.,Sessions revoked and account lifecycle applied without destroying shared verified genealogy/audit that policy requires retained.,services/api/src/,services/api/test/,Planned for Phase W2 execution,Specification and data schema complete; automated test pending,PLANNED,None
E2E-015,REQUIREMENT,Kashyap_Adhikari_Master_Requirements_SDLC_Specification.docx,37. Critical End-to-End Acceptance Scenarios,Full genealogy import dry run -> reconciliation -> commit.,Counts match approved report; invalid/duplicate cases handled; import batch fully traceable.,services/api/src/,services/api/test/,Planned for Phase W2 execution,Specification and data schema complete; automated test pending,PLANNED,None
E2E-016,REQUIREMENT,Kashyap_Adhikari_Master_Requirements_SDLC_Specification.docx,37. Critical End-to-End Acceptance Scenarios,Restore latest production-like backup into isolated environment.,RPO/RTO targets are measured and restored genealogy/audit/media references pass validation.,services/api/src/,services/api/test/,Planned for Phase W2 execution,Specification and data schema complete; automated test pending,PLANNED,None
RG-01 Scope,RELEASE_GATE,Kashyap_Adhikari_Master_Requirements_SDLC_Specification.docx,38. Release Gates,Master requirements signed; no undocumented feature deferral.,Product/Business Owner,docs/execution/OPEN_GATES.md,docs/execution/PHASE_G2_VERIFICATION_REPORT.md,Release Gate Audit Checklist,Gate open; release readiness checklist pending operational sign-off,HUMAN_GATED,HG-RG-01 
RG-02 Domain,RELEASE_GATE,Kashyap_Adhikari_Master_Requirements_SDLC_Specification.docx,38. Release Gates,"Nata/Saino, Jutho, Tithi/Shraddha reference rule sets approved and tests signed.",Community/Religious Representative,docs/execution/OPEN_GATES.md,docs/execution/PHASE_G2_VERIFICATION_REPORT.md,Release Gate Audit Checklist,Gate open; release readiness checklist pending operational sign-off,HUMAN_GATED,HG-RG-02 
RG-03 Data,RELEASE_GATE,Kashyap_Adhikari_Master_Requirements_SDLC_Specification.docx,38. Release Gates,"Production migration dry run, duplicate reconciliation and import acceptance completed.",Data Steward/Super Admin,docs/execution/OPEN_GATES.md,docs/execution/PHASE_G2_VERIFICATION_REPORT.md,Release Gate Audit Checklist,Gate open; release readiness checklist pending operational sign-off,HUMAN_GATED,HG-RG-03 
RG-04 Functional,RELEASE_GATE,Kashyap_Adhikari_Master_Requirements_SDLC_Specification.docx,38. Release Gates,All mandatory functional requirements implemented with passing traceability evidence.,Engineering/QA,docs/execution/OPEN_GATES.md,docs/execution/PHASE_G2_VERIFICATION_REPORT.md,Release Gate Audit Checklist,Gate open; release readiness checklist pending operational sign-off,HUMAN_GATED,HG-RG-04 
RG-05 Security,RELEASE_GATE,Kashyap_Adhikari_Master_Requirements_SDLC_Specification.docx,38. Release Gates,"Threat model closed, critical/high findings resolved per policy, penetration-test sign-off.",Security/Tech Lead,docs/execution/OPEN_GATES.md,docs/execution/PHASE_G2_VERIFICATION_REPORT.md,Release Gate Audit Checklist,Gate open; release readiness checklist pending operational sign-off,HUMAN_GATED,HG-RG-05 
RG-06 Performance,RELEASE_GATE,Kashyap_Adhikari_Master_Requirements_SDLC_Specification.docx,38. Release Gates,Performance/capacity tests meet approved SLO targets or accepted exceptions.,Engineering/Operations,docs/execution/OPEN_GATES.md,docs/execution/PHASE_G2_VERIFICATION_REPORT.md,Release Gate Audit Checklist,Gate open; release readiness checklist pending operational sign-off,HUMAN_GATED,HG-RG-06 
RG-07 Privacy,RELEASE_GATE,Kashyap_Adhikari_Master_Requirements_SDLC_Specification.docx,38. Release Gates,"Field visibility, minors/location/evidence/export controls and notices reviewed/accepted.",Product/Privacy/Legal,docs/execution/OPEN_GATES.md,docs/execution/PHASE_G2_VERIFICATION_REPORT.md,Release Gate Audit Checklist,Gate open; release readiness checklist pending operational sign-off,HUMAN_GATED,HG-RG-07 
RG-08 Accessibility & Localization,RELEASE_GATE,Kashyap_Adhikari_Master_Requirements_SDLC_Specification.docx,38. Release Gates,Nepali/English and accessibility acceptance suite passes.,UX/QA,docs/execution/OPEN_GATES.md,docs/execution/PHASE_G2_VERIFICATION_REPORT.md,Release Gate Audit Checklist,Gate open; release readiness checklist pending operational sign-off,HUMAN_GATED,HG-RG-08 
RG-09 Operations,RELEASE_GATE,Kashyap_Adhikari_Master_Requirements_SDLC_Specification.docx,38. Release Gates,"Monitoring, alerts, runbooks, backups, successful restore, incident/on-call ownership ready.",Operations,docs/execution/OPEN_GATES.md,docs/execution/PHASE_G2_VERIFICATION_REPORT.md,Release Gate Audit Checklist,Gate open; release readiness checklist pending operational sign-off,HUMAN_GATED,HG-RG-09 
RG-10 Store/Distribution,RELEASE_GATE,Kashyap_Adhikari_Master_Requirements_SDLC_Specification.docx,38. Release Gates,"Android/iOS signing, privacy disclosures, screenshots, support links and store checks complete.",Release/Product,docs/execution/OPEN_GATES.md,docs/execution/PHASE_G2_VERIFICATION_REPORT.md,Release Gate Audit Checklist,Gate open; release readiness checklist pending operational sign-off,HUMAN_GATED,HG-RG-10 
RG-11 UAT,RELEASE_GATE,Kashyap_Adhikari_Master_Requirements_SDLC_Specification.docx,38. Release Gates,Stakeholder/community representatives accept critical journeys.,Business Owner/UAT group,docs/execution/OPEN_GATES.md,docs/execution/PHASE_G2_VERIFICATION_REPORT.md,Release Gate Audit Checklist,Gate open; release readiness checklist pending operational sign-off,HUMAN_GATED,HG-RG-11 
RG-12 Go-Live,RELEASE_GATE,Kashyap_Adhikari_Master_Requirements_SDLC_Specification.docx,38. Release Gates,"Production checklist, rollback plan and named incident command approved.",Release Manager/Super Admin,docs/execution/OPEN_GATES.md,docs/execution/PHASE_G2_VERIFICATION_REPORT.md,Release Gate Audit Checklist,Gate open; release readiness checklist pending operational sign-off,HUMAN_GATED,HG-RG-12 
AUTH-FR-*,REQUIREMENT,Kashyap_Adhikari_Master_Requirements_SDLC_Specification.docx,39. Requirements Traceability Matrix — Module Level,"MOB-003, MOB-004, MOB-040",Auth/session endpoints,services/api/src/,services/api/test/,Planned for Phase W2 execution,Specification and data schema complete; automated test pending,PLANNED,None
PROF-FR-*,REQUIREMENT,Kashyap_Adhikari_Master_Requirements_SDLC_Specification.docx,39. Requirements Traceability Matrix — Module Level,"MOB-011, MOB-035–037","/me ,   /people",services/api/src/,services/api/test/,Planned for Phase W2 execution,Specification and data schema complete; automated test pending,PLANNED,None
GEN-FR-*,REQUIREMENT,Kashyap_Adhikari_Master_Requirements_SDLC_Specification.docx,39. Requirements Traceability Matrix — Module Level,"MOB-010–012, ADM-UI-007–009",People/tree/admin genealogy,services/api/src/,services/api/test/,Planned for Phase W2 execution,Specification and data schema complete; automated test pending,PLANNED,None
SRCH-FR-*,REQUIREMENT,Kashyap_Adhikari_Master_Requirements_SDLC_Specification.docx,39. Requirements Traceability Matrix — Module Level,"MOB-005, MOB-014, ADM-UI-007",Search APIs/indexes,services/api/src/,services/api/test/,Planned for Phase W2 execution,Specification and data schema complete; automated test pending,PLANNED,None
CLAIM-FR-*,REQUIREMENT,Kashyap_Adhikari_Master_Requirements_SDLC_Specification.docx,39. Requirements Traceability Matrix — Module Level,"MOB-006–008, ADM-UI-003–004",Claims APIs/workflow,services/api/src/,services/api/test/,Planned for Phase W2 execution,Specification and data schema complete; automated test pending,PLANNED,None
CHG-FR-*,REQUIREMENT,Kashyap_Adhikari_Master_Requirements_SDLC_Specification.docx,39. Requirements Traceability Matrix — Module Level,"MOB-015–017, ADM-UI-005–006",Genealogy request APIs,services/api/src/,services/api/test/,Planned for Phase W2 execution,Specification and data schema complete; automated test pending,PLANNED,None
DUP-FR-*,REQUIREMENT,Kashyap_Adhikari_Master_Requirements_SDLC_Specification.docx,39. Requirements Traceability Matrix — Module Level,"MOB-008, ADM-UI-010–011",Duplicate/merge service,services/api/src/,services/api/test/,Planned for Phase W2 execution,Specification and data schema complete; automated test pending,PLANNED,None
REL-FR-*,REQUIREMENT,Kashyap_Adhikari_Master_Requirements_SDLC_Specification.docx,39. Requirements Traceability Matrix — Module Level,"MOB-011, MOB-013, ADM-UI-021",Relationship engine/rules,services/api/src/,services/api/test/,Planned for Phase W2 execution,Specification and data schema complete; automated test pending,PLANNED,None
CUL-FR-*,REQUIREMENT,Kashyap_Adhikari_Master_Requirements_SDLC_Specification.docx,39. Requirements Traceability Matrix — Module Level,"MOB-018–019, ADM-UI-016–017",Content CMS/API,services/api/src/,services/api/test/,Planned for Phase W2 execution,Specification and data schema complete; automated test pending,PLANNED,None
CAL-FR-*,REQUIREMENT,Kashyap_Adhikari_Master_Requirements_SDLC_Specification.docx,39. Requirements Traceability Matrix — Module Level,"MOB-020–022, ADM-UI-018/023",Calendar/event service,services/api/src/,services/api/test/,Planned for Phase W2 execution,Specification and data schema complete; automated test pending,PLANNED,None
JUT-FR-*,REQUIREMENT,Kashyap_Adhikari_Master_Requirements_SDLC_Specification.docx,39. Requirements Traceability Matrix — Module Level,"MOB-012/021, ADM-UI-022",Jutho rule engine,services/api/src/,services/api/test/,Planned for Phase W2 execution,Specification and data schema complete; automated test pending,PLANNED,None
NOT-FR-*,REQUIREMENT,Kashyap_Adhikari_Master_Requirements_SDLC_Specification.docx,39. Requirements Traceability Matrix — Module Level,"MOB-025–026, ADM-UI-018",Follow/notification worker,services/api/src/,services/api/test/,Planned for Phase W2 execution,Specification and data schema complete; automated test pending,PLANNED,None
INV-FR-*,REQUIREMENT,Kashyap_Adhikari_Master_Requirements_SDLC_Specification.docx,39. Requirements Traceability Matrix — Module Level,"MOB-023–024, ADM-UI-018",Invitation/audience service,services/api/src/,services/api/test/,Planned for Phase W2 execution,Specification and data schema complete; automated test pending,PLANNED,None
COM-FR-*,REQUIREMENT,Kashyap_Adhikari_Master_Requirements_SDLC_Specification.docx,39. Requirements Traceability Matrix — Module Level,"MOB-027–029, ADM-UI-019–020",Community/moderation APIs,services/api/src/,services/api/test/,Planned for Phase W2 execution,Specification and data schema complete; automated test pending,PLANNED,None
MAP-FR-*,REQUIREMENT,Kashyap_Adhikari_Master_Requirements_SDLC_Specification.docx,39. Requirements Traceability Matrix — Module Level,MOB-030,Map/location service,services/api/src/,services/api/test/,Planned for Phase W2 execution,Specification and data schema complete; automated test pending,PLANNED,None
CHAT-FR-*,REQUIREMENT,Kashyap_Adhikari_Master_Requirements_SDLC_Specification.docx,39. Requirements Traceability Matrix — Module Level,"MOB-031–034, ADM-UI-019–020",Realtime/chat/media,services/api/src/,services/api/test/,Planned for Phase W2 execution,Specification and data schema complete; automated test pending,PLANNED,None
ADM-FR-*,REQUIREMENT,Kashyap_Adhikari_Master_Requirements_SDLC_Specification.docx,39. Requirements Traceability Matrix — Module Level,ADM-UI-001–027,Admin APIs/policies,services/api/src/,services/api/test/,Planned for Phase W2 execution,Specification and data schema complete; automated test pending,PLANNED,None
AUD-FR-*,AUDIT_CONTROL,Kashyap_Adhikari_Master_Requirements_SDLC_Specification.docx,39. Requirements Traceability Matrix — Module Level,ADM-UI-025,Audit/outbox,services/api/src/,services/api/test/,Planned for Phase W2 execution,Specification and data schema complete; automated test pending,PLANNED,None
PRIV-FR-*,REQUIREMENT,Kashyap_Adhikari_Master_Requirements_SDLC_Specification.docx,39. Requirements Traceability Matrix — Module Level,MOB-037/042 + all surfaces,Policy/serializer layer,services/api/src/,services/api/test/,Planned for Phase W2 execution,Specification and data schema complete; automated test pending,PLANNED,None
I18N-FR-*,REQUIREMENT,Kashyap_Adhikari_Master_Requirements_SDLC_Specification.docx,39. Requirements Traceability Matrix — Module Level,All member/admin UI,Localization framework,services/api/src/,services/api/test/,Planned for Phase W2 execution,Specification and data schema complete; automated test pending,PLANNED,None
MEDIA-FR-*,REQUIREMENT,Kashyap_Adhikari_Master_Requirements_SDLC_Specification.docx,39. Requirements Traceability Matrix — Module Level,Profile/community/chat/content,Media service/storage,services/api/src/,services/api/test/,Planned for Phase W2 execution,Specification and data schema complete; automated test pending,PLANNED,None
NFR-*,REQUIREMENT,Kashyap_Adhikari_Master_Requirements_SDLC_Specification.docx,39. Requirements Traceability Matrix — Module Level,Cross-cutting,Platform,services/api/src/,services/api/test/,Planned for Phase W2 execution,Specification and data schema complete; automated test pending,PLANNED,None
SEV-1,REQUIREMENT,Kashyap_Adhikari_Master_Requirements_SDLC_Specification.docx,42. Incident Management,Critical outage/data-integrity/security incident affecting broad production use.,15 minutes,services/api/src/,services/api/test/,Planned for Phase W2 execution,Specification and data schema complete; automated test pending,PLANNED,None
SEV-2,REQUIREMENT,Kashyap_Adhikari_Master_Requirements_SDLC_Specification.docx,42. Incident Management,Major capability unavailable or serious degradation without broad data corruption.,30 minutes,services/api/src/,services/api/test/,Planned for Phase W2 execution,Specification and data schema complete; automated test pending,PLANNED,None
SEV-3,REQUIREMENT,Kashyap_Adhikari_Master_Requirements_SDLC_Specification.docx,42. Incident Management,Limited degradation/workaround exists.,4 business hours,services/api/src/,services/api/test/,Planned for Phase W2 execution,Specification and data schema complete; automated test pending,PLANNED,None
SEV-4,REQUIREMENT,Kashyap_Adhikari_Master_Requirements_SDLC_Specification.docx,42. Incident Management,Minor defect/request with low immediate impact.,Next planned support cycle,services/api/src/,services/api/test/,Planned for Phase W2 execution,Specification and data schema complete; automated test pending,PLANNED,None
View permitted genealogy,REQUIREMENT,Kashyap_Adhikari_Master_Requirements_SDLC_Specification.docx,Appendix A — Roles and Permissions Matrix,Y,Y,services/api/src/,services/api/test/,Planned for Phase W2 execution,Specification and data schema complete; automated test pending,PLANNED,None
Search People,REQUIREMENT,Kashyap_Adhikari_Master_Requirements_SDLC_Specification.docx,Appendix A — Roles and Permissions Matrix,Y,Y,services/api/src/,services/api/test/,Planned for Phase W2 execution,Specification and data schema complete; automated test pending,PLANNED,None
Claim own Person profile,REQUIREMENT,Kashyap_Adhikari_Master_Requirements_SDLC_Specification.docx,Appendix A — Roles and Permissions Matrix,R,R,services/api/src/,services/api/test/,Planned for Phase W2 execution,Specification and data schema complete; automated test pending,PLANNED,None
Approve profile claim,REQUIREMENT,Kashyap_Adhikari_Master_Requirements_SDLC_Specification.docx,Appendix A — Roles and Permissions Matrix,N,A,services/api/src/,services/api/test/,Planned for Phase W2 execution,Specification and data schema complete; automated test pending,PLANNED,None
Propose genealogy addition/correction,REQUIREMENT,Kashyap_Adhikari_Master_Requirements_SDLC_Specification.docx,Appendix A — Roles and Permissions Matrix,R,R,services/api/src/,services/api/test/,Planned for Phase W2 execution,Specification and data schema complete; automated test pending,PLANNED,None
Approve scoped genealogy change,REQUIREMENT,Kashyap_Adhikari_Master_Requirements_SDLC_Specification.docx,Appendix A — Roles and Permissions Matrix,N,A,services/api/src/,services/api/test/,Planned for Phase W2 execution,Specification and data schema complete; automated test pending,PLANNED,None
Resolve cross-branch/sensitive dispute,REQUIREMENT,Kashyap_Adhikari_Master_Requirements_SDLC_Specification.docx,Appendix A — Roles and Permissions Matrix,N,N,services/api/src/,services/api/test/,Planned for Phase W2 execution,Specification and data schema complete; automated test pending,PLANNED,None
Merge duplicate People,REQUIREMENT,Kashyap_Adhikari_Master_Requirements_SDLC_Specification.docx,Appendix A — Roles and Permissions Matrix,N,N,services/api/src/,services/api/test/,Planned for Phase W2 execution,Specification and data schema complete; automated test pending,PLANNED,None
View restricted evidence for assigned review,REQUIREMENT,Kashyap_Adhikari_Master_Requirements_SDLC_Specification.docx,Appendix A — Roles and Permissions Matrix,Own request,Y,services/api/src/,services/api/test/,Planned for Phase W2 execution,Specification and data schema complete; automated test pending,PLANNED,None
Manage branch/verifier assignment,REQUIREMENT,Kashyap_Adhikari_Master_Requirements_SDLC_Specification.docx,Appendix A — Roles and Permissions Matrix,N,N,services/api/src/,services/api/test/,Planned for Phase W2 execution,Specification and data schema complete; automated test pending,PLANNED,None
Edit own permitted profile fields,REQUIREMENT,Kashyap_Adhikari_Master_Requirements_SDLC_Specification.docx,Appendix A — Roles and Permissions Matrix,Y,Y,services/api/src/,services/api/test/,Planned for Phase W2 execution,Specification and data schema complete; automated test pending,PLANNED,None
Change another Person governed details directly,REQUIREMENT,Kashyap_Adhikari_Master_Requirements_SDLC_Specification.docx,Appendix A — Roles and Permissions Matrix,N,Scoped governed action,services/api/src/,services/api/test/,Planned for Phase W2 execution,Specification and data schema complete; automated test pending,PLANNED,None
Create normal community post,REQUIREMENT,Kashyap_Adhikari_Master_Requirements_SDLC_Specification.docx,Appendix A — Roles and Permissions Matrix,Y,Y,services/api/src/,services/api/test/,Planned for Phase W2 execution,Specification and data schema complete; automated test pending,PLANNED,None
Moderate community/report,REQUIREMENT,Kashyap_Adhikari_Master_Requirements_SDLC_Specification.docx,Appendix A — Roles and Permissions Matrix,N,N,services/api/src/,services/api/test/,Planned for Phase W2 execution,Specification and data schema complete; automated test pending,PLANNED,None
Draft cultural content,REQUIREMENT,Kashyap_Adhikari_Master_Requirements_SDLC_Specification.docx,Appendix A — Roles and Permissions Matrix,N,N,services/api/src/,services/api/test/,Planned for Phase W2 execution,Specification and data schema complete; automated test pending,PLANNED,None
Approve authoritative cultural content,REQUIREMENT,Kashyap_Adhikari_Master_Requirements_SDLC_Specification.docx,Appendix A — Roles and Permissions Matrix,N,N,services/api/src/,services/api/test/,Planned for Phase W2 execution,Specification and data schema complete; automated test pending,PLANNED,None
Manage Nata/Saino rule draft/test,REQUIREMENT,Kashyap_Adhikari_Master_Requirements_SDLC_Specification.docx,Appendix A — Roles and Permissions Matrix,N,N,services/api/src/,services/api/test/,Planned for Phase W2 execution,Specification and data schema complete; automated test pending,PLANNED,None
Approve Nata/Saino authority,REQUIREMENT,Kashyap_Adhikari_Master_Requirements_SDLC_Specification.docx,Appendix A — Roles and Permissions Matrix,N,N,services/api/src/,services/api/test/,Planned for Phase W2 execution,Specification and data schema complete; automated test pending,PLANNED,None
Manage/approve Jutho/Tithi rules,REQUIREMENT,Kashyap_Adhikari_Master_Requirements_SDLC_Specification.docx,Appendix A — Roles and Permissions Matrix,N,N,services/api/src/,services/api/test/,Planned for Phase W2 execution,Specification and data schema complete; automated test pending,PLANNED,None
Create family/community event,REQUIREMENT,Kashyap_Adhikari_Master_Requirements_SDLC_Specification.docx,Appendix A — Roles and Permissions Matrix,Y within policy,Y,services/api/src/,services/api/test/,Planned for Phase W2 execution,Specification and data schema complete; automated test pending,PLANNED,None
Create invitation / genealogy audience,REQUIREMENT,Kashyap_Adhikari_Master_Requirements_SDLC_Specification.docx,Appendix A — Roles and Permissions Matrix,Y within policy,Y,services/api/src/,services/api/test/,Planned for Phase W2 execution,Specification and data schema complete; automated test pending,PLANNED,None
Send admin broadcast,REQUIREMENT,Kashyap_Adhikari_Master_Requirements_SDLC_Specification.docx,Appendix A — Roles and Permissions Matrix,N,Scoped,services/api/src/,services/api/test/,Planned for Phase W2 execution,Specification and data schema complete; automated test pending,PLANNED,None
Use direct/group chat,REQUIREMENT,Kashyap_Adhikari_Master_Requirements_SDLC_Specification.docx,Appendix A — Roles and Permissions Matrix,Y,Y,services/api/src/,services/api/test/,Planned for Phase W2 execution,Specification and data schema complete; automated test pending,PLANNED,None
View private chat contents as admin,REQUIREMENT,Kashyap_Adhikari_Master_Requirements_SDLC_Specification.docx,Appendix A — Roles and Permissions Matrix,Own/participant only,Participant only,services/api/src/,services/api/test/,Planned for Phase W2 execution,Specification and data schema complete; automated test pending,PLANNED,None
View audit history,REQUIREMENT,Kashyap_Adhikari_Master_Requirements_SDLC_Specification.docx,Appendix A — Roles and Permissions Matrix,Own request/status,Scoped review history,services/api/src/,services/api/test/,Planned for Phase W2 execution,Specification and data schema complete; automated test pending,PLANNED,None
Manage roles/system configuration,REQUIREMENT,Kashyap_Adhikari_Master_Requirements_SDLC_Specification.docx,Appendix A — Roles and Permissions Matrix,N,N,services/api/src/,services/api/test/,Planned for Phase W2 execution,Specification and data schema complete; automated test pending,PLANNED,None
Execute production import commit,REQUIREMENT,Kashyap_Adhikari_Master_Requirements_SDLC_Specification.docx,Appendix A — Roles and Permissions Matrix,N,N,services/api/src/,services/api/test/,Planned for Phase W2 execution,Specification and data schema complete; automated test pending,PLANNED,None
Export restricted data,REQUIREMENT,Kashyap_Adhikari_Master_Requirements_SDLC_Specification.docx,Appendix A — Roles and Permissions Matrix,N by default,Scoped if approved,services/api/src/,services/api/test/,Planned for Phase W2 execution,Specification and data schema complete; automated test pending,PLANNED,None
NS-001,REQUIREMENT,Kashyap_Adhikari_Master_Requirements_SDLC_Specification.docx,C.1 Nata/Saino Rule Catalogue Template,____________________,____________________,services/api/src/,services/api/test/,Planned for Phase W2 execution,Specification and data schema complete; automated test pending,PLANNED,None
NS-002,REQUIREMENT,Kashyap_Adhikari_Master_Requirements_SDLC_Specification.docx,C.1 Nata/Saino Rule Catalogue Template,____________________,____________________,services/api/src/,services/api/test/,Planned for Phase W2 execution,Specification and data schema complete; automated test pending,PLANNED,None
NS-003,REQUIREMENT,Kashyap_Adhikari_Master_Requirements_SDLC_Specification.docx,C.1 Nata/Saino Rule Catalogue Template,____________________,____________________,services/api/src/,services/api/test/,Planned for Phase W2 execution,Specification and data schema complete; automated test pending,PLANNED,None
JT-001,REQUIREMENT,Kashyap_Adhikari_Master_Requirements_SDLC_Specification.docx,C.2 Jutho Rule Catalogue Template,____________________,13/5/3/1/0,services/api/src/,services/api/test/,Planned for Phase W2 execution,Specification and data schema complete; automated test pending,PLANNED,None
JT-002,REQUIREMENT,Kashyap_Adhikari_Master_Requirements_SDLC_Specification.docx,C.2 Jutho Rule Catalogue Template,____________________,13/5/3/1/0,services/api/src/,services/api/test/,Planned for Phase W2 execution,Specification and data schema complete; automated test pending,PLANNED,None
JT-003,REQUIREMENT,Kashyap_Adhikari_Master_Requirements_SDLC_Specification.docx,C.2 Jutho Rule Catalogue Template,____________________,13/5/3/1/0,services/api/src/,services/api/test/,Planned for Phase W2 execution,Specification and data schema complete; automated test pending,PLANNED,None
CAL-R-001,REQUIREMENT,Kashyap_Adhikari_Master_Requirements_SDLC_Specification.docx,C.3 Tithi / Shraddha / Calendar Rule Template,____________________,BS/AD/Tithi,services/api/src/,services/api/test/,Planned for Phase W2 execution,Specification and data schema complete; automated test pending,PLANNED,None
CAL-R-002,REQUIREMENT,Kashyap_Adhikari_Master_Requirements_SDLC_Specification.docx,C.3 Tithi / Shraddha / Calendar Rule Template,____________________,BS/AD/Tithi,services/api/src/,services/api/test/,Planned for Phase W2 execution,Specification and data schema complete; automated test pending,PLANNED,None
person_id,DATA_CONTROL,Kashyap_Adhikari_Master_Requirements_SDLC_Specification.docx,Appendix D — Critical Data Dictionary,Permanent canonical genealogy ID.,UUID/string ID,services/api/src/,services/api/test/,Planned for Phase W2 execution,Specification and data schema complete; automated test pending,PLANNED,None
user_id,DATA_CONTROL,Kashyap_Adhikari_Master_Requirements_SDLC_Specification.docx,Appendix D — Critical Data Dictionary,Authentication account ID.,UUID/string ID,services/api/src/,services/api/test/,Planned for Phase W2 execution,Specification and data schema complete; automated test pending,PLANNED,None
linked_person_id,DATA_CONTROL,Kashyap_Adhikari_Master_Requirements_SDLC_Specification.docx,Appendix D — Critical Data Dictionary,Approved Person controlled by account.,FK Person,services/api/src/,services/api/test/,Planned for Phase W2 execution,Specification and data schema complete; automated test pending,PLANNED,None
phone_e164,DATA_CONTROL,Kashyap_Adhikari_Master_Requirements_SDLC_Specification.docx,Appendix D — Critical Data Dictionary,Normalized verified mobile.,String,services/api/src/,services/api/test/,Planned for Phase W2 execution,Specification and data schema complete; automated test pending,PLANNED,None
account_status,DATA_CONTROL,Kashyap_Adhikari_Master_Requirements_SDLC_Specification.docx,Appendix D — Critical Data Dictionary,Active/restricted/deactivated/etc.,Enum,services/api/src/,services/api/test/,Planned for Phase W2 execution,Specification and data schema complete; automated test pending,PLANNED,None
primary_name,DATA_CONTROL,Kashyap_Adhikari_Master_Requirements_SDLC_Specification.docx,Appendix D — Critical Data Dictionary,Canonical display/source name.,Unicode string,services/api/src/,services/api/test/,Planned for Phase W2 execution,Specification and data schema complete; automated test pending,PLANNED,None
name_alias,DATA_CONTROL,Kashyap_Adhikari_Master_Requirements_SDLC_Specification.docx,Appendix D — Critical Data Dictionary,Alternate spelling/transliteration.,Unicode string,services/api/src/,services/api/test/,Planned for Phase W2 execution,Specification and data schema complete; automated test pending,PLANNED,None
sex_gender_domain,DATA_CONTROL,Kashyap_Adhikari_Master_Requirements_SDLC_Specification.docx,Appendix D — Critical Data Dictionary,Domain attribute used only where required by approved genealogy/relationship rules and privacy policy.,Controlled enum/value,services/api/src/,services/api/test/,Planned for Phase W2 execution,Specification and data schema complete; automated test pending,PLANNED,None
birth_date_source,DATA_CONTROL,Kashyap_Adhikari_Master_Requirements_SDLC_Specification.docx,Appendix D — Critical Data Dictionary,Original birth date semantics/value.,Structured date,services/api/src/,services/api/test/,Planned for Phase W2 execution,Specification and data schema complete; automated test pending,PLANNED,None
death_date_source,DATA_CONTROL,Kashyap_Adhikari_Master_Requirements_SDLC_Specification.docx,Appendix D — Critical Data Dictionary,Approved death date semantics/value.,Structured date,services/api/src/,services/api/test/,Planned for Phase W2 execution,Specification and data schema complete; automated test pending,PLANNED,None
life_status,DATA_CONTROL,Kashyap_Adhikari_Master_Requirements_SDLC_Specification.docx,Appendix D — Critical Data Dictionary,Living/deceased/unknown as supported.,Enum,services/api/src/,services/api/test/,Planned for Phase W2 execution,Specification and data schema complete; automated test pending,PLANNED,None
branch_id,DATA_CONTROL,Kashyap_Adhikari_Master_Requirements_SDLC_Specification.docx,Appendix D — Critical Data Dictionary,Approved lineage/branch reference.,FK,services/api/src/,services/api/test/,Planned for Phase W2 execution,Specification and data schema complete; automated test pending,PLANNED,None
generation,DATA_CONTROL,Kashyap_Adhikari_Master_Requirements_SDLC_Specification.docx,Appendix D — Critical Data Dictionary,Approved genealogy generation indicator.,Integer/ref,services/api/src/,services/api/test/,Planned for Phase W2 execution,Specification and data schema complete; automated test pending,PLANNED,None
parent_person_id,DATA_CONTROL,Kashyap_Adhikari_Master_Requirements_SDLC_Specification.docx,Appendix D — Critical Data Dictionary,Parent in direct verified link.,FK,services/api/src/,services/api/test/,Planned for Phase W2 execution,Specification and data schema complete; automated test pending,PLANNED,None
child_person_id,DATA_CONTROL,Kashyap_Adhikari_Master_Requirements_SDLC_Specification.docx,Appendix D — Critical Data Dictionary,Child in direct verified link.,FK,services/api/src/,services/api/test/,Planned for Phase W2 execution,Specification and data schema complete; automated test pending,PLANNED,None
"spouse_a_id ,   spouse_b_id",DATA_CONTROL,Kashyap_Adhikari_Master_Requirements_SDLC_Specification.docx,Appendix D — Critical Data Dictionary,Canonical spouse pair.,FKs,services/api/src/,services/api/test/,Planned for Phase W2 execution,Specification and data schema complete; automated test pending,PLANNED,None
verification_status,DATA_CONTROL,Kashyap_Adhikari_Master_Requirements_SDLC_Specification.docx,Appendix D — Critical Data Dictionary,Trust state of fact/request/content.,Enum,services/api/src/,services/api/test/,Planned for Phase W2 execution,Specification and data schema complete; automated test pending,PLANNED,None
source_reference,DATA_CONTROL,Kashyap_Adhikari_Master_Requirements_SDLC_Specification.docx,Appendix D — Critical Data Dictionary,Provenance/source citation or import reference.,String/JSON ref,services/api/src/,services/api/test/,Planned for Phase W2 execution,Specification and data schema complete; automated test pending,PLANNED,None
claim_status,DATA_CONTROL,Kashyap_Adhikari_Master_Requirements_SDLC_Specification.docx,Appendix D — Critical Data Dictionary,Claim workflow state.,Enum,services/api/src/,services/api/test/,Planned for Phase W2 execution,Specification and data schema complete; automated test pending,PLANNED,None
request_before,DATA_CONTROL,Kashyap_Adhikari_Master_Requirements_SDLC_Specification.docx,Appendix D — Critical Data Dictionary,Snapshot before proposed change.,Structured JSON,services/api/src/,services/api/test/,Planned for Phase W2 execution,Specification and data schema complete; automated test pending,PLANNED,None
request_proposed,DATA_CONTROL,Kashyap_Adhikari_Master_Requirements_SDLC_Specification.docx,Appendix D — Critical Data Dictionary,Proposed change snapshot.,Structured JSON,services/api/src/,services/api/test/,Planned for Phase W2 execution,Specification and data schema complete; automated test pending,PLANNED,None
decision_reason,DATA_CONTROL,Kashyap_Adhikari_Master_Requirements_SDLC_Specification.docx,Appendix D — Critical Data Dictionary,Reviewer rationale.,Text,services/api/src/,services/api/test/,Planned for Phase W2 execution,Specification and data schema complete; automated test pending,PLANNED,None
visibility,DATA_CONTROL,Kashyap_Adhikari_Master_Requirements_SDLC_Specification.docx,Appendix D — Critical Data Dictionary,Field/entity audience.,Enum/policy,services/api/src/,services/api/test/,Planned for Phase W2 execution,Specification and data schema complete; automated test pending,PLANNED,None
"latitude ,   longitude",DATA_CONTROL,Kashyap_Adhikari_Master_Requirements_SDLC_Specification.docx,Appendix D — Critical Data Dictionary,Precise location when explicitly collected.,Decimal/geography,services/api/src/,services/api/test/,Planned for Phase W2 execution,Specification and data schema complete; automated test pending,PLANNED,None
location_precision,DATA_CONTROL,Kashyap_Adhikari_Master_Requirements_SDLC_Specification.docx,Appendix D — Critical Data Dictionary,Exact/locality/district/etc.,Enum,services/api/src/,services/api/test/,Planned for Phase W2 execution,Specification and data schema complete; automated test pending,PLANNED,None
relationship_rule_version,DATA_CONTROL,Kashyap_Adhikari_Master_Requirements_SDLC_Specification.docx,Appendix D — Critical Data Dictionary,Rule version used for terminology.,Version ID,services/api/src/,services/api/test/,Planned for Phase W2 execution,Specification and data schema complete; automated test pending,PLANNED,None
jutho_rule_version,DATA_CONTROL,Kashyap_Adhikari_Master_Requirements_SDLC_Specification.docx,Appendix D — Critical Data Dictionary,Jutho rule version used.,Version ID,services/api/src/,services/api/test/,Planned for Phase W2 execution,Specification and data schema complete; automated test pending,PLANNED,None
calendar_rule_version,DATA_CONTROL,Kashyap_Adhikari_Master_Requirements_SDLC_Specification.docx,Appendix D — Critical Data Dictionary,Tithi/calendar rule/source used.,Version ID,services/api/src/,services/api/test/,Planned for Phase W2 execution,Specification and data schema complete; automated test pending,PLANNED,None
event_date_model,DATA_CONTROL,Kashyap_Adhikari_Master_Requirements_SDLC_Specification.docx,Appendix D — Critical Data Dictionary,AD/BS/Tithi source and normalized values.,Structured date,services/api/src/,services/api/test/,Planned for Phase W2 execution,Specification and data schema complete; automated test pending,PLANNED,None
invitation_recipient_snapshot,DATA_CONTROL,Kashyap_Adhikari_Master_Requirements_SDLC_Specification.docx,Appendix D — Critical Data Dictionary,Resolved audience membership at send.,Recipient rows/snapshot,services/api/src/,services/api/test/,Planned for Phase W2 execution,Specification and data schema complete; automated test pending,PLANNED,None
rsvp_status,DATA_CONTROL,Kashyap_Adhikari_Master_Requirements_SDLC_Specification.docx,Appendix D — Critical Data Dictionary,Attending/Not Attending/Maybe/no response.,Enum,services/api/src/,services/api/test/,Planned for Phase W2 execution,Specification and data schema complete; automated test pending,PLANNED,None
media_status,DATA_CONTROL,Kashyap_Adhikari_Master_Requirements_SDLC_Specification.docx,Appendix D — Critical Data Dictionary,Upload/scan/ready/rejected/deleted state.,Enum,services/api/src/,services/api/test/,Planned for Phase W2 execution,Specification and data schema complete; automated test pending,PLANNED,None
message_id,DATA_CONTROL,Kashyap_Adhikari_Master_Requirements_SDLC_Specification.docx,Appendix D — Critical Data Dictionary,Stable message identifier/idempotency anchor.,UUID/string,services/api/src/,services/api/test/,Planned for Phase W2 execution,Specification and data schema complete; automated test pending,PLANNED,None
audit_event_id,DATA_CONTROL,Kashyap_Adhikari_Master_Requirements_SDLC_Specification.docx,Appendix D — Critical Data Dictionary,Immutable material-action record ID.,UUID/string,services/api/src/,services/api/test/,Planned for Phase W2 execution,Specification and data schema complete; automated test pending,PLANNED,None
correlation_id,DATA_CONTROL,Kashyap_Adhikari_Master_Requirements_SDLC_Specification.docx,Appendix D — Critical Data Dictionary,Links request/job/audit flow.,String,services/api/src/,services/api/test/,Planned for Phase W2 execution,Specification and data schema complete; automated test pending,PLANNED,None
Product model,REQUIREMENT,Kashyap_Adhikari_Master_Requirements_SDLC_Specification.docx,Appendix G — Final Release 1.0 Decision Register,One genealogy-centered mobile/community platform plus web governance portal and shared backend,One genealogy-centered mobile/community platform plus web governance portal and shared backend,services/api/src/,services/api/test/,Planned for Phase W2 execution,Specification and data schema complete; automated test pending,PLANNED,None
Release scope,REQUIREMENT,Kashyap_Adhikari_Master_Requirements_SDLC_Specification.docx,Appendix G — Final Release 1.0 Decision Register,Every feature in approved requirements is Release 1.0; no intentional feature deferral,Every feature in approved requirements is Release 1.0; no intentional feature deferral,services/api/src/,services/api/test/,Planned for Phase W2 execution,Specification and data schema complete; automated test pending,PLANNED,None
Mobile,REQUIREMENT,Kashyap_Adhikari_Master_Requirements_SDLC_Specification.docx,Appendix G — Final Release 1.0 Decision Register,Flutter Android + iOS,Flutter Android + iOS,services/api/src/,services/api/test/,Planned for Phase W2 execution,Specification and data schema complete; automated test pending,PLANNED,None
Admin,REQUIREMENT,Kashyap_Adhikari_Master_Requirements_SDLC_Specification.docx,Appendix G — Final Release 1.0 Decision Register,Next.js TypeScript web portal,Next.js TypeScript web portal,services/api/src/,services/api/test/,Planned for Phase W2 execution,Specification and data schema complete; automated test pending,PLANNED,None
Backend,REQUIREMENT,Kashyap_Adhikari_Master_Requirements_SDLC_Specification.docx,Appendix G — Final Release 1.0 Decision Register,NestJS TypeScript modular architecture,NestJS TypeScript modular architecture,services/api/src/,services/api/test/,Planned for Phase W2 execution,Specification and data schema complete; automated test pending,PLANNED,None
Primary DB,REQUIREMENT,Kashyap_Adhikari_Master_Requirements_SDLC_Specification.docx,Appendix G — Final Release 1.0 Decision Register,PostgreSQL,PostgreSQL,services/api/src/,services/api/test/,Planned for Phase W2 execution,Specification and data schema complete; automated test pending,PLANNED,None
Cache/ephemeral,REQUIREMENT,Kashyap_Adhikari_Master_Requirements_SDLC_Specification.docx,Appendix G — Final Release 1.0 Decision Register,Redis,Redis,services/api/src/,services/api/test/,Planned for Phase W2 execution,Specification and data schema complete; automated test pending,PLANNED,None
APIs,REQUIREMENT,Kashyap_Adhikari_Master_Requirements_SDLC_Specification.docx,Appendix G — Final Release 1.0 Decision Register,REST/OpenAPI + WebSocket realtime,REST/OpenAPI + WebSocket realtime,services/api/src/,services/api/test/,Planned for Phase W2 execution,Specification and data schema complete; automated test pending,PLANNED,None
Authentication,REQUIREMENT,Kashyap_Adhikari_Master_Requirements_SDLC_Specification.docx,Appendix G — Final Release 1.0 Decision Register,Mobile OTP with secure sessions; privileged admin controls strengthened,Mobile OTP with secure sessions; privileged admin controls strengthened,services/api/src/,services/api/test/,Planned for Phase W2 execution,Specification and data schema complete; automated test pending,PLANNED,None
Person vs User,REQUIREMENT,Kashyap_Adhikari_Master_Requirements_SDLC_Specification.docx,Appendix G — Final Release 1.0 Decision Register,Separate; Person can exist without account,Separate; Person can exist without account,services/api/src/,services/api/test/,Planned for Phase W2 execution,Specification and data schema complete; automated test pending,PLANNED,None
Genealogy mutation,REQUIREMENT,Kashyap_Adhikari_Master_Requirements_SDLC_Specification.docx,Appendix G — Final Release 1.0 Decision Register,Governed request/approval or authorized audited administrative/import workflow,Governed request/approval or authorized audited administrative/import workflow,services/api/src/,services/api/test/,Planned for Phase W2 execution,Specification and data schema complete; automated test pending,PLANNED,None
Direct facts,REQUIREMENT,Kashyap_Adhikari_Master_Requirements_SDLC_Specification.docx,Appendix G — Final Release 1.0 Decision Register,Parent-child and spouse/approved direct links as trusted graph foundation,Parent-child and spouse/approved direct links as trusted graph foundation,services/api/src/,services/api/test/,Planned for Phase W2 execution,Specification and data schema complete; automated test pending,PLANNED,None
Derived relationships,REQUIREMENT,Kashyap_Adhikari_Master_Requirements_SDLC_Specification.docx,Appendix G — Final Release 1.0 Decision Register,Calculated; culturally labeled by approved Nata/Saino rule set,Calculated; culturally labeled by approved Nata/Saino rule set,services/api/src/,services/api/test/,Planned for Phase W2 execution,Specification and data schema complete; automated test pending,PLANNED,None
Duplicate management,REQUIREMENT,Kashyap_Adhikari_Master_Requirements_SDLC_Specification.docx,Appendix G — Final Release 1.0 Decision Register,Mandatory candidate check and governed merge,Mandatory candidate check and governed merge,services/api/src/,services/api/test/,Planned for Phase W2 execution,Specification and data schema complete; automated test pending,PLANNED,None
Nata/Saino,REQUIREMENT,Kashyap_Adhikari_Master_Requirements_SDLC_Specification.docx,Appendix G — Final Release 1.0 Decision Register,Full Release 1.0 engine; authoritative rule catalogue signed before GA,Full Release 1.0 engine; authoritative rule catalogue signed before GA,services/api/src/,services/api/test/,Planned for Phase W2 execution,Specification and data schema complete; automated test pending,PLANNED,None
Tithi/Shraddha,REQUIREMENT,Kashyap_Adhikari_Master_Requirements_SDLC_Specification.docx,Appendix G — Final Release 1.0 Decision Register,Release 1.0 approved rule/source integration with provenance/versioning,Release 1.0 approved rule/source integration with provenance/versioning,services/api/src/,services/api/test/,Planned for Phase W2 execution,Specification and data schema complete; automated test pending,PLANNED,None
Cultural content,REQUIREMENT,Kashyap_Adhikari_Master_Requirements_SDLC_Specification.docx,Appendix G — Final Release 1.0 Decision Register,CMS + approval + bilingual publication,CMS + approval + bilingual publication,services/api/src/,services/api/test/,Planned for Phase W2 execution,Specification and data schema complete; automated test pending,PLANNED,None
Calendar/events,REQUIREMENT,Kashyap_Adhikari_Master_Requirements_SDLC_Specification.docx,Appendix G — Final Release 1.0 Decision Register,"BS/AD/Tithi context, all documented event types","BS/AD/Tithi context, all documented event types",services/api/src/,services/api/test/,Planned for Phase W2 execution,Specification and data schema complete; automated test pending,PLANNED,None
Household map,REQUIREMENT,Kashyap_Adhikari_Master_Requirements_SDLC_Specification.docx,Appendix G — Final Release 1.0 Decision Register,Release 1.0 with privacy-preserving location precision,Release 1.0 with privacy-preserving location precision,services/api/src/,services/api/test/,Planned for Phase W2 execution,Specification and data schema complete; automated test pending,PLANNED,None
Messaging,REQUIREMENT,Kashyap_Adhikari_Master_Requirements_SDLC_Specification.docx,Appendix G — Final Release 1.0 Decision Register,One-to-one and group chat + media + receipts + offline behavior + safety controls,One-to-one and group chat + media + receipts + offline behavior + safety controls,services/api/src/,services/api/test/,Planned for Phase W2 execution,Specification and data schema complete; automated test pending,PLANNED,None
Languages,REQUIREMENT,Kashyap_Adhikari_Master_Requirements_SDLC_Specification.docx,Appendix G — Final Release 1.0 Decision Register,Nepali and English,Nepali and English,services/api/src/,services/api/test/,Planned for Phase W2 execution,Specification and data schema complete; automated test pending,PLANNED,None
Backup/DR,REQUIREMENT,Kashyap_Adhikari_Master_Requirements_SDLC_Specification.docx,Appendix G — Final Release 1.0 Decision Register,"RPO <= 15 min, RTO <= 4 h baseline; restore testing required","RPO <= 15 min, RTO <= 4 h baseline; restore testing required",services/api/src/,services/api/test/,Planned for Phase W2 execution,Specification and data schema complete; automated test pending,PLANNED,None
Legal/privacy,REQUIREMENT,Kashyap_Adhikari_Master_Requirements_SDLC_Specification.docx,Appendix G — Final Release 1.0 Decision Register,Formal Nepal-oriented review required before GA,Formal Nepal-oriented review required before GA,services/api/src/,services/api/test/,Planned for Phase W2 execution,Specification and data schema complete; automated test pending,PLANNED,None
Production quality,REQUIREMENT,Kashyap_Adhikari_Master_Requirements_SDLC_Specification.docx,Appendix G — Final Release 1.0 Decision Register,"Security, performance, migration, accessibility/localization, operations and UAT release gates are mandatory","Security, performance, migration, accessibility/localization, operations and UAT release gates are mandatory",services/api/src/,services/api/test/,Planned for Phase W2 execution,Specification and data schema complete; automated test pending,PLANNED,None
Business Sponsor,REQUIREMENT,Kashyap_Adhikari_Master_Requirements_SDLC_Specification.docx,Appendix I — Final Stakeholder Sign-Off,____________________,____________________,services/api/src/,services/api/test/,Planned for Phase W2 execution,Specification and data schema complete; automated test pending,PLANNED,None
Product Vision,REQUIREMENT,Kashyap_Adhikari_Master_Requirements_SDLC_Specification.docx,Appendix J — Pre-Development Documentation Coverage Matrix,Section 1,"Signed product purpose, users, value, vision, objectives and metrics",services/api/src/,services/api/test/,Planned for Phase W2 execution,Specification and data schema complete; automated test pending,PLANNED,None
Business Requirements Document,REQUIREMENT,Kashyap_Adhikari_Master_Requirements_SDLC_Specification.docx,Appendix J — Pre-Development Documentation Coverage Matrix,"Sections 1–7, 10, 48; Appendices A, C, G","Business capabilities, governance, processes, constraints, acceptance and decisions frozen",services/api/src/,services/api/test/,Planned for Phase W2 execution,Specification and data schema complete; automated test pending,PLANNED,None
Product Requirements Document,REQUIREMENT,Kashyap_Adhikari_Master_Requirements_SDLC_Specification.docx,Appendix J — Pre-Development Documentation Coverage Matrix,"Sections 2–6, 8–10, 33–34","Personas, complete R1 feature scope, user needs, metrics, assumptions, dependencies and delivery plan",services/api/src/,services/api/test/,Planned for Phase W2 execution,Specification and data schema complete; automated test pending,PLANNED,None
Product Roadmap,REQUIREMENT,Kashyap_Adhikari_Master_Requirements_SDLC_Specification.docx,Appendix J — Pre-Development Documentation Coverage Matrix,"Sections 33–34, 38","Integrated Release 1.0 workstreams, SDLC milestones, dependencies and launch gates",services/api/src/,services/api/test/,Planned for Phase W2 execution,Specification and data schema complete; automated test pending,PLANNED,None
Software Requirements Specification,REQUIREMENT,Kashyap_Adhikari_Master_Requirements_SDLC_Specification.docx,Appendix J — Pre-Development Documentation Coverage Matrix,"Sections 8–10, 26–28",Unique functional/NFR IDs and measurable acceptance,services/api/src/,services/api/test/,Planned for Phase W2 execution,Specification and data schema complete; automated test pending,PLANNED,None
Use Cases & User Journeys,REQUIREMENT,Kashyap_Adhikari_Master_Requirements_SDLC_Specification.docx,Appendix J — Pre-Development Documentation Coverage Matrix,"Section 5, Section 25, Appendix B","Actor, precondition, trigger, flows, failures, postcondition, notifications and acceptance",services/api/src/,services/api/test/,Planned for Phase W2 execution,Specification and data schema complete; automated test pending,PLANNED,None
Roles & Permissions Matrix,REQUIREMENT,Kashyap_Adhikari_Master_Requirements_SDLC_Specification.docx,Appendix J — Pre-Development Documentation Coverage Matrix,"Section 2, Appendix A",View/create/request/approve/reject/manage/export/audit authority defined,services/api/src/,services/api/test/,Planned for Phase W2 execution,Specification and data schema complete; automated test pending,PLANNED,None
Requirements Traceability Matrix,REQUIREMENT,Kashyap_Adhikari_Master_Requirements_SDLC_Specification.docx,Appendix J — Pre-Development Documentation Coverage Matrix,Section 39,Requirements mapped to screens/API/tests/release status; line-level matrix maintained during delivery,services/api/src/,services/api/test/,Planned for Phase W2 execution,Specification and data schema complete; automated test pending,PLANNED,None
Information Architecture,REQUIREMENT,Kashyap_Adhikari_Master_Requirements_SDLC_Specification.docx,Appendix J — Pre-Development Documentation Coverage Matrix,Section 11,"Member/admin navigation, grouping, search and role-based access",services/api/src/,services/api/test/,Planned for Phase W2 execution,Specification and data schema complete; automated test pending,PLANNED,None
User Flow Diagrams,REQUIREMENT,Kashyap_Adhikari_Master_Requirements_SDLC_Specification.docx,Appendix J — Pre-Development Documentation Coverage Matrix,Approval diagram + Section 25 sequence views/specifications + Appendix B,Authentication/core/admin/recovery flows captured and implemented in final UX artifacts,services/api/src/,services/api/test/,Planned for Phase W2 execution,Specification and data schema complete; automated test pending,PLANNED,None
Screen Inventory & UX Specification,REQUIREMENT,Kashyap_Adhikari_Master_Requirements_SDLC_Specification.docx,Appendix J — Pre-Development Documentation Coverage Matrix,Section 12,MOB-001..042 and ADM-UI-001..027 plus standard state contract,services/api/src/,services/api/test/,Planned for Phase W2 execution,Specification and data schema complete; automated test pending,PLANNED,None
Design System,REQUIREMENT,Kashyap_Adhikari_Master_Requirements_SDLC_Specification.docx,Appendix J — Pre-Development Documentation Coverage Matrix,Section 13,"Visual principles, tokens, typography, components, states and tree UX",services/api/src/,services/api/test/,Planned for Phase W2 execution,Specification and data schema complete; automated test pending,PLANNED,None
Content & Localization Guide,REQUIREMENT,Kashyap_Adhikari_Master_Requirements_SDLC_Specification.docx,Appendix J — Pre-Development Documentation Coverage Matrix,Section 14,"Terminology, tone, translation, dates, bilingual rules",services/api/src/,services/api/test/,Planned for Phase W2 execution,Specification and data schema complete; automated test pending,PLANNED,None
Domain Model,REQUIREMENT,Kashyap_Adhikari_Master_Requirements_SDLC_Specification.docx,Appendix J — Pre-Development Documentation Coverage Matrix,Section 15,"Entities, relationships, invariants, ownership and lifecycles",services/api/src/,services/api/test/,Planned for Phase W2 execution,Specification and data schema complete; automated test pending,PLANNED,None
Business Rules Catalogue,REQUIREMENT,Kashyap_Adhikari_Master_Requirements_SDLC_Specification.docx,Appendix J — Pre-Development Documentation Coverage Matrix,Section 7 + Appendix C,Central rule IDs; authoritative cultural tables signed,services/api/src/,services/api/test/,Planned for Phase W2 execution,Specification and data schema complete; automated test pending,PLANNED,None
State-Machine Specifications,REQUIREMENT,Kashyap_Adhikari_Master_Requirements_SDLC_Specification.docx,Appendix J — Pre-Development Documentation Coverage Matrix,Section 16,"Lifecycle states, actors, side effects and reversal principle",services/api/src/,services/api/test/,Planned for Phase W2 execution,Specification and data schema complete; automated test pending,PLANNED,None
Data Governance Specification,REQUIREMENT,Kashyap_Adhikari_Master_Requirements_SDLC_Specification.docx,Appendix J — Pre-Development Documentation Coverage Matrix,Section 17,"Source of truth, verification, correction, duplicates, provenance and stewardship",services/api/src/,services/api/test/,Planned for Phase W2 execution,Specification and data schema complete; automated test pending,PLANNED,None
Conceptual Data Model,REQUIREMENT,Kashyap_Adhikari_Master_Requirements_SDLC_Specification.docx,Appendix J — Pre-Development Documentation Coverage Matrix,Section 15 + ERD,High-level entities and relationships,services/api/src/,services/api/test/,Planned for Phase W2 execution,Specification and data schema complete; automated test pending,PLANNED,None
Logical Data Model,REQUIREMENT,Kashyap_Adhikari_Master_Requirements_SDLC_Specification.docx,Appendix J — Pre-Development Documentation Coverage Matrix,"Sections 15, 18","Detailed aggregates, relationships and constraints",services/api/src/,services/api/test/,Planned for Phase W2 execution,Specification and data schema complete; automated test pending,PLANNED,None
Physical Database Design,REQUIREMENT,Kashyap_Adhikari_Master_Requirements_SDLC_Specification.docx,Appendix J — Pre-Development Documentation Coverage Matrix,Section 18,"Tables, keys/constraints/indexing/audit/soft deletion baseline; migration DDL produced during build",services/api/src/,services/api/test/,Planned for Phase W2 execution,Specification and data schema complete; automated test pending,PLANNED,None
Entity Relationship Diagram,REQUIREMENT,Kashyap_Adhikari_Master_Requirements_SDLC_Specification.docx,Appendix J — Pre-Development Documentation Coverage Matrix,Section 15 figure,Core ERD baseline; implementation ERD maintained with migrations,services/api/src/,services/api/test/,Planned for Phase W2 execution,Specification and data schema complete; automated test pending,PLANNED,None
Data Dictionary,REQUIREMENT,Kashyap_Adhikari_Master_Requirements_SDLC_Specification.docx,Appendix J — Pre-Development Documentation Coverage Matrix,Appendix D,Critical fields defined; implementation expands to every physical column/API field,services/api/src/,services/api/test/,Planned for Phase W2 execution,Specification and data schema complete; automated test pending,PLANNED,None
Data Migration & Import Plan,REQUIREMENT,Kashyap_Adhikari_Master_Requirements_SDLC_Specification.docx,Appendix J — Pre-Development Documentation Coverage Matrix,Section 19,"Sources, mapping, cleansing, duplicate detection, dry run, reconciliation and rollback",services/api/src/,services/api/test/,Planned for Phase W2 execution,Specification and data schema complete; automated test pending,PLANNED,None
Backup & Recovery Plan,REQUIREMENT,Kashyap_Adhikari_Master_Requirements_SDLC_Specification.docx,Appendix J — Pre-Development Documentation Coverage Matrix,Section 28,Frequency/retention/encryption/restore/RPO/RTO/testing,services/api/src/,services/api/test/,Planned for Phase W2 execution,Specification and data schema complete; automated test pending,PLANNED,None
System Architecture Document,REQUIREMENT,Kashyap_Adhikari_Master_Requirements_SDLC_Specification.docx,Appendix J — Pre-Development Documentation Coverage Matrix,"Sections 20–22, 26–28, 40","Context, components, technology, topology, scaling, boundaries and failure handling",services/api/src/,services/api/test/,Planned for Phase W2 execution,Specification and data schema complete; automated test pending,PLANNED,None
Architecture Diagrams,REQUIREMENT,Kashyap_Adhikari_Master_Requirements_SDLC_Specification.docx,Appendix J — Pre-Development Documentation Coverage Matrix,"Sections 20, 25.7, 40","Context, container, component, deployment, sequence and data-flow views",services/api/src/,services/api/test/,Planned for Phase W2 execution,Specification and data schema complete; automated test pending,PLANNED,None
Architecture Decision Records,REQUIREMENT,Kashyap_Adhikari_Master_Requirements_SDLC_Specification.docx,Appendix J — Pre-Development Documentation Coverage Matrix,Section 21,Initial decisions; full ADR files maintained in repository,services/api/src/,services/api/test/,Planned for Phase W2 execution,Specification and data schema complete; automated test pending,PLANNED,None
Integration Specification,REQUIREMENT,Kashyap_Adhikari_Master_Requirements_SDLC_Specification.docx,Appendix J — Pre-Development Documentation Coverage Matrix,Section 22,Auth/data/limits/failure/security/cost concerns for external services,services/api/src/,services/api/test/,Planned for Phase W2 execution,Specification and data schema complete; automated test pending,PLANNED,None
Non-Functional Requirements,REQUIREMENT,Kashyap_Adhikari_Master_Requirements_SDLC_Specification.docx,Appendix J — Pre-Development Documentation Coverage Matrix,Section 9,"Performance, scalability, availability, reliability, accessibility, maintainability, observability, compatibility, localization, retention/DR",services/api/src/,services/api/test/,Planned for Phase W2 execution,Specification and data schema complete; automated test pending,PLANNED,None
API Specification,REQUIREMENT,Kashyap_Adhikari_Master_Requirements_SDLC_Specification.docx,Appendix J — Pre-Development Documentation Coverage Matrix,Section 23,REST/WebSocket conventions and endpoint catalogue; OpenAPI becomes executable contract,services/api/src/,services/api/test/,Planned for Phase W2 execution,Specification and data schema complete; automated test pending,PLANNED,None
Error Catalogue,REQUIREMENT,Kashyap_Adhikari_Master_Requirements_SDLC_Specification.docx,Appendix J — Pre-Development Documentation Coverage Matrix,Section 24,"Stable codes, user meaning, HTTP/class, retry/logging",services/api/src/,services/api/test/,Planned for Phase W2 execution,Specification and data schema complete; automated test pending,PLANNED,None
Sequence Diagrams,REQUIREMENT,Kashyap_Adhikari_Master_Requirements_SDLC_Specification.docx,Appendix J — Pre-Development Documentation Coverage Matrix,Section 25.7 + Section 25 narrative,Critical authentication/approval/merge/invitation/messaging interactions,services/api/src/,services/api/test/,Planned for Phase W2 execution,Specification and data schema complete; automated test pending,PLANNED,None
Coding Standards,REQUIREMENT,Kashyap_Adhikari_Master_Requirements_SDLC_Specification.docx,Appendix J — Pre-Development Documentation Coverage Matrix,Section 30,"Structure, naming principles, validation, error/logging, testing/security expectations",services/api/src/,services/api/test/,Planned for Phase W2 execution,Specification and data schema complete; automated test pending,PLANNED,None
Repository & Branching Strategy,REQUIREMENT,Kashyap_Adhikari_Master_Requirements_SDLC_Specification.docx,Appendix J — Pre-Development Documentation Coverage Matrix,"Sections 29, 31","Monorepo structure, branch/commit/PR/check/version rules",services/api/src/,services/api/test/,Planned for Phase W2 execution,Specification and data schema complete; automated test pending,PLANNED,None
Security Requirements,REQUIREMENT,Kashyap_Adhikari_Master_Requirements_SDLC_Specification.docx,Appendix J — Pre-Development Documentation Coverage Matrix,"Sections 26–28, 45, 48","Authentication, authorization, sessions, encryption, secrets, validation, rate limits, audit, files, admin controls and privacy operations",services/api/src/,services/api/test/,Planned for Phase W2 execution,Specification and data schema complete; automated test pending,PLANNED,None
Original Stakeholder Requirements,REQUIREMENT,Kashyap_Adhikari_Master_Requirements_SDLC_Specification.docx,Appendix J — Pre-Development Documentation Coverage Matrix,Appendix K,"All 15 original needs explicitly mapped to product modules, requirement IDs and acceptance evidence",services/api/src/,services/api/test/,Planned for Phase W2 execution,Specification and data schema complete; automated test pending,PLANNED,None
BRD Governance Requirements,REQUIREMENT,Kashyap_Adhikari_Master_Requirements_SDLC_Specification.docx,Appendix J — Pre-Development Documentation Coverage Matrix,Appendix L,BR-GOV-001 through BR-GOV-015 are authoritative and testable,services/api/src/,services/api/test/,Planned for Phase W2 execution,Specification and data schema complete; automated test pending,PLANNED,None
Quality Target Reconciliation,REQUIREMENT,Kashyap_Adhikari_Master_Requirements_SDLC_Specification.docx,Appendix J — Pre-Development Documentation Coverage Matrix,Appendix M,Stricter Master targets explicitly supersede BRD minimums without weakening scope,services/api/src/,services/api/test/,Planned for Phase W2 execution,Specification and data schema complete; automated test pending,PLANNED,None
Legal and Authority Register,REQUIREMENT,Kashyap_Adhikari_Master_Requirements_SDLC_Specification.docx,Appendix J — Pre-Development Documentation Coverage Matrix,Appendix N,"Official Nepal Law Commission sources, legal-review limitations and domain authority gates recorded",services/api/src/,services/api/test/,Planned for Phase W2 execution,Specification and data schema complete; automated test pending,PLANNED,None
OR-01,REQUIREMENT,Kashyap_Adhikari_Master_Requirements_SDLC_Specification.docx,Appendix K — Original Stakeholder Requirements Coverage,Personal member account,"Identity, profile, privacy, sessions",services/api/src/,services/api/test/,Planned for Phase W2 execution,Specification and data schema complete; automated test pending,PLANNED,None
OR-02,REQUIREMENT,Kashyap_Adhikari_Master_Requirements_SDLC_Specification.docx,Appendix K — Original Stakeholder Requirements Coverage,Detailed information about Kashyap Rishi,Cultural and historical hub,services/api/src/,services/api/test/,Planned for Phase W2 execution,Specification and data schema complete; automated test pending,PLANNED,None
OR-03,REQUIREMENT,Kashyap_Adhikari_Master_Requirements_SDLC_Specification.docx,Appendix K — Original Stakeholder Requirements Coverage,Information about Bindabasini Devi,Cultural and historical hub,services/api/src/,services/api/test/,Planned for Phase W2 execution,Specification and data schema complete; automated test pending,PLANNED,None
OR-04,REQUIREMENT,Kashyap_Adhikari_Master_Requirements_SDLC_Specification.docx,Appendix K — Original Stakeholder Requirements Coverage,"Goth Puja, Dewali/Devali and other Puja procedures",Cultural CMS and governed rules,services/api/src/,services/api/test/,Planned for Phase W2 execution,Specification and data schema complete; automated test pending,PLANNED,None
OR-05,REQUIREMENT,Kashyap_Adhikari_Master_Requirements_SDLC_Specification.docx,Appendix K — Original Stakeholder Requirements Coverage,History of Adhikari families,History archive and search,services/api/src/,services/api/test/,Planned for Phase W2 execution,Specification and data schema complete; automated test pending,PLANNED,None
OR-06,REQUIREMENT,Kashyap_Adhikari_Master_Requirements_SDLC_Specification.docx,Appendix K — Original Stakeholder Requirements Coverage,Detailed genealogy/family tree,"Person graph, tree and relationship engine",services/api/src/,services/api/test/,Planned for Phase W2 execution,Specification and data schema complete; automated test pending,PLANNED,None
OR-07,REQUIREMENT,Kashyap_Adhikari_Master_Requirements_SDLC_Specification.docx,Appendix K — Original Stakeholder Requirements Coverage,Community-wide news and notices,Moderated community posts and broadcasts,services/api/src/,services/api/test/,Planned for Phase W2 execution,Specification and data schema complete; automated test pending,PLANNED,None
OR-08,REQUIREMENT,Kashyap_Adhikari_Master_Requirements_SDLC_Specification.docx,Appendix K — Original Stakeholder Requirements Coverage,Private chat rooms,Group messaging,services/api/src/,services/api/test/,Planned for Phase W2 execution,Specification and data schema complete; automated test pending,PLANNED,None
OR-09,REQUIREMENT,Kashyap_Adhikari_Master_Requirements_SDLC_Specification.docx,Appendix K — Original Stakeholder Requirements Coverage,Personal messaging,One-to-one messaging,services/api/src/,services/api/test/,Planned for Phase W2 execution,Specification and data schema complete; automated test pending,PLANNED,None
OR-10,REQUIREMENT,Kashyap_Adhikari_Master_Requirements_SDLC_Specification.docx,Appendix K — Original Stakeholder Requirements Coverage,Account with photograph and basic details,Profile and secure media,services/api/src/,services/api/test/,Planned for Phase W2 execution,Specification and data schema complete; automated test pending,PLANNED,None
OR-11,REQUIREMENT,Kashyap_Adhikari_Master_Requirements_SDLC_Specification.docx,Appendix K — Original Stakeholder Requirements Coverage,Nepali and English languages,Localization and terminology governance,services/api/src/,services/api/test/,Planned for Phase W2 execution,Specification and data schema complete; automated test pending,PLANNED,None
OR-12,REQUIREMENT,Kashyap_Adhikari_Master_Requirements_SDLC_Specification.docx,Appendix K — Original Stakeholder Requirements Coverage,"Administration portal for broadcasts, verification and approvals",Web governance portal,services/api/src/,services/api/test/,Planned for Phase W2 execution,Specification and data schema complete; automated test pending,PLANNED,None
OR-13,REQUIREMENT,Kashyap_Adhikari_Master_Requirements_SDLC_Specification.docx,Appendix K — Original Stakeholder Requirements Coverage,Access for Adhikari families throughout Nepal,National mobile availability and scalable services,services/api/src/,services/api/test/,Planned for Phase W2 execution,Specification and data schema complete; automated test pending,PLANNED,None
OR-14,REQUIREMENT,Kashyap_Adhikari_Master_Requirements_SDLC_Specification.docx,Appendix K — Original Stakeholder Requirements Coverage,Phone registration with administrative verification,OTP plus profile-claim workflow,services/api/src/,services/api/test/,Planned for Phase W2 execution,Specification and data schema complete; automated test pending,PLANNED,None
OR-15,REQUIREMENT,Kashyap_Adhikari_Master_Requirements_SDLC_Specification.docx,Appendix K — Original Stakeholder Requirements Coverage,Member family-tree contribution with admin validation,Governed genealogy change requests,services/api/src/,services/api/test/,Planned for Phase W2 execution,Specification and data schema complete; automated test pending,PLANNED,None
BR-GOV-001,BUSINESS_RULE,Kashyap_Adhikari_Master_Requirements_SDLC_Specification.docx,Appendix L — Consolidated BRD Governance Requirements,Person identity is independent of authentication account.,Create/view a deceased or non-user Person without creating credentials.,services/api/src/,services/api/test/,Planned for Phase W2 execution,Specification and data schema complete; automated test pending,PLANNED,None
BR-GOV-002,BUSINESS_RULE,Kashyap_Adhikari_Master_Requirements_SDLC_Specification.docx,Appendix L — Consolidated BRD Governance Requirements,"Every Person has an immutable, never-reused Person ID.",Merge and account closure retain canonical and historical identifier traceability.,services/api/src/,services/api/test/,Planned for Phase W2 execution,Specification and data schema complete; automated test pending,PLANNED,None
BR-GOV-003,BUSINESS_RULE,Kashyap_Adhikari_Master_Requirements_SDLC_Specification.docx,Appendix L — Consolidated BRD Governance Requirements,Members cannot directly mutate the trusted genealogy.,Every member edit becomes a versioned request with status and evidence.,services/api/src/,services/api/test/,Planned for Phase W2 execution,Specification and data schema complete; automated test pending,PLANNED,None
BR-GOV-004,BUSINESS_RULE,Kashyap_Adhikari_Master_Requirements_SDLC_Specification.docx,Appendix L — Consolidated BRD Governance Requirements,A requester cannot approve their own claim or genealogy change.,Authorization test rejects self-approval and records the attempt.,services/api/src/,services/api/test/,Planned for Phase W2 execution,Specification and data schema complete; automated test pending,PLANNED,None
BR-GOV-005,BUSINESS_RULE,Kashyap_Adhikari_Master_Requirements_SDLC_Specification.docx,Appendix L — Consolidated BRD Governance Requirements,Verifier decisions are limited to assigned branch/family scope.,Out-of-scope work is denied or escalated to authorized governance.,services/api/src/,services/api/test/,Planned for Phase W2 execution,Specification and data schema complete; automated test pending,PLANNED,None
BR-GOV-006,BUSINESS_RULE,Kashyap_Adhikari_Master_Requirements_SDLC_Specification.docx,Appendix L — Consolidated BRD Governance Requirements,An author cannot self-approve authoritative cultural rules/content.,Draft and approval actors are distinct in publication audit history.,services/api/src/,services/api/test/,Planned for Phase W2 execution,Specification and data schema complete; automated test pending,PLANNED,None
BR-GOV-007,BUSINESS_RULE,Kashyap_Adhikari_Master_Requirements_SDLC_Specification.docx,Appendix L — Consolidated BRD Governance Requirements,Privileged administration uses named accounts and MFA.,Shared admin identities are prohibited; privileged sessions prove MFA.,services/api/src/,services/api/test/,Planned for Phase W2 execution,Specification and data schema complete; automated test pending,PLANNED,None
BR-GOV-008,BUSINESS_RULE,Kashyap_Adhikari_Master_Requirements_SDLC_Specification.docx,Appendix L — Consolidated BRD Governance Requirements,"Material reads/writes, decisions and role changes are tamper-evidently audited.","Actor, time, target, action, outcome and authorized before/after context are retained.",services/api/src/,services/api/test/,Planned for Phase W2 execution,Specification and data schema complete; automated test pending,PLANNED,None
BR-GOV-009,BUSINESS_RULE,Kashyap_Adhikari_Master_Requirements_SDLC_Specification.docx,Appendix L — Consolidated BRD Governance Requirements,"Merge, rollback, sensitive export and impersonation require elevated authorization.",Step-up/dual control applies as configured and is independently reviewable.,services/api/src/,services/api/test/,Planned for Phase W2 execution,Specification and data schema complete; automated test pending,PLANNED,None
BR-GOV-010,BUSINESS_RULE,Kashyap_Adhikari_Master_Requirements_SDLC_Specification.docx,Appendix L — Consolidated BRD Governance Requirements,"Living-person, contact and location visibility is privacy-restrictive by default.","Anonymous/ordinary users cannot obtain protected fields through UI, search, export or API.",services/api/src/,services/api/test/,Planned for Phase W2 execution,Specification and data schema complete; automated test pending,PLANNED,None
BR-GOV-011,BUSINESS_RULE,Kashyap_Adhikari_Master_Requirements_SDLC_Specification.docx,Appendix L — Consolidated BRD Governance Requirements,"Consent, purpose limitation and data-subject request workflows are mandatory.","Access, correction, restriction, closure and complaint cases complete within approved policy/SLA.",services/api/src/,services/api/test/,Planned for Phase W2 execution,Specification and data schema complete; automated test pending,PLANNED,None
BR-GOV-012,BUSINESS_RULE,Kashyap_Adhikari_Master_Requirements_SDLC_Specification.docx,Appendix L — Consolidated BRD Governance Requirements,Personal/genealogy data is not sold or used for genealogy-based behavioural advertising.,"Policy, vendor and analytics reviews confirm prohibited processing is absent.",services/api/src/,services/api/test/,Planned for Phase W2 execution,Specification and data schema complete; automated test pending,PLANNED,None
BR-GOV-013,BUSINESS_RULE,Kashyap_Adhikari_Master_Requirements_SDLC_Specification.docx,Appendix L — Consolidated BRD Governance Requirements,Minor-linked actions and exposure use guardian/representation safeguards.,"Unnecessary contact, precise residence, school/work context and media remain restricted.",services/api/src/,services/api/test/,Planned for Phase W2 execution,Specification and data schema complete; automated test pending,PLANNED,None
BR-GOV-014,BUSINESS_RULE,Kashyap_Adhikari_Master_Requirements_SDLC_Specification.docx,Appendix L — Consolidated BRD Governance Requirements,"Disputes, cross-branch conflicts and irreversible/high-impact actions escalate to Super Admin or named authority.","Escalation captures rationale, evidence, decision, notification and appeal/rollback route.",services/api/src/,services/api/test/,Planned for Phase W2 execution,Specification and data schema complete; automated test pending,PLANNED,None
BR-GOV-015,BUSINESS_RULE,Kashyap_Adhikari_Master_Requirements_SDLC_Specification.docx,Appendix L — Consolidated BRD Governance Requirements,"Nata/Saino, Jutho, Tithi/Shraddha and authoritative cultural behaviour is versioned and authority-approved.",Every authoritative output records approved rule/source version and explainable input path.,services/api/src/,services/api/test/,Planned for Phase W2 execution,Specification and data schema complete; automated test pending,PLANNED,None
Standard API reads,REQUIREMENT,Kashyap_Adhikari_Master_Requirements_SDLC_Specification.docx,Appendix M — Quality Target and Requirement Precedence,BRD p95 ≤2 s,Master normal cached/simple reads p95 ≤500 ms,services/api/src/,services/api/test/,Planned for Phase W2 execution,Specification and data schema complete; automated test pending,PLANNED,None
Standard writes,REQUIREMENT,Kashyap_Adhikari_Master_Requirements_SDLC_Specification.docx,Appendix M — Quality Target and Requirement Precedence,BRD p95 ≤2 s,Master p95 ≤800 ms,services/api/src/,services/api/test/,Planned for Phase W2 execution,Specification and data schema complete; automated test pending,PLANNED,None
Core/tree experience,REQUIREMENT,Kashyap_Adhikari_Master_Requirements_SDLC_Specification.docx,Appendix M — Quality Target and Requirement Precedence,BRD usable ≤3 s,Master visible family-tree context p95 ≤2 s,services/api/src/,services/api/test/,Planned for Phase W2 execution,Specification and data schema complete; automated test pending,PLANNED,None
Recovery point objective,REQUIREMENT,Kashyap_Adhikari_Master_Requirements_SDLC_Specification.docx,Appendix M — Quality Target and Requirement Precedence,BRD RPO ≤24 h,Master RPO ≤15 min,services/api/src/,services/api/test/,Planned for Phase W2 execution,Specification and data schema complete; automated test pending,PLANNED,None
Recovery time objective,REQUIREMENT,Kashyap_Adhikari_Master_Requirements_SDLC_Specification.docx,Appendix M — Quality Target and Requirement Precedence,BRD RTO ≤8 h,Master RTO ≤4 h,services/api/src/,services/api/test/,Planned for Phase W2 execution,Specification and data schema complete; automated test pending,PLANNED,None
Restore validation,REQUIREMENT,Kashyap_Adhikari_Master_Requirements_SDLC_Specification.docx,Appendix M — Quality Target and Requirement Precedence,BRD at least twice yearly,Master quarterly production-like rehearsal,services/api/src/,services/api/test/,Planned for Phase W2 execution,Specification and data schema complete; automated test pending,PLANNED,None
Launch vulnerabilities,REQUIREMENT,Kashyap_Adhikari_Master_Requirements_SDLC_Specification.docx,Appendix M — Quality Target and Requirement Precedence,BRD no unresolved Critical/High unless formally accepted,Master zero known Critical/High exploitable vulnerabilities,services/api/src/,services/api/test/,Planned for Phase W2 execution,Specification and data schema complete; automated test pending,PLANNED,None
"Nepal Law Commission — Privacy Act, 2075",REQUIREMENT,Kashyap_Adhikari_Master_Requirements_SDLC_Specification.docx,Appendix N — Authoritative Legal and Domain Reference Register,"Privacy of personal/family information; processing, disclosure and protection review.",https://lawcommission.gov.np/content/12261/12261-the-privacy-act-2075/,services/api/src/,services/api/test/,Planned for Phase W2 execution,Specification and data schema complete; automated test pending,PLANNED,None
"Nepal Law Commission — Individual Privacy Regulation, 2077",REQUIREMENT,Kashyap_Adhikari_Master_Requirements_SDLC_Specification.docx,Appendix N — Authoritative Legal and Domain Reference Register,Operational privacy controls and implementation duties.,https://lawcommission.gov.np/content/12982/12982-personal-privacy-regulation-2/,services/api/src/,services/api/test/,Planned for Phase W2 execution,Specification and data schema complete; automated test pending,PLANNED,None
"Nepal Law Commission — Electronic Transactions Act, 2063 (2008)",REQUIREMENT,Kashyap_Adhikari_Master_Requirements_SDLC_Specification.docx,Appendix N — Authoritative Legal and Domain Reference Register,Electronic records/transactions and cyber-related legal context; confirm amendments.,https://lawcommission.gov.np/content/13397/,services/api/src/,services/api/test/,Planned for Phase W2 execution,Specification and data schema complete; automated test pending,PLANNED,None
"Nepal Law Commission — Act Relating to Children, 2075",REQUIREMENT,Kashyap_Adhikari_Master_Requirements_SDLC_Specification.docx,Appendix N — Authoritative Legal and Domain Reference Register,"Child rights, representation and safeguards for minor profiles/accounts.",https://lawcommission.gov.np/content/12933/12933-the-act-relating-to-children/,services/api/src/,services/api/test/,Planned for Phase W2 execution,Specification and data schema complete; automated test pending,PLANNED,None
Approved Kashyap/Adhikari Nata/Saino catalogue,REQUIREMENT,Kashyap_Adhikari_Master_Requirements_SDLC_Specification.docx,Appendix N — Authoritative Legal and Domain Reference Register,"Binding terms, path priority, gender/context and regional variants.",Signed controlled project artifact,services/api/src/,services/api/test/,Planned for Phase W2 execution,Specification and data schema complete; automated test pending,PLANNED,None
Approved Jutho catalogue,REQUIREMENT,Kashyap_Adhikari_Master_Requirements_SDLC_Specification.docx,Appendix N — Authoritative Legal and Domain Reference Register,"Relationship matrix, duration, exceptions, colors and explanatory wording.",Signed controlled project artifact,services/api/src/,services/api/test/,Planned for Phase W2 execution,Specification and data schema complete; automated test pending,PLANNED,None
Approved calendar/Tithi/Shraddha catalogue,REQUIREMENT,Kashyap_Adhikari_Master_Requirements_SDLC_Specification.docx,Appendix N — Authoritative Legal and Domain Reference Register,"Sources, conversion, recurrence, timezone and exception rules.",Signed controlled project artifact,services/api/src/,services/api/test/,Planned for Phase W2 execution,Specification and data schema complete; automated test pending,PLANNED,None
Approved cultural/history source canon,REQUIREMENT,Kashyap_Adhikari_Master_Requirements_SDLC_Specification.docx,Appendix N — Authoritative Legal and Domain Reference Register,"Publication sources, editorial standards and approval panel.",Signed controlled project artifact,services/api/src/,services/api/test/,Planned for Phase W2 execution,Specification and data schema complete; automated test pending,PLANNED,None
OD-01,REQUIREMENT,Kashyap_Adhikari_Master_Requirements_SDLC_Specification.docx,"N.1 Open Decisions That Block Configuration, UAT or Production Activation","Authoritative Nata/Saino terminology, priority and regional variants",Community/Religious Authority,services/api/src/,services/api/test/,Planned for Phase W2 execution,Specification and data schema complete; automated test pending,PLANNED,None
OD-02,REQUIREMENT,Kashyap_Adhikari_Master_Requirements_SDLC_Specification.docx,"N.1 Open Decisions That Block Configuration, UAT or Production Activation","Jutho relationship matrix, durations, exceptions, colors and interpretation",Community/Religious Authority,services/api/src/,services/api/test/,Planned for Phase W2 execution,Specification and data schema complete; automated test pending,PLANNED,None
OD-03,REQUIREMENT,Kashyap_Adhikari_Master_Requirements_SDLC_Specification.docx,"N.1 Open Decisions That Block Configuration, UAT or Production Activation","Tithi/BS/Gregorian source, conversion and recurrence rules",Community/Religious Authority + Product Owner,services/api/src/,services/api/test/,Planned for Phase W2 execution,Specification and data schema complete; automated test pending,PLANNED,None
OD-04,REQUIREMENT,Kashyap_Adhikari_Master_Requirements_SDLC_Specification.docx,"N.1 Open Decisions That Block Configuration, UAT or Production Activation",Cultural/historical source canon and approval panel,Governing Committee,services/api/src/,services/api/test/,Planned for Phase W2 execution,Specification and data schema complete; automated test pending,PLANNED,None
OD-05,REQUIREMENT,Kashyap_Adhikari_Master_Requirements_SDLC_Specification.docx,"N.1 Open Decisions That Block Configuration, UAT or Production Activation","Named role holders, branch scopes and escalation chain",Business Sponsor,services/api/src/,services/api/test/,Planned for Phase W2 execution,Specification and data schema complete; automated test pending,PLANNED,None
OD-06,REQUIREMENT,Kashyap_Adhikari_Master_Requirements_SDLC_Specification.docx,"N.1 Open Decisions That Block Configuration, UAT or Production Activation","Detailed retention periods, lawful basis and deletion/archival treatment",Privacy/Security Reviewer + Legal Counsel,services/api/src/,services/api/test/,Planned for Phase W2 execution,Specification and data schema complete; automated test pending,PLANNED,None
OD-07,REQUIREMENT,Kashyap_Adhikari_Master_Requirements_SDLC_Specification.docx,"N.1 Open Decisions That Block Configuration, UAT or Production Activation","Forecast users/data/concurrency, moderation/support staffing and operating budget",Business Sponsor + Product Owner,services/api/src/,services/api/test/,Planned for Phase W2 execution,Specification and data schema complete; automated test pending,PLANNED,None
